Emirate,Police Station,Year,Month,Date,City,Road,Report Number,Day,Week,Report type,Reasons,Computed,Streets,Street,Place,Location,lighting,Weather,Road surface,Intersection,Accident Type,Nationalities,Seat Belt,Injured person position,Injured person's seat,Degree of the injury,Age of the injured,Gender,Gender of the injured,Inp Age,Age Group,Date - Month,Nationality of the Injured person,Day,Iac Rep Time,Time,Age Group - Ministry,Computed2,Area,Block,Str Code,Accident Description,Location,Fasten seat belt,Road speed limit,Pedestrian action,Number of Lanes
Abu Dhabi,Shaabiya Police Station,2012,January,16-01-12,Abu Dhabi,Internal road,1.0012E+11,16,Third week,Traffic accident with injuries,Not giving way / not giving priority,1,Street Baniyas (Najda)(6),Street Baniyas (Najda)(6),Commercial area,Single road,day,clear,Dry,Not on or around 20 meters,Perpendicular collision,Bangladesh,N,Driver,Driver's seat,Moderate,27,M,Male,27,18 to 30 years,Jan,Asian States,Monday,10:50,AM,18 to 30 years,1,Madinat Zayed (Abu Dhabi),Block 54-1,17,"4659.                 Having surveyed the scene of the accident: - The vehicle causing the accident was heading from the north to the south, while the damaged vehicle (motorbike) was coming from the south to the north, the latter without checking the road resulted in physical damages and the biker got mild injured and taken to hospital for treatment as illustrated in the chart. ",Street off Hazaa Bin Zayed Street,No,40,None,2
Abu Dhabi,Khaldiya Police Station,2012,January,16-01-12,Abu Dhabi,Internal road,1.0012E+11,16,Third week,Traffic accident with injuries,Speedy without taking road conditions into account,1,Street Zayed Al Awal(7),Street Zayed Al Awal(7),Residential area,Double road,night - enough lights,clear,Dry,Turn ,Collision while turning,Uzbekistan,Y,Passenger,Front passenger seat,Minor,30,F,Female,30,18 to 30 years,Jan,Asian States,Monday,14:19,PM,18 to 30 years,1,Khaldiya,Block 73-2,25,"4660.                 Having surveyed the scene of the accident: - The vehicle causing the accident was heading from the east to the west, it turned to a side exit and bumped into left side of the pavement and the rear right side of a stopped vehicle as illustrated in the chart.","Zayed Al Awal Street, Al Khaldiya Area",Yes,40,None,2
Abu Dhabi,Shaabiya Police Station,2012,January,16-01-12,Abu Dhabi,Internal road,1.0012E+11,16,Third week,Traffic accident with injuries,Bypassing the red traffic light,1,IP11 IntersectionZayed Al Awal - Salam,IP11 IntersectionZayed Al Awal - Salam,Commercial area,Intersection,night - enough lights,clear,Dry,Perpendicular Intersection,Perpendicular collision,India,N,Passenger,Front passenger seat,Severe,12,M,Male,12,8 to 17 years,Jan,Asian States,Monday,21:46,PM,Below 18 years,1,Markaziya,Block 53-1,98,"4661.                 Having surveyed the scene of the accident: - The vehicle causing the accident was heading from the east to the west taking the far right lane, while the damaged vehicle was coming from the west to the east taking the third left lane, once the causing arrived the intersection trying to turn to the left, the driver ran the red light, the damaged bumped into the right side of the causing, the latter rolled off 11 meters away, the damaged stopped at the spot, both drivers and another passenger got injured along with physical damages to both vehicles as illustrated in the chart.",Close to Abu Dhabi Commercial Bank and Sarieddine stores,No,60,None,4
Abu Dhabi,Shaabiya Police Station,2012,January,16-01-12,Abu Dhabi,Internal road,1.0012E+11,16,Third week,Traffic accident with injuries,Bypassing the red traffic light,1,IP11 IntersectionZayed Al Awal - Salam,IP11 IntersectionZayed Al Awal - Salam,Commercial area,Intersection,night - enough lights,clear,Dry,Perpendicular Intersection,Perpendicular collision,Palestine,Y,Driver,Driver's seat,Minor,31,M,Male,31,31 to 45 years,Jan,Arab States,Monday,21:46,PM,31 to 45 years,1,Markaziya,Block 53-1,98,"4662.                 Having surveyed the scene of the accident: - The vehicle causing the accident was heading from the east to the west taking the far right lane, while the damaged vehicle was coming from the west to the east taking the third left lane, once the causing arrived the intersection trying to turn to the left, the driver ran the red light, the damaged bumped into the right side of the causing, the latter rolled off 11 meters away, the damaged stopped at the spot, both drivers and another passenger got injured along with physical damages to both vehicles as illustrated in the chart.",Close to Abu Dhabi Commercial Bank and Sarieddine stores,Yes,60,None,4
Abu Dhabi,Shaabiya Police Station,2012,January,16-01-12,Abu Dhabi,Internal road,1.0012E+11,16,Third week,Traffic accident with injuries,Bypassing the red traffic light,1,IP11 IntersectionZayed Al Awal - Salam,IP11 IntersectionZayed Al Awal - Salam,Commercial area,Intersection,night - enough lights,clear,Dry,Perpendicular Intersection,Perpendicular collision,India,Y,Driver,Driver's seat,Minor,51,M,Male,51,46 to 60 years,Jan,Asian States,Monday,21:46,PM,46 to 60 years,1,Markaziya,Block 53-1,98,"4663.                 Having surveyed the scene of the accident: - The vehicle causing the accident was heading from the east to the west taking the far right lane, while the damaged vehicle was coming from the west to the east taking the third left lane, once the causing arrived the intersection trying to turn to the left, the driver ran the red light, the damaged bumped into the right side of the causing, the latter rolled off 11 meters away, the damaged stopped at the spot, both drivers and another passenger got injured along with physical damages to both vehicles as illustrated in the chart.",Close to Abu Dhabi Commercial Bank and Sarieddine stores,Yes,60,None,4
Abu Dhabi,Khaldiya Police Station,2012,January,19-01-12,Abu Dhabi,Internal road,1.0012E+11,19,Third week,Traffic accident with injuries,Bypassing the red traffic light,1,IP3 IntersectionZayed Al Awal - Tariq Bin Zeyad,IP3 IntersectionZayed Al Awal - Tariq Bin Zeyad,Commercial area,Intersection,night - enough lights,clear,Dry,Perpendicular Intersection,Perpendicular collision,UAE,N,Driver,Driver's seat,Minor,43,M,Male,43,31 to 45 years,Jan,UAE,Thursday,11:10,AM,31 to 45 years,1,Al Hosn,Block 33-2,91,"4664.                 Having surveyed the scene of the accident: - The vehicle causing the accident was heading from the north to the south taking the right second lane, the second causing was coming from the south taking the far left lane to the west, both vehicles ran the red light, the second bumped into the left angle of the first, the latter got mild injury along with physical damages to both vehicles as illustrated in the chart.","Zayed Al Awal Street, Inward",No,60,None,3
Abu Dhabi,Al Madina Police Station,2012,January,19-01-12,Abu Dhabi,Internal road,1.0012E+11,19,Third week,Traffic accident with injuries,Speedy without taking road conditions into account,1,IP18 IntersectionHamdan Bin Mohamed - Al Sharqi (Muroor),IP18 IntersectionHamdan Bin Mohamed - Al Sharqi (Muroor),Govt. authority,Double road,day,clear,Dry,Perpendicular Intersection,Person run over,India,N,Pedestrian,No passenger,Death,53,M,Male,53,46 to 60 years,Jan,Asian States,Thursday,17:35,PM,46 to 60 years,1,Markaziya,Block 12-1,105,"4665.                 Having surveyed the scene of the accident: - The vehicle causing the accident was heading from the north the south taking the middle lane, the victim was coming from the east to the west in a line not for pedestrians, the driver misjudged the distance and hit the victim who was flown 15 meters away as illustrated in the chart.","Hamdan Street, Al Markaziya, intersection of Hamdan Street with Al Muroor Street",No,60,"Cross, but not on the crosswalk",3
Abu Dhabi,Al Madina Police Station,2012,January,20-01-12,Abu Dhabi,Internal road,1.0012E+11,20,Third week,Traffic accident with injuries,Misuse of traffic,1,IP18 IntersectionHamdan Bin Mohamed - Al Sharqi (Muroor),IP18 IntersectionHamdan Bin Mohamed - Al Sharqi (Muroor),Commercial area,Intersection,night - enough lights,clear,Dry,Perpendicular Intersection,Person run over,Britain,N,Pedestrian,No passenger,Moderate,52,M,Male,52,46 to 60 years,Jan,Other,Friday,3:07,PM,46 to 60 years,1,Markaziya,Block 12-1,105,"4666.                 Having surveyed the scene of the accident: - The vehicle causing the accident was heading from the west the east taking the middle lane, the victim was crossing a line for pedestrians under the influence of alcohol, the driver misjudged the distance and hit the victim as illustrated in the chart.","Al Markaziya, Al Dhafra Street, intersection of Hamdan Street with Al Dhafra Street",No,60,Cross on the crosswalk of the intersection,3
Abu Dhabi,Shaabiya Police Station,2012,January,20-01-12,Abu Dhabi,Internal road,1.0012E+11,20,Third week,Traffic accident with injuries,Not giving priority to pedestrian crossing,1,Street Zayed Al Awal(7),Street Zayed Al Awal(7),Commercial area,Double road,day,clear,Dry,Not on or around 20 meters,Person run over,Ethiopia,N,Pedestrian,No passenger,Severe,24,F,Female,24,18 to 30 years,Jan,Other,Friday,14:29,PM,18 to 30 years,1,Mina,Block 74-1,25,"4667.                 Having surveyed the scene of the accident: - The vehicle causing the accident was heading from the south the north taking the middle lane, the victim was crossing from the east to the west, the driver neglected the pedestrians and bumped into the right side of the victim who was taken to hospital as illustrated in the chart.","Zayed Al Thani Street, opposite Subaru Agency",No,60,Cross on crosswalk not in the intersection,3
Abu Dhabi,Al Madina Police Station,2012,January,20-01-12,Abu Dhabi,Internal road,1.0012E+11,20,Third week,Traffic accident with injuries,Misuse of traffic,1,Street Mina(3),Street Mina(3),Commercial area,Single road,night - enough lights,clear,Dry,Not on or around 20 meters,Person run over,India,N,Pedestrian,No passenger,Moderate,3,M,Male,3,1 to 7 years,Jan,Asian States,Friday,17:50,PM,Below 18 years,1,Mina,Block 91-1,30,"4668.                 Having surveyed the scene of the accident: - The vehicle causing the accident was heading from the east the west in the area surrounding Zayed Port, the victim was unattended child crossing a line not for pedestrians, the front right side of the vehicle hit the child who fell to ground sustained with the bleeding in the head and multiple fractures as illustrated in the chart.",Fish Market area behind Al Dhafra Restaurant,No,40,"Cross, there's no crosswalk",2
Abu Dhabi,Shaabiya Police Station,2012,January,21-01-12,Abu Dhabi,Internal road,1.0012E+11,21,Third week,Traffic accident with injuries,Bypassing the red traffic light,1,IP75D IntersectionAl Sharqi (Muroor) - Street 31,IP75D IntersectionAl Sharqi (Muroor) - Street 31,Residential area,Intersection,day,clear,Dry,Perpendicular Intersection,Perpendicular collision,Jordan,Y,Passenger,Back passenger seat,Minor,3,M,Male,3,1 to 7 years,Jan,Arab States,Saturday,14:55,PM,Below 18 years,1,Hadbat Al Zafaran,Block 25-1,186,"4669.                 Having surveyed the scene of the accident: - The vehicle causing the accident was heading from east to the west taking the left lane to Sheikh Rashed bin Saeed St.,  the damaged vehicle was coming from the west to the east taking the middle lane, once it arrived the intersection, the causing ran the red light and bumped into the front part of the other,  the latter swerved off and hit the pavement, the damaged one swerved and bumped into the filter triangle, the, the two drivers and two passenger got injured who received treatment and discharged in a mild general condition.The accident is charted and necessary actions are made.         ","Al Dhafra Street, Al Muroor intersection with 31st Street, Al Haraj intersection",Yes,60,None,4
Abu Dhabi,Shaabiya Police Station,2012,January,21-01-12,Abu Dhabi,Internal road,1.0012E+11,21,Third week,Traffic accident with injuries,Bypassing the red traffic light,1,IP75D IntersectionAl Sharqi (Muroor) - Street 31,IP75D IntersectionAl Sharqi (Muroor) - Street 31,Residential area,Intersection,day,clear,Dry,Perpendicular Intersection,Perpendicular collision,Jordan,Y,Passenger,Front passenger seat,Minor,12,M,Male,12,8 to 17 years,Jan,Arab States,Saturday,14:55,PM,Below 18 years,1,Hadbat Al Zafaran,Block 25-1,186,"4670.                 Having surveyed the scene of the accident: - The vehicle causing the accident was heading from east to the west taking the left lane to Sheikh Rashed bin Saeed St.,  the damaged vehicle was coming from the west to the east taking the middle lane, once it arrived the intersection, the causing ran the red light and bumped into the front part of the other,  the latter swerved off and hit the pavement, the damaged one swerved and bumped into the filter triangle, the, the two drivers and two passenger got injured who received treatment and discharged in a mild general condition. The accident is charted and necessary actions are made.         ","Al Dhafra Street, Al Muroor intersection with 31st Street, Al Haraj intersection",Yes,60,None,4
Abu Dhabi,Shaabiya Police Station,2012,January,21-01-12,Abu Dhabi,Internal road,1.0012E+11,21,Third week,Traffic accident with injuries,Bypassing the red traffic light,1,IP75D IntersectionAl Sharqi (Muroor) - Street 31,IP75D IntersectionAl Sharqi (Muroor) - Street 31,Residential area,Intersection,day,clear,Dry,Perpendicular Intersection,Perpendicular collision,Jordan,N,Passenger,Back passenger seat,Minor,5,F,Female,5,1 to 7 years,Jan,Arab States,Saturday,14:55,PM,Below 18 years,1,Hadbat Al Zafaran,Block 25-1,186,"4671.                 Having surveyed the scene of the accident: - The vehicle causing the accident was heading from east to the west taking the left lane to Sheikh Rashed bin Saeed St.,  the damaged vehicle was coming from the west to the east taking the middle lane, once it arrived the intersection, the causing ran the red light and bumped into the front part of the other,  the latter swerved off and hit the pavement, the damaged one swerved and bumped into the filter triangle, the, the two drivers and two passenger got injured who received treatment and discharged in a mild general condition. The accident is charted and necessary actions are made.         ","Al Dhafra Street, Al Muroor intersection with 31st Street, Al Haraj intersection",No,60,None,4
Abu Dhabi,Shaabiya Police Station,2012,January,21-01-12,Abu Dhabi,Internal road,1.0012E+11,21,Third week,Traffic accident with injuries,Bypassing the red traffic light,1,IP75D IntersectionAl Sharqi (Muroor) - Street 31,IP75D IntersectionAl Sharqi (Muroor) - Street 31,Residential area,Intersection,day,clear,Dry,Perpendicular Intersection,Perpendicular collision,Jordan,N,Passenger,Back passenger seat,Minor,6,F,Female,6,1 to 7 years,Jan,Arab States,Saturday,14:55,PM,Below 18 years,1,Hadbat Al Zafaran,Block 25-1,186,"4672.                 Having surveyed the scene of the accident: - The vehicle causing the accident was heading from east to the west taking the left lane to Sheikh Rashed bin Saeed St.,  the damaged vehicle was coming from the west to the east taking the middle lane, once it arrived the intersection, the causing ran the red light and bumped into the front part of the other,  the latter swerved off and hit the pavement, the damaged one swerved and bumped into the filter triangle, the, the two drivers and two passenger got injured who received treatment and discharged in a mild general condition. The accident is charted and necessary actions are made.         ","Al Dhafra Street, Al Muroor intersection with 31st Street, Al Haraj intersection",No,60,None,4
Abu Dhabi,Shaabiya Police Station,2012,January,21-01-12,Abu Dhabi,Internal road,1.0012E+11,21,Third week,Traffic accident with injuries,Bypassing the red traffic light,1,IP75D IntersectionAl Sharqi (Muroor) - Street 31,IP75D IntersectionAl Sharqi (Muroor) - Street 31,Residential area,Intersection,day,clear,Dry,Perpendicular Intersection,Perpendicular collision,Jordan,Y,Driver,Driver's seat,Minor,42,F,Female,42,31 to 45 years,Jan,Arab States,Saturday,14:55,PM,31 to 45 years,1,Hadbat Al Zafaran,Block 25-1,186,"4673.                 Having surveyed the scene of the accident: - The vehicle causing the accident was heading from east to the west taking the left lane to Sheikh Rashed bin Saeed St.,  the damaged vehicle was coming from the west to the east taking the middle lane, once it arrived the intersection, the causing ran the red light and bumped into the front part of the other,  the latter swerved off and hit the pavement, the damaged one swerved and bumped into the filter triangle, the, the two drivers and two passenger got injured who received treatment and discharged in a mild general condition. The accident is charted and necessary actions are made.         ","Al Dhafra Street, Al Muroor intersection with 31st Street, Al Haraj intersection",Yes,60,None,4
Abu Dhabi,Shaabiya Police Station,2012,January,22-01-12,Abu Dhabi,Internal road,1.0012E+11,22,Fourth week,Traffic accident with injuries,Bypassing the red traffic light,1,IP11A Street Salam (IntersectionFood Control Agency),IP11A Street Salam (IntersectionFood Control Agency),Residential area,Intersection,night - enough lights,clear,Dry,Perpendicular Intersection,Perpendicular collision,Egypt,N,Driver,Driver's seat,Minor,31,M,Male,31,31 to 45 years,Jan,Arab States,Sunday,22:30,PM,31 to 45 years,1,Madinat Zayed (Abu Dhabi),Block 54-1,145,"4674.                 Having surveyed the scene of the accident: - The vehicle causing the accident was heading from east to the west taking the fifth left lane, the damaged vehicle was coming from the west to the north taking the second lane, the causing ran the red light and bumped into the latter, the driver got injured along with physical damages to both vehicles. The accident is charted and necessary actions are made.         ","Al Salam Street, intersection with Dubai Islamic Bank",No,60,None,7
Abu Dhabi,Shaabiya Police Station,2012,January,22-01-12,Abu Dhabi,Internal road,1.0012E+11,22,Fourth week,Traffic accident with injuries,Not leaving enough space,1,IP41A Street Mina (Intersection??????? ???????),IP41A Street Mina (Intersection??????? ???????),Commercial area,Double road,night - enough lights,clear,Dry,Perpendicular Intersection,Rear collision,UAE,N,Passenger,Back passenger seat,Moderate,32,F,Female,32,31 to 45 years,Jan,UAE,Sunday,23:35,PM,31 to 45 years,1,Mina,Block 71-1,118,"4675.                 Having surveyed the scene of the accident: - The damaged vehicle was heading from west to the east taking first left lane, the first causing vehicle was heading from west to the east taking first left lane, the second causing one was heading from west to the east taking first left lane, due to the little distance between, the first causing hit the rear part of the damaged, the second causing was behind the first keeping little distance, it bumped into the rear of the first, the driver and the passenger of the damaged got injured and taken to hospital   along with physical damages to all vehicles. The accident is charted and necessary actions are made.         ","Al Firdous Street, intersection with Dana Hotel",No,60,None,3
Abu Dhabi,Al Madina Police Station,2012,January,25-01-12,Abu Dhabi,Internal road,1.0012E+11,25,Fourth week,Traffic accident with injuries,Ignoring road lane,1,Street Yas1,Street Yas1,Bridge / Tunnel,Bridge /  Tunnel,day,clear,Dry,Other,Perpendicular collision,Morocco,Y,Passenger,Front passenger seat,Minor,25,M,Male,25,18 to 30 years,Jan,Arab States,Wednesday,12:25,PM,18 to 30 years,1,Yas Island,Not Identified,935,"4676.                 Having surveyed the scene of the accident: - The vehicle causing the accident was heading from west to the east taking the far left lane, the driver broke the rules so it bumped into the left pavement, the power of collision made the latter swerving to the right, from behind a vehicle was coming and hit into, then it rolled off and turned back to the opposite pavement, the drivers and passengers got injured along with physical damages to the vehicles. The accident is charted and necessary actions are made.         ","Yas Street, under Saadiyat Bridge",Yes,100,None,5
Abu Dhabi,Al Madina Police Station,2012,January,25-01-12,Abu Dhabi,Internal road,1.0012E+11,25,Fourth week,Traffic accident with injuries,Ignoring road lane,1,Street Yas1,Street Yas1,Bridge / Tunnel,Bridge /  Tunnel,day,clear,Dry,Other,Perpendicular collision,Morocco,Y,Driver,Driver's seat,Minor,29,F,Female,29,18 to 30 years,Jan,Arab States,Wednesday,12:25,PM,18 to 30 years,1,Yas Island,Not Identified,935,"4677.                 Having surveyed the scene of the accident: - The vehicle causing the accident was heading from west to the east taking the far left lane, the driver broke the rules so it bumped into the left pavement, the power of collision made the latter swerving to the right, from behind a vehicle was coming and hit into, then it rolled off and turned back to the opposite pavement, the drivers and passengers got injured along with physical damages to the vehicles. The accident is charted and necessary actions are made.         ","Yas Street, under Saadiyat Bridge",Yes,100,None,5
Abu Dhabi,Shaabiya Police Station,2012,January,25-01-12,Abu Dhabi,Internal road,1.0012E+11,25,Fourth week,Traffic accident with injuries,Speedy without taking road conditions into account,1,Street Falah(9),Street Falah(9),Commercial area,Side parking,day,clear,Dry,Not on Intersection,Person run over,UAE,N,Pedestrian,No passenger,Severe,8,M,Male,8,8 to 17 years,Jan,UAE,Wednesday,13:35,PM,Below 18 years,1,Madinat Zayed (Abu Dhabi),Block 54-1,24,"4678.                 Having surveyed the scene of the accident: - The vehicle causing the accident was heading from east to the west taking the right lane, once the driver crossed the pedestrian line he surprised by a child taking the direction of the vehicle, the front part of the vehicle hit the child, the latter seriously injured and taken to Khalifa Hospital. The accident is charted and necessary actions are made.         ",Al Falah Street (Barhuz),No,20,"Cross, but not on the crosswalk",1
Abu Dhabi,Khaldiya Police Station,2012,January,26-01-12,Abu Dhabi,Internal road,1.0012E+11,26,Fourth week,Traffic accident with injuries,Ignoring road lane,1,IP47 IntersectionRashed Bin Saeed Al-Maktoum - Delma,IP47 IntersectionRashed Bin Saeed Al-Maktoum - Delma,Commercial area,Intersection,night - enough lights,clear,Dry,Perpendicular Intersection,Person run over,India,N,Pedestrian,No passenger,Moderate,43,M,Male,43,31 to 45 years,Jan,Asian States,Thursday,21:50,PM,31 to 45 years,1,Karama,Block 16-2,170,"4679.                 Having surveyed the scene of the accident: - The vehicle causing the accident was heading from west to the east taking the far left lane, the driver broke the traffic rules and bumped into barriers erected on the left, the fragments of the broken barriers flown to the victim, the vehicle kept moving until it fell into a pit. The accident is charted and necessary actions are made.         ","The intersection of Sheikh Rashid Bin Saeed Street with Delma Street, Al Ashghal intersection",No,60,Cross on the crosswalk of the intersection,6
Abu Dhabi,Al Madina Police Station,2012,January,27-01-12,Abu Dhabi,Internal road,1.0012E+11,27,Fourth week,Traffic accident with injuries,Speedy without taking road conditions into account,1,IP20 IntersectionHamdan Bin Mohamed - Rashed Bin Saeed Al-Maktoum,IP20 IntersectionHamdan Bin Mohamed - Rashed Bin Saeed Al-Maktoum,Commercial area,Intersection,night - enough lights,clear,Dry,Multiple leg Intersection,deterioration,Jordan,N,Driver,Driver's seat,Moderate,29,M,Male,29,18 to 30 years,Jan,Arab States,Friday,19:59,PM,18 to 30 years,1,Markaziya (Gharb),Block 12-2,107,"4680.                 Having surveyed the scene of the accident: - The motorbike causing the accident was heading from east to the west trying to cross Rashed bin Saeed street to Hamdan bin Mohammad street, due to the speed it hit the filter pavement, the driver’s arm was broken and taken to Khalifa hospital. The accident is charted and necessary actions are made.         ","The intersection of Sheikh Rashid bin Saeed Street with Hamdan bin Mohammed Street, Ahmed bin Hamed intersection",No,60,None,4
Abu Dhabi,Shaabiya Police Station,2012,January,29-01-12,Abu Dhabi,Internal road,1.0012E+11,29,Fifth week,Traffic accident with injuries,Misuse of traffic,1,IP10A IntersectionZayed Al Awal - Al Sharqi (Muroor),IP10A IntersectionZayed Al Awal - Al Sharqi (Muroor),Commercial area,Double road,day,clear,Dry,Not on or around 20 meters,Person run over,Philippines,N,Pedestrian,No passenger,Minor,43,F,Female,43,31 to 45 years,Jan,Asian States,Sunday,6:48,AM,31 to 45 years,1,Markaziya,Block 13-1,96,"4681.                 Having surveyed the scene of the accident: - The vehicle causing the accident was heading from east to the west, the victim was crossing from the south to the north from a point not for pedestrians, the vehicle hit the victim as illustrated in the chart.  ","Al Dhafra Street, before the formerly Al-Sehha intersection",No,60,"Cross, but not on the crosswalk",4
Abu Dhabi,Al Madina Police Station,2012,January,29-01-12,Abu Dhabi,Internal road,1.0012E+11,29,Fifth week,Traffic accident with injuries,Ignoring road lane,1,Street Corniche(1),Street Corniche(1),Commercial area,Intersection,night - enough lights,clear,Dry,Half Perpendicular Intersection,Rear collision,Morocco,N,Passenger,Back passenger seat,Minor,30,F,Female,30,18 to 30 years,Jan,Arab States,Sunday,2:10,PM,18 to 30 years,1,Markaziya,Block 51-1,29,"4682.                 Having surveyed the scene of the accident: - The two vehicles were coming from the north to the south, the causing taking the third right lane and the damaged taking the second left lane, once both arrived the intersection, the causing changed the route to second lane, the damaged one bumped into the causing, both vehicles had common damages. The accident is charted and necessary actions are made.         ","Corniche Street, formerly Al Shallal intersection",No,60,None,4
Abu Dhabi,Al Madina Police Station,2012,January,29-01-12,Abu Dhabi,Internal road,1.0012E+11,29,Fifth week,Traffic accident with injuries,Ignoring road lane,1,Street Corniche(1),Street Corniche(1),Commercial area,Intersection,night - enough lights,clear,Dry,Half Perpendicular Intersection,Rear collision,Egypt,Y,Driver,Driver's seat,Moderate,41,M,Male,41,31 to 45 years,Jan,Arab States,Sunday,2:10,PM,31 to 45 years,1,Markaziya,Block 51-1,29,"4683.                 Having surveyed the scene of the accident: - The two vehicles were coming from the north to the south, the causing taking the third right lane and the damaged taking the second left lane, once both arrived the intersection, the causing changed the route to second lane, the damaged one bumped into the causing, both vehicles had common damages. The accident is charted and necessary actions are made.         ","Corniche Street, formerly Al Shallal intersection",Yes,60,None,4
Abu Dhabi,Al Madina Police Station,2012,January,29-01-12,Abu Dhabi,Internal road,1.0012E+11,29,Fifth week,Traffic accident with injuries,Ignoring road lane,1,Street Corniche(1),Street Corniche(1),Commercial area,Intersection,night - enough lights,clear,Dry,Half Perpendicular Intersection,Rear collision,Jordan,N,Driver,Driver's seat,Minor,21,M,Male,21,18 to 30 years,Jan,Arab States,Sunday,2:10,PM,18 to 30 years,1,Markaziya,Block 51-1,29,"4684.                 Having surveyed the scene of the accident: - The two vehicles were coming from the north to the south, the causing taking the third right lane and the damaged taking the second left lane, once both arrived the intersection, the causing changed the route to second lane, the damaged one bumped into the causing, both vehicles had common damages. The accident is charted and necessary actions are made.         ","Corniche Street, formerly Al Shallal intersection",No,60,None,4
Abu Dhabi,Al Madina Police Station,2012,January,29-01-12,Abu Dhabi,Internal road,1.0012E+11,29,Fifth week,Traffic accident with injuries,Ignoring road lane,1,Street Corniche(1),Street Corniche(1),Commercial area,Intersection,night - enough lights,clear,Dry,Half Perpendicular Intersection,Rear collision,Morocco,N,Driver,Driver's seat,Minor,31,F,Female,31,31 to 45 years,Jan,Arab States,Sunday,2:10,PM,31 to 45 years,1,Markaziya,Block 51-1,29,"4685.                 Having surveyed the scene of the accident: - The two vehicles were coming from the north to the south, the causing taking the third right lane and the damaged taking the second left lane, once both arrived the intersection, the causing changed the route to second lane, the damaged one bumped into the causing, both vehicles had common damages. The accident is charted and necessary actions are made.         ","Corniche Street, formerly Al Shallal intersection",No,60,None,4
Abu Dhabi,Shaabiya Police Station,2012,January,31-01-12,Abu Dhabi,Internal road,1.0012E+11,31,Fifth week,Traffic accident with injuries,Speedy without taking road conditions into account,1,Hazaa Bin Zayed Al Awal Street (11),Hazaa Bin Zayed Al Awal Street (11),Commercial area,Highway,night - enough lights,clear,Dry,Not on Intersection,Person run over,Bangladesh,N,Pedestrian,No passenger,Death,32,M,Male,32,31 to 45 years,Jan,Asian States,Tuesday,21:37,PM,31 to 45 years,1,Al Wahda,Block 16-1,23,"4686.                 Having surveyed the scene of the accident: - The vehicle causing the accident was heading from south to the north taking the far left lane, the victim was crossing from the east to the west from a point not for pedestrians, the vehicle hit the victim who flown 36 away from the car, the latter climbed the island, the victim died along with physical damages to the vehicle as illustrated in the chart.  ",Opposite Al Wahda Mall,No,60,"Cross, there's no crosswalk",4
Abu Dhabi,Shaabiya Police Station,2012,January,31-01-12,Abu Dhabi,Internal road,1.0012E+11,31,Fifth week,Traffic accident with injuries,Speedy without taking road conditions into account,1,Hazaa Bin Zayed Al Awal Street (11),Hazaa Bin Zayed Al Awal Street (11),Commercial area,Highway,night - enough lights,clear,Dry,Not on Intersection,Person run over,UAE,Y,Driver,Driver's seat,Minor,32,M,Male,32,31 to 45 years,Jan,UAE,Tuesday,21:37,PM,31 to 45 years,1,Al Wahda,Block 16-1,23,"4687.                 Having surveyed the scene of the accident: - The vehicle causing the accident was heading from south to the north taking the far left lane, the victim was crossing from the east to the west from a point not for pedestrians, the vehicle hit the victim who flown 36 away from the car, the latter climbed the island, the victim died along with physical damages to the vehicle as illustrated in the chart.  ",Opposite Al Wahda Mall,Yes,60,None,4
Abu Dhabi,Shaabiya Police Station,2012,January,31-01-12,Abu Dhabi,Internal road,1.0012E+11,31,Fifth week,Traffic accident with injuries,Misuse of traffic,1,Rashed Bin Saeed Al-Maktoum Street (2),Rashed Bin Saeed Al-Maktoum Street (2),Commercial area,Double road,night - enough lights,clear,Dry,Not on Intersection,Person run over,India,N,Pedestrian,No passenger,Moderate,48,M,Male,48,46 to 60 years,Jan,Asian States,Tuesday,21:40,PM,46 to 60 years,1,Al Wahda,Block 16-1,14,"4688.                 Having surveyed the scene of the accident: - The vehicle causing the accident was heading from east to the west taking the middle lane, the victim was crossing from the north to the south from a point not for pedestrians, the vehicle hit the victim, the victim got injured along with physical damages to the vehicle as illustrated in the chart.  ","Sheikh Rashid Road, Al Wahda Mall intersection, outward",No,60,"Cross, there's no crosswalk",4
Abu Dhabi,Al Madina Police Station,2012,February,01-02-12,Abu Dhabi,Internal road,1.0012E+11,1,First week,Traffic accident with injuries,Not leaving enough space,1,Street Corniche(1),Street Corniche(1),Commercial area,Highway,day,clear,Dry,Not on Intersection,Rear collision,India,Y,Driver,Driver's seat,Moderate,39,M,Male,39,31 to 45 years,Feb,Asian States,Wednesday,6:50,AM,31 to 45 years,1,Markaziya,Block 51-1,29,"4689.                 Having surveyed the scene of the accident: - The vehicles causing the accident was heading from north to the south, all arrived the intersection, no sufficient distance was kept between, the causing hit the rear of the two other vehicles as illustrated in the chart.  ","Corniche Street, Marina direction",Yes,60,None,3
Abu Dhabi,Shaabiya Police Station,2012,February,02-02-12,Abu Dhabi,Internal road,1.0012E+11,2,First week,Traffic accident with injuries,Speedy without taking road conditions into account,1,Al Sharqi Street (Muroor) (4),Al Sharqi Street (Muroor) (4),Govt. authority,Bridge /  Tunnel,day,clear,Dry,Not on Intersection,Person run over,China,N,Pedestrian,No passenger,Death,41,M,Male,41,31 to 45 years,Feb,Asian States,Thursday,6:30,AM,31 to 45 years,1,Qasr Al Bahar,Block 36-1,13,"4690.                 Having surveyed the scene of the accident: - The vehicle causing the accident was heading from east to the west taking the right lane, the victim was crossing from the north to the south from a point not for pedestrians, the vehicle hit the victim, the victim died along with physical damages to the vehicle as illustrated in the chart.  ","After Al Saada Bridge, Inward",No,60,"Cross, but not on the crosswalk",4
Abu Dhabi,Khaldiya Police Station,2012,February,03-02-12,Abu Dhabi,Internal road,1.1412E+11,3,First week,Traffic accident with injuries,Speedy without taking road conditions into account,1,IP1E IntersectionRashed Bin Saeed Al-Maktoum - Falah,IP1E IntersectionRashed Bin Saeed Al-Maktoum - Falah,Park,Double road,day,clear,Dry,Not on or around 20 meters,Person run over,India,N,Pedestrian,No passenger,Severe,55,M,Male,55,46 to 60 years,Feb,Asian States,Friday,1:48,PM,46 to 60 years,1,Manhal,Block 14-2,153,"4691.                 Having surveyed the scene of the accident: - the victim was crossing from the north to the south from a point not for pedestrians, driver misjudged the distance and hit the victim, the victim got serious injuries and taken to Khalifa hospital along with physical damages to the vehicle as illustrated in the chart.  ","Before the intersection of the General Command, outward",No,60,"Cross, but not on the crosswalk",5