Emirate,Police Station,Year,Month,Date,City,Road,Report Number,Day,Week,Report type,Reasons,Computed,Streets,Street,Place,Location,lighting,Weather,Road surface,Intersection,Accident Type,Nationalities,Seat Belt,Injured person position,Injured person's seat,Degree of the injury,Age of the injured,Gender,Gender of the injured,Inp Age,Age Group,Date - Month,Nationality of the Injured person,Day,Iac Rep Time,Time,Age Group - Ministry,Computed2,Area,Block,Str Code,Accident Description,Location,Fasten seat belt,Road speed limit,Pedestrian action,Number of Lanes
Abu Dhabi,Khaldiya Police Station,2012,February,03-02-12,Abu Dhabi,Internal road,1.0012E+11,3,First week,Traffic accident with injuries,Bypassing the red traffic light,1,IP130 IntersectionArabian Gulf - Street 17,IP130 IntersectionArabian Gulf - Street 17,Residential area,Intersection,day,clear,Dry,Perpendicular Intersection,Perpendicular collision,UAE,N,Driver,Driver's seat,Moderate,29,F,Female,29,18 to 30 years,Feb,UAE,Friday,15:20,PM,18 to 30 years,1,Mushrif,Block 78-2,179,"4692.                 Having surveyed the scene of the accident: - The vehicle causing the accident was heading from the west to the north taking the second left lane, the first damaged was coming from the east to west taking the right second lane, the second damaged was coming from the east to the north, the causing ran the red light (arrow direction), it crashed into the rear part of the first, the latter bumped into the second, the causing driver got injured along with physical damages to the vehicle as illustrated in the chart.  ",Formerly Omani intersection,No,80,None,3
Abu Dhabi,Khaldiya Police Station,2012,February,03-02-12,Abu Dhabi,Internal road,1.0012E+11,3,First week,Traffic accident with injuries,Bypassing the red traffic light,1,IP130 IntersectionArabian Gulf - Street 17,IP130 IntersectionArabian Gulf - Street 17,Residential area,Intersection,day,clear,Dry,Perpendicular Intersection,Perpendicular collision,UAE,N,Passenger,Front passenger seat,Moderate,33,F,Female,33,31 to 45 years,Feb,UAE,Friday,15:20,PM,31 to 45 years,1,Mushrif,Block 78-2,179,"4693.                 Having surveyed the scene of the accident: - The vehicle causing the accident was heading from the west to the north taking the second left lane, the first damaged was coming from the east to west taking the right second lane, the second damaged was coming from the east to the north, the causing ran the red light (arrow direction), it crashed into the rear part of the first, the latter bumped into the second, the causing driver got injured along with physical damages to the vehicle as illustrated in the chart.  ",Formerly Omani intersection,No,80,None,3
Abu Dhabi,Khaldiya Police Station,2012,February,03-02-12,Abu Dhabi,Internal road,1.0012E+11,3,First week,Traffic accident with injuries,Bypassing the red traffic light,1,IP130 IntersectionArabian Gulf - Street 17,IP130 IntersectionArabian Gulf - Street 17,Residential area,Intersection,day,clear,Dry,Perpendicular Intersection,Perpendicular collision,Bangladesh,N,Passenger,Front passenger seat,Minor,23,M,Male,23,18 to 30 years,Feb,Asian States,Friday,15:20,PM,18 to 30 years,1,Mushrif,Block 78-2,179,"4694.                 Having surveyed the scene of the accident: - The vehicle causing the accident was heading from the west to the north taking the second left lane, the first damaged was coming from the east to west taking the right second lane, the second damaged was coming from the east to the north, the causing ran the red light (arrow direction), it crashed into the rear part of the first, the latter bumped into the second, the causing driver got injured along with physical damages to the vehicle as illustrated in the chart.  ",Formerly Omani intersection,No,80,None,3
Abu Dhabi,Khaldiya Police Station,2012,February,03-02-12,Abu Dhabi,Internal road,1.0012E+11,3,First week,Traffic accident with injuries,Bypassing the red traffic light,1,IP130 IntersectionArabian Gulf - Street 17,IP130 IntersectionArabian Gulf - Street 17,Residential area,Intersection,day,clear,Dry,Perpendicular Intersection,Perpendicular collision,Bangladesh,N,Driver,Driver's seat,Minor,35,M,Male,35,31 to 45 years,Feb,Asian States,Friday,15:20,PM,31 to 45 years,1,Mushrif,Block 78-2,179,"4695.                 Having surveyed the scene of the accident: - The vehicle causing the accident was heading from the west to the north taking the second left lane, the first damaged was coming from the east to west taking the right second lane, the second damaged was coming from the east to the north, the causing ran the red light (arrow direction), it crashed into the rear part of the first, the latter bumped into the second, the causing driver got injured along with physical damages to the vehicle as illustrated in the chart.  ",Formerly Omani intersection,No,80,None,3
Abu Dhabi,Khaldiya Police Station,2012,February,03-02-12,Abu Dhabi,Internal road,1.0012E+11,3,First week,Traffic accident with injuries,Bypassing the red traffic light,1,IP130 IntersectionArabian Gulf - Street 17,IP130 IntersectionArabian Gulf - Street 17,Residential area,Intersection,day,clear,Dry,Perpendicular Intersection,Perpendicular collision,Bangladesh,N,Driver,Driver's seat,Minor,23,M,Male,23,18 to 30 years,Feb,Asian States,Friday,15:20,PM,18 to 30 years,1,Mushrif,Block 78-2,179,"4696.                 Having surveyed the scene of the accident: - The vehicle causing the accident was heading from the west to the north taking the second left lane, the first damaged was coming from the east to west taking the right second lane, the second damaged was coming from the east to the north, the causing ran the red light (arrow direction), it crashed into the rear part of the first, the latter bumped into the second, the causing driver got injured along with physical damages to the vehicle as illustrated in the chart.  ",Formerly Omani intersection,No,80,None,3
Abu Dhabi,Al Madina Police Station,2012,February,03-02-12,Abu Dhabi,Internal road,1.0012E+11,3,First week,Traffic accident with injuries,Bypassing the red traffic light,1,Street Mina(3),Street Mina(3),Commercial area,Intersection,night - enough lights,clear,Dry,Perpendicular Intersection,Perpendicular collision,UAE,Y,Driver,Driver's seat,Minor,20,M,Male,20,18 to 30 years,Feb,UAE,Friday,23:30,PM,18 to 30 years,1,Mina,Block 91-1,30,"4697.                 Having surveyed the scene of the accident: - The vehicle causing the accident was heading from the west to the east to the direction of the city police station, the damaged vehicle was coming from the south to the north to the direction of vegetables market, the causing driver ran the red light and bumped into the right side of the other, the driver of the causing got damaged as illustrated in the chart.   ","Mina Street, the intersection of the vegetable market",Yes,60,None,4
Abu Dhabi,Al Madina Police Station,2012,February,03-02-12,Abu Dhabi,Internal road,1.0012E+11,3,First week,Traffic accident with injuries,Bypassing the red traffic light,1,Street Mina(3),Street Mina(3),Commercial area,Intersection,night - enough lights,clear,Dry,Perpendicular Intersection,Perpendicular collision,UAE,N,Passenger,Front passenger seat,Moderate,18,M,Male,18,18 to 30 years,Feb,UAE,Friday,23:30,PM,18 to 30 years,1,Mina,Block 91-1,30,"4698.                 Having surveyed the scene of the accident: - The vehicle causing the accident was heading from the west to the east to the direction of the city police station, the damaged vehicle was coming from the south to the north to the direction of vegetables market, the causing driver ran the red light and bumped into the right side of the other, the driver of the causing got damaged as illustrated in the chart.   ","Mina Street, the intersection of the vegetable market",No,60,None,4
Abu Dhabi,Shaabiya Police Station,2012,February,04-02-12,Abu Dhabi,Internal road,1.0012E+11,4,First week,Traffic accident with injuries,Bypassing the red traffic light,1,IP11A Street Salam (IntersectionFood Control Agency),IP11A Street Salam (IntersectionFood Control Agency),Commercial area,Intersection,night - enough lights,clear,Dry,Half Perpendicular Intersection,Perpendicular collision,Bangladesh,N,Driver,Driver's seat,Moderate,27,M,Male,27,18 to 30 years,Feb,Asian States,Saturday,23:20,PM,18 to 30 years,1,Madinat Zayed (Abu Dhabi),Block 54-1,145,"4699.                 Having surveyed the scene of the accident: - The vehicle causing the accident was heading from the west to the north taking the second left lane, the damaged motorbike was coming from the east to the south, the biker ran the red light and bumped into the right side of the other as illustrated in the chart.   ","Al Salam Street, the intersection of the Food Control Authority",No,60,None,3
Abu Dhabi,Khaldiya Police Station,2012,February,05-02-12,Abu Dhabi,Internal road,1.0012E+11,5,First week,Traffic accident with injuries,Bypassing the red traffic light,1,IP118 Street Bainunah (IntersectionCentral Bank),IP118 Street Bainunah (IntersectionCentral Bank),Govt. authority,Intersection,day,clear,Dry,Half Perpendicular Intersection,Perpendicular collision,UAE,Y,Driver,Driver's seat,Minor,29,F,Female,29,18 to 30 years,Feb,UAE,Sunday,11:19,AM,18 to 30 years,1,Al Butain,Block 95-2,159,"4700.                 Having surveyed the scene of the accident: - a Mercedes holding plate no. 7129, code H, Dubai license, was coming from the east to the west, it ran the red light and bumped into a Chevrolet vehicle holding the plate no. 26427, Abu Dhabi license, the causing driver got injured and both vehicles had physical damages as illustrated in the chart.    ","Bainunah Street, Al Bateen Area, Al Masraf intersection",Yes,60,None,4
Abu Dhabi,Khaldiya Police Station,2012,February,05-02-12,Abu Dhabi,Internal road,1.0012E+11,5,First week,Traffic accident with injuries,Negligence and inobservance,1,Street 17,Street 17,Residential area,Car parking,night - enough lights,clear,Dry,Not on Intersection,Person run over,India,N,Driver,Driver's seat,Moderate,62,M,Male,62,Above 60,Feb,Asian States,Sunday,22:25,PM,Above 60,1,Mushrif,Block 18-1,40,"4701.                 Having surveyed the scene of the accident: - The vehicle causing the accident was parked and operated, the gear was set 1, the driver tried to start the engine while he was standing outside (half of the body inside and the other half outside), the vehicle moved and run over his left foot, it kept moving and climbed the pavement bumping into the wall, driver got injured and both vehicles had physical damages as illustrated in the chart.      ",Parking in Mushrif,No,60,Stop,1
Abu Dhabi,Khaldiya Police Station,2012,February,06-02-12,Abu Dhabi,Internal road,1.0012E+11,6,First week,Traffic accident with injuries,Bypassing the red traffic light,1,IP130 IntersectionArabian Gulf - Street 17,IP130 IntersectionArabian Gulf - Street 17,Residential area,Double road,day,clear,Dry,Perpendicular Intersection,Perpendicular collision,Yemen,N,Driver,Driver's seat,Minor,28,M,Male,28,18 to 30 years,Feb,GCC,Monday,12:20,PM,18 to 30 years,1,Mushrif,Block 78-2,179,"4702.                 Having surveyed the scene of the accident: - The vehicle causing the accident was heading from the west to the east taking the second left lane despite the existence of a plastic barrier, but the driver did not comply and took the second left lane beyond the barrier, the first damaged vehicle was coming from the east to the west, the second damaged vehicle was coming from the east to the west, due to running the red light, three vehicles bumped into each other , the causing driver got injured and the vehicles had physical damages as illustrated in the chart.      ","Arabian Gulf Street, Inward, Mushrif Area",No,80,None,
Abu Dhabi,Shaabiya Police Station,2012,February,09-02-12,Abu Dhabi,Internal road,1.0012E+11,9,Second week,Traffic accident with injuries,Speedy without taking road conditions into account,1,Al Sharqi Street (Muroor) (4),Al Sharqi Street (Muroor) (4),Govt. authority,Double road,night - enough lights,clear,Dry,Half Perpendicular Intersection,Person run over,Jordan,N,Pedestrian,No passenger,Minor,66,M,Male,66,Above 60,Feb,Arab States,Thursday,18:15,PM,Above 60,1,Al Nahyan Camp Bridge,Not Identified,13,"4703.                 Having surveyed the scene of the accident: - A vehicle causing the accident was heading from the west to the east, taking the right lane, a victim was crossing the road from a line not designed for pedestrians, due to the exceed speed and non-compliance with the traffic rules, the vehicle hit the victim as illustrated in the chart.      ","Al Muroor Street, Al Bahruz Intersection, outward",No,60,"Cross, there's no crosswalk",3
Abu Dhabi,Khaldiya Police Station,2012,February,09-02-12,Abu Dhabi,Internal road,1.0012E+11,9,Second week,Traffic accident with injuries,Misuse of traffic,1,Street Mohamed Bin Khalifa(15),Street Mohamed Bin Khalifa(15),School,Car parking,day,clear,Dry,Half Perpendicular Intersection,Person run over,Egypt,N,Pedestrian,No passenger,Severe,8,M,Male,8,8 to 17 years,Feb,Arab States,Thursday,7:50,AM,Below 18 years,1,Mushrif,Block 18-1,21,"4704.                 Having surveyed the scene of the accident: - A vehicle causing the accident was totally stopped at a parking not designed for school buses, the driver due to misjudgment hit the victim as illustrated in the chart.      ","Al Mushrif area, Muhammed bin Khalifa Street, intersection with Choueifat School",No,40,Cross without attention,1
Abu Dhabi,Khaldiya Police Station,2012,February,10-02-12,Abu Dhabi,Internal road,1.0012E+11,10,Second week,Traffic accident with injuries,Entering main road without traffic clearance,1,Street Sultan Bin Zayed Al Awal (32),Street Sultan Bin Zayed Al Awal (32),Residential area,Highway,night - enough lights,clear,Dry,Not on Intersection,Rear collision,Iraq,N,Driver,Driver's seat,Minor,26,M,Male,26,18 to 30 years,Feb,Arab States,Friday,23:40,PM,18 to 30 years,1,Al Butain,Block 74-2,41,"4705.                 Having surveyed the scene of the accident: - The first vehicle causing the accident was heading from the north to the south taking the highway in the middle lane, the second causing was coming from the east to west taking the far left lane, the first causing dashed to the road without checking the condition, the second causing tried to avoid bumping, it swerved to the right, due to the exceed speed it crashed into the rear part of the first, the latter bumped into the pavement and rolled off 124 meters away, the second swerved to the left bumping into the island and stopped 37 meters away, the two drivers got injured and the vehicles had physical damages as well as other damages to the state-owned properties as illustrated in the chart.      ",Opposite to Al Bateen Mall,No,60,None,3
Abu Dhabi,Khaldiya Police Station,2012,February,10-02-12,Abu Dhabi,Internal road,1.0012E+11,10,Second week,Traffic accident with injuries,Entering main road without traffic clearance,1,Street Sultan Bin Zayed Al Awal (32),Street Sultan Bin Zayed Al Awal (32),Residential area,Highway,night - enough lights,clear,Dry,Not on Intersection,Rear collision,India,N,Driver,Driver's seat,Death,33,M,Male,33,31 to 45 years,Feb,Asian States,Friday,23:40,PM,31 to 45 years,1,Al Butain,Block 74-2,41,"4706.                 Having surveyed the scene of the accident: - The first vehicle causing the accident was heading from the north to the south taking the highway in the middle lane, the second causing was coming from the east to west taking the far left lane, the first causing dashed to the road without checking the condition, the second causing tried to avoid bumping, it swerved to the right, due to the exceed speed it crashed into the rear part of the first, the latter bumped into the pavement and rolled off 124 meters away, the second swerved to the left bumping into the island and stopped 37 meters away, the two drivers got injured and the vehicles had physical damages as well as other damages to the state-owned properties as illustrated in the chart.      ",Opposite to Al Bateen Mall,No,60,None,3
Abu Dhabi,Al Madina Police Station,2012,February,10-02-12,Abu Dhabi,Internal road,1.0012E+11,10,Second week,Traffic accident with injuries,Bypassing the red traffic light,1,IP1 IntersectionZayed Al Awal - Rashed Bin Saeed Al-Maktoum,IP1 IntersectionZayed Al Awal - Rashed Bin Saeed Al-Maktoum,Commercial area,Intersection,night - enough lights,clear,Dry,Multiple leg Intersection,Perpendicular collision,Philippines,Y,Passenger,Front passenger seat,Minor,35,F,Female,35,31 to 45 years,Feb,Asian States,Friday,3:35,PM,31 to 45 years,1,Al Hosn,Block 13-2,89,"4707.                 Having surveyed the scene of the accident: - The vehicle causing the accident was heading from the east to the west taking the middle lane, the first damaged vehicle was coming from the south to north, the third was waiting the green light, the causing arrived the intersection crashing into the second one, the latter swerved off hitting the island, thus it sustained damages as illustrated in the chart.      ","Zayed Al Awal Street, the intersection of Rashid bin Saeed Street with Electra Street",Yes,60,None,3
Abu Dhabi,Al Madina Police Station,2012,February,10-02-12,Abu Dhabi,Internal road,1.0012E+11,10,Second week,Traffic accident with injuries,Bypassing the red traffic light,1,IP1 IntersectionZayed Al Awal - Rashed Bin Saeed Al-Maktoum,IP1 IntersectionZayed Al Awal - Rashed Bin Saeed Al-Maktoum,Commercial area,Intersection,night - enough lights,clear,Dry,Multiple leg Intersection,Perpendicular collision,Iraq,Y,Passenger,Front passenger seat,Moderate,30,F,Female,30,18 to 30 years,Feb,Arab States,Friday,3:35,PM,18 to 30 years,1,Al Hosn,Block 13-2,89,"4708.                 Having surveyed the scene of the accident: - The vehicle causing the accident was heading from the east to the west taking the middle lane, the first damaged vehicle was coming from the south to north, the third was waiting the green light, the causing arrived the intersection crashing into the second one, the latter swerved off hitting the island, thus it sustained damages as illustrated in the chart.      ","Zayed Al Awal Street, the intersection of Rashid bin Saeed Street with Electra Street",Yes,60,None,3
Abu Dhabi,Al Madina Police Station,2012,February,10-02-12,Abu Dhabi,Internal road,1.0012E+11,10,Second week,Traffic accident with injuries,Bypassing the red traffic light,1,IP1 IntersectionZayed Al Awal - Rashed Bin Saeed Al-Maktoum,IP1 IntersectionZayed Al Awal - Rashed Bin Saeed Al-Maktoum,Commercial area,Intersection,night - enough lights,clear,Dry,Multiple leg Intersection,Perpendicular collision,Philippines,Y,Driver,Driver's seat,Minor,36,M,Male,36,31 to 45 years,Feb,Asian States,Friday,3:35,PM,31 to 45 years,1,Al Hosn,Block 13-2,89,"4709.                 Having surveyed the scene of the accident: - The vehicle causing the accident was heading from the east to the west taking the middle lane, the first damaged vehicle was coming from the south to north, the third was waiting the green light, the causing arrived the intersection crashing into the second one, the latter swerved off hitting the island, thus it sustained damages as illustrated in the chart.      ","Zayed Al Awal Street, the intersection of Rashid bin Saeed Street with Electra Street",Yes,60,None,3
Abu Dhabi,Shaabiya Police Station,2012,February,10-02-12,Abu Dhabi,Internal road,1.0012E+11,10,Second week,Traffic accident with injuries,Speedy without taking road conditions into account,1,Al Sharqi Street (Muroor) (4),Al Sharqi Street (Muroor) (4),Commercial area,Highway,night - enough lights,clear,Dry,Not on Intersection,Person run over,Ethiopia,N,Pedestrian,No passenger,Moderate,27,F,Female,27,18 to 30 years,Feb,Other,Friday,10:35,AM,18 to 30 years,1,Markaziya,Block 31-1,13,"4710.                 Having surveyed the scene of the accident: - The vehicle causing the accident was heading from the west to the east taking the left second lane, the victim was coming from the south to the north in a line not for pedestrians, the driver misjudged the distance and hit the victim as illustrated in the chart.",Opposite to Madinat Zayed Shopping Center,No,60,"Cross, there's no crosswalk",4
Abu Dhabi,Shaabiya Police Station,2012,February,10-02-12,Abu Dhabi,Internal road,1.0012E+11,10,Second week,Traffic accident with injuries,Speedy without taking road conditions into account,1,Al Sharqi Street (Muroor) (4),Al Sharqi Street (Muroor) (4),Fuel Station,Car parking,night - enough lights,clear,Dry,Not on Intersection,Person run over,Sudan,N,Pedestrian,No passenger,Moderate,16,M,Male,16,8 to 17 years,Feb,Arab States,Friday,21:30,PM,Below 18 years,1,Hadbat Al Zafaran,Block 40-1,13,"4711.                 Having surveyed the scene of the accident: - The vehicle causing the accident was heading from the west the east, the victim was leaning over the trunk of a parked car, due to the speed the driver hit the body of the victim, the latter got injured and the vehicle had physical damages as illustrated in the chart.",Behind the ADNOC Distribution station near the municipality warehouses,No,20,Stop,1
Abu Dhabi,Al Madina Police Station,2012,February,12-02-12,Abu Dhabi,Internal road,1.0012E+11,12,Second week,Traffic accident with injuries,Misuse of traffic,1,Street Zayed Al Awal(7),Street Zayed Al Awal(7),Commercial area,Two-way road,night - enough lights,clear,Dry,Not on or around 20 meters,Person run over,Syria,N,Pedestrian,No passenger,Minor,37,M,Male,37,31 to 45 years,Feb,Arab States,Sunday,3:30,PM,31 to 45 years,1,Markaziya,Block 53-1,25,"4712.                 Having surveyed the scene of the accident: - The vehicle causing the accident was heading from the north to the south, the victim was crossing from the east to the west, the driver misjudged the distance and hit the victim, then he bumped into the left pavement and the concrete barriers as illustrated in the chart.","Zayed Al Awal Street, behind the Indian Cinema",No,40,"Cross, there's no crosswalk",1
Abu Dhabi,Shaabiya Police Station,2012,February,13-02-12,Abu Dhabi,Internal road,1.0012E+11,13,Second week,Traffic accident with injuries,Speedy without taking road conditions into account,1,IP1 IntersectionZayed Al Awal - Rashed Bin Saeed Al-Maktoum,IP1 IntersectionZayed Al Awal - Rashed Bin Saeed Al-Maktoum,Govt. authority,Highway,day,clear,Dry,Half Perpendicular Intersection,Person run over,India,N,Pedestrian,No passenger,Moderate,49,M,Male,49,46 to 60 years,Feb,Asian States,Monday,9:40,AM,46 to 60 years,1,Al Hosn,Block 13-2,89,"4713.                 Having surveyed the scene of the accident: - The vehicle causing the accident was heading from the south to the north taking the right lane, the victim was coming from the west to the east in a line not for pedestrians, the driver misjudged the distance and hit the victim as illustrated in the chart.","Zayed Al Awal Street, Al Hosn intersection",No,60,Cross on the crosswalk of the intersection,4
Abu Dhabi,Al Madina Police Station,2012,February,13-02-12,Abu Dhabi,Internal road,1.0012E+11,13,Second week,Traffic accident with injuries,Misuse of traffic,1,Street Khalifa Bin Zayed(3),Street Khalifa Bin Zayed(3),Commercial area,Highway,night - enough lights,clear,Dry,Turn ,Side collision,Jordan,N,Driver,Driver's seat,Moderate,26,M,Male,26,18 to 30 years,Feb,Arab States,Monday,22:30,PM,18 to 30 years,1,Markaziya,Block 51-1,28,"4714.                 Having surveyed the scene of the accident: - The two vehicles the were heading from the north to the exist, the first damaged vehicle was ahead and the other was behind, when both vehicles got out of the exist, the first hit the rear right side of the other as illustrated in the chart.      ","Khalifa Street, in front of Rolls Royce",No,60,None,3
Abu Dhabi,Shaabiya Police Station,2012,February,14-02-12,Abu Dhabi,Internal road,1.0012E+11,14,Second week,Traffic accident with injuries,Not leaving enough space,1,IP14 IntersectionKhalifa Bin Zayed - Al Sharqi (Muroor),IP14 IntersectionKhalifa Bin Zayed - Al Sharqi (Muroor),Commercial area,Highway,day,clear,Dry,Half Perpendicular Intersection,Rear collision,Egypt,N,Driver,Driver's seat,Severe,35,M,Male,35,31 to 45 years,Feb,Arab States,Tuesday,15:10,PM,31 to 45 years,1,Markaziya,Block 11-1,114,"4715.                 Having surveyed the scene of the accident: - The bike causing the accident was heading from the north to the south taking the left lane, the first damaged vehicle was coming from the north to the south, due to the lack of enough distance the bike bumped into rear part of the other as illustrated in the chart.      ","Al Markaziya area, Khalifa Bin Zayed Street, intersection of Khalifa Street with Al Muroor Street",No,60,None,3
Abu Dhabi,Khaldiya Police Station,2012,February,15-02-12,Abu Dhabi,Internal road,1.0012E+11,15,Third week,Traffic accident with injuries,Speedy without taking road conditions into account,1,Street 17,Street 17,Work area,Two-way road,day,clear,Dry,Perpendicular Intersection,Person run over,Iran,N,Pedestrian,No passenger,Minor,56,M,Male,56,46 to 60 years,Feb,Asian States,Wednesday,10:13,AM,46 to 60 years,1,Mushrif,Block 18-1,40,"4716.                 Having surveyed the scene of the accident: - A vehicle causing the accident was heading from the west to the east, a victim was crossing the road from a line not designed for pedestrians, due to the exceed speed and non-compliance with the traffic rules, the vehicle hit the victim as illustrated in the chart.      ",A side street in the embassies area,No,40,"Cross, but not on the crosswalk",1
Abu Dhabi,Al Madina Police Station,2012,February,15-02-12,Abu Dhabi,Internal road,1.0012E+11,15,Third week,Traffic accident with injuries,Bypassing the red traffic light,1,IP16 IntersectionKhalifa Bin Zayed - Rashed Bin Saeed Al-Maktoum,IP16 IntersectionKhalifa Bin Zayed - Rashed Bin Saeed Al-Maktoum,Commercial area,Intersection,night - enough lights,clear,Dry,Roundabout,Perpendicular collision,Egypt,N,Passenger,Back passenger seat,Minor,56,F,Female,56,46 to 60 years,Feb,Arab States,Wednesday,18:55,PM,46 to 60 years,1,Markaziya (Gharb),Block 11-2,112,"4717.                 Having surveyed the scene of the accident: - A vehicle causing the accident was heading from the east to the north to the direction of Estiqlal street, the damaged vehicle was coming from the west to the east, when the driver rand the red, he hit the right side of the damaged, the passenger of the latter injured mildly, and the vehicle had physical damages as illustrated in the chart.      ",Abduljalil Roundabout,No,60,None,4
Abu Dhabi,Shaabiya Police Station,2012,February,15-02-12,Abu Dhabi,Internal road,1.0012E+11,15,Third week,Traffic accident with injuries,Entering main road without traffic clearance,1,IP38 IntersectionZayed Al Awal - Street 10,IP38 IntersectionZayed Al Awal - Street 10,Commercial area,Highway,night - enough lights,clear,Dry,Not on Intersection,Side collision,Egypt,N,Driver,Driver's seat,Moderate,31,M,Male,31,31 to 45 years,Feb,Arab States,Wednesday,20:47,PM,31 to 45 years,1,Mina,Block 73-1,99,"4718.                 Having surveyed the scene of the accident: - A vehicle causing the accident was heading from the south to the east, the damaged vehicle was coming from the west to the east, when the driver got to the highway he did not check the traffic condition, he hit the bike, the biker of the latter injured, and the vehicles had physical damages as illustrated in the chart.      ","Tourist Club Area, Mazda Street, Mudakhenin Intersection",No,60,None,5
Abu Dhabi,Khaldiya Police Station,2012,February,16-02-12,Abu Dhabi,Internal road,1.0012E+11,16,Third week,Traffic accident with injuries,Bypassing the red traffic light,1,IP3 IntersectionZayed Al Awal - Tariq Bin Zeyad,IP3 IntersectionZayed Al Awal - Tariq Bin Zeyad,Commercial area,Intersection,day,clear,Dry,Half Perpendicular Intersection,Perpendicular collision,Pakistan,Y,Driver,Driver's seat,Moderate,23,M,Male,23,18 to 30 years,Feb,Asian States,Thursday,14:45,PM,18 to 30 years,1,Al Hosn,Block 33-2,91,"4719.                 Having surveyed the scene of the accident: - The vehicle causing the accident was heading from the south to the north, the damaged vehicle was coming from the north to the south, once the two arrived the intersection, the causing driver ran the red light and bumped into the front left side of the of the other as illustrated in the chart.      ",The intersection of Zayed Al Awal Street with Tariq Bin Ziad Street,Yes,60,None,3
Abu Dhabi,Khaldiya Police Station,2012,February,16-02-12,Abu Dhabi,Internal road,1.0012E+11,16,Third week,Traffic accident with injuries,Bypassing the red traffic light,1,IP3 IntersectionZayed Al Awal - Tariq Bin Zeyad,IP3 IntersectionZayed Al Awal - Tariq Bin Zeyad,Commercial area,Intersection,day,clear,Dry,Half Perpendicular Intersection,Perpendicular collision,Palestine,Y,Driver,Driver's seat,Moderate,74,M,Male,74,Above 60,Feb,Arab States,Thursday,14:45,PM,Above 60,1,Al Hosn,Block 33-2,91,"4720.                 Having surveyed the scene of the accident: - The vehicle causing the accident was heading from the south to the north, the damaged vehicle was coming from the north to the south, once the two arrived the intersection, the causing driver ran the red light and bumped into the front left side of the of the other as illustrated in the chart.      ",The intersection of Zayed Al Awal Street with Tariq Bin Ziad Street,Yes,60,None,3
Abu Dhabi,Khaldiya Police Station,2012,February,16-02-12,Abu Dhabi,Internal road,1.0012E+11,16,Third week,Traffic accident with injuries,Bypassing the red traffic light,1,IP3 IntersectionZayed Al Awal - Tariq Bin Zeyad,IP3 IntersectionZayed Al Awal - Tariq Bin Zeyad,Commercial area,Intersection,day,clear,Dry,Half Perpendicular Intersection,Perpendicular collision,Bangladesh,Y,Passenger,Front passenger seat,Minor,26,M,Male,26,18 to 30 years,Feb,Asian States,Thursday,14:45,PM,18 to 30 years,1,Al Hosn,Block 33-2,91,"4721.                 Having surveyed the scene of the accident: - The vehicle causing the accident was heading from the south to the north, the damaged vehicle was coming from the north to the south, once the two arrived the intersection, the causing driver ran the red light and bumped into the front left side of the of the other as illustrated in the chart.      ",The intersection of Zayed Al Awal Street with Tariq Bin Ziad Street,Yes,60,None,3
Abu Dhabi,Khaldiya Police Station,2012,February,18-02-12,Abu Dhabi,Internal road,1.0012E+11,18,Third week,Traffic accident with injuries,Not leaving enough space,1,Street Zayed Al Awal(7),Street Zayed Al Awal(7),Commercial area,Highway,day,clear,Dry,Perpendicular Intersection,Rear collision,Syria,N,Passenger,Back passenger seat,Minor,60,F,Female,60,46 to 60 years,Feb,Arab States,Saturday,12:00,PM,46 to 60 years,1,Khaldiya,Block 53-2,25,"4722.                 Having surveyed the scene of the accident: - The vehicle causing the accident was heading from the south to the north, the damaged vehicle was coming from the south to the north, due to the little distance the driver bumped into the rear side of the of the other as illustrated in the chart.      ","Khalidiya area, Zayed Al Awal Street, the intersection of the major shops",No,80,None,4
Abu Dhabi,Shaabiya Police Station,2012,February,18-02-12,Abu Dhabi,Internal road,1.0012E+11,18,Third week,Traffic accident with injuries,Lack of driving awareness,1,Al Sharqi Street (Muroor) (4),Al Sharqi Street (Muroor) (4),Residential area,Two-way road,night - enough lights,clear,Dry,Other,Side collision,Morocco,Y,Driver,Driver's seat,Minor,26,F,Female,26,18 to 30 years,Feb,Arab States,Saturday,19:50,PM,18 to 30 years,1,Hadbat Al Zafaran,Block 40-1,13,"4723.                 Having surveyed the scene of the accident: - The vehicle causing the accident was heading from the north to the south, the damaged vehicle was completely stopped at the opposite direction, the driver was not experienced enough so he bumped into the right side of the other as illustrated in the chart.      ","Street off Al Dhafra Street, opposite Asfour Al Hadeeka Restaurant",Yes,20,None,2
Abu Dhabi,Shaabiya Police Station,2012,February,18-02-12,Abu Dhabi,Internal road,1.0012E+11,18,Third week,Traffic accident with injuries,under influence of intoxicant or narcotic drug,1,Al Sharqi Street (Muroor) (4),Al Sharqi Street (Muroor) (4),Bridge / Tunnel,Highway,night - enough lights,clear,Dry,Other,Hitting a stationary object off the road,Bangladesh,N,Driver,Driver's seat,Death,38,M,Male,38,31 to 45 years,Feb,Asian States,Saturday,23:40,PM,31 to 45 years,1,Hadbat Al Zafaran,Block 40-1,13,"4724.                 Having surveyed the scene of the accident: - The vehicle causing the accident was heading from the east to the west taking the second right lane, the driver was driving under the influence of alcohol, he lost control and bumped into the pavement and the concrete corniche as illustrated in the chart.      ","Al Sharqi Ring Road, Inward, before Al Saada Bridge",No,100,None,5
Abu Dhabi,Shaabiya Police Station,2012,February,18-02-12,Abu Dhabi,Internal road,1.0012E+11,18,Third week,Traffic accident with injuries,under influence of intoxicant or narcotic drug,1,Al Sharqi Street (Muroor) (4),Al Sharqi Street (Muroor) (4),Bridge / Tunnel,Highway,night - enough lights,clear,Dry,Other,Hitting a stationary object off the road,Bangladesh,N,Passenger,Front passenger seat,Moderate,32,M,Male,32,31 to 45 years,Feb,Asian States,Saturday,23:40,PM,31 to 45 years,1,Hadbat Al Zafaran,Block 40-1,13,"4725.                 Having surveyed the scene of the accident: - The vehicle causing the accident was heading from the east to the west taking the second right lane, the driver was driving under the influence of alcohol, he lost control and bumped into the pavement and the concrete corniche as illustrated in the chart.      ","Al Sharqi Ring Road, Inward, before Al Saada Bridge",No,100,None,5
Abu Dhabi,Khaldiya Police Station,2012,February,19-02-12,Abu Dhabi,Internal road,1.0012E+11,19,Third week,Traffic accident with injuries,Bypassing the red traffic light,1,IP42P IntersectionHazaa Bin Zayed - Karama,IP42P IntersectionHazaa Bin Zayed - Karama,Hospital,Intersection,day,clear,Dry,Perpendicular Intersection,Perpendicular collision,UAE,Y,Passenger,Front passenger seat,Minor,52,F,Female,52,46 to 60 years,Feb,UAE,Sunday,17:43,PM,46 to 60 years,1,Rawdah,Block 35-2,164,"4726.                 Having surveyed the scene of the accident: - The vehicle causing the accident was heading from the south to the west taking the second left lane, the two damaged vehicles were coming from the east to the west taking the second left lane, the causing driver ran the red light and bumped into the right side of the first, then the driver swerved off and hit the left side of the second, the driver and the passenger were injured mildly along with other physical damages to the vehicle as illustrated in the chart.      ",Near Khalifa Bin Zayed Hospital,Yes,60,None,4