Emirate,Police Station,Year,Month,Date,City,Road,Report Number,Day,Week,Report type,Reasons,Computed,Streets,Street,Place,Location,lighting,Weather,Road surface,Intersection,Accident Type,Nationalities,Seat Belt,Injured person position,Injured person's seat,Degree of the injury,Age of the injured,Gender,Gender of the injured,Inp Age,Age Group,Date - Month,Nationality of the Injured person,Day,Iac Rep Time,Time,Age Group - Ministry,Computed2,Area,Block,Str Code,Accident Description,Location,Fasten seat belt,Road speed limit,Pedestrian action,Number of Lanes
Abu Dhabi,Shaabiya Police Station,2012,February,21-02-12,Abu Dhabi,Internal road,1.0012E+11,21,Third week,Traffic accident with injuries,Bypassing the red traffic light,1,IP11 IntersectionZayed Al Awal - Salam,IP11 IntersectionZayed Al Awal - Salam,Commercial area,Intersection,day,clear,Dry,Perpendicular Intersection,Perpendicular collision,India,Y,Driver,Driver's seat,Minor,32,M,Male,32,31 to 45 years,Feb,Asian States,Tuesday,9:30,AM,31 to 45 years,1,Markaziya,Block 53-1,98,"4727.                 Having surveyed the scene of the accident: - The vehicle causing the accident was heading from the east to the west taking the second lane, the damaged vehicle was coming from the west to the east taking the second lane, the causing driver ran the red light and bumped into the right side of the first, the driver was injured mildly and taken to the hospital for treatment along with other physical damages to the vehicle as illustrated in the chart.      ","Al Salam Street, the intersection of Zayed Al Awal Street with Al Salam Street",Yes,60,None,4
Abu Dhabi,Shaabiya Police Station,2012,February,21-02-12,Abu Dhabi,Internal road,1.0012E+11,21,Third week,Traffic accident with injuries,Bypassing the red traffic light,1,IP92 IntersectionAl Sharqi (Muroor) - Street 23,IP92 IntersectionAl Sharqi (Muroor) - Street 23,Residential area,Intersection,day,clear,Dry,Perpendicular Intersection,Person run over,Pakistan,N,Pedestrian,No passenger,Death,16,M,Male,16,8 to 17 years,Feb,Asian States,Tuesday,15:50,PM,Below 18 years,1,Hadbat Al Zafaran,Block 21-1,182,"4728.                 Having surveyed the scene of the accident: - The vehicle causing the accident was heading from the east to the west taking the second right lane, the victim was crossing the road from the south to the north, the driver ran the red light and bumped into the victim, the body of the latter hit the windshield and bounced forward 30 meters, the vehicle carried on to the intersection and swerved to the right crashing into the pavement along 40 meters until it stopped 50 meters distance, the victim died on the spot, the driver got mild injury, she admitted to psychiatric hospital,  along with other physical damages to the vehicle as illustrated in the chart.      ","Al Muroor Street, intersection with Al Wahda School",No,80,Cross on the crosswalk of the intersection,4
Abu Dhabi,Shaabiya Police Station,2012,February,21-02-12,Abu Dhabi,Internal road,1.0012E+11,21,Third week,Traffic accident with injuries,Bypassing the red traffic light,1,IP92 IntersectionAl Sharqi (Muroor) - Street 23,IP92 IntersectionAl Sharqi (Muroor) - Street 23,Residential area,Intersection,day,clear,Dry,Perpendicular Intersection,Person run over,UAE,Y,Driver,Driver's seat,Minor,28,F,Female,28,18 to 30 years,Feb,UAE,Tuesday,15:50,PM,18 to 30 years,1,Hadbat Al Zafaran,Block 21-1,182,"4729.                 Having surveyed the scene of the accident: - The vehicle causing the accident was heading from the east to the west taking the second right lane, the victim was crossing the road from the south to the north, the driver ran the red light and bumped into the victim, the body of the latter hit the windshield and bounced forward 30 meters, the vehicle carried on to the intersection and swerved to the right crashing into the pavement along 40 meters until it stopped 50 meters distance, the victim died on the spot, the driver got mild injury, she admitted to psychiatric hospital,  along with other physical damages to the vehicle as illustrated in the chart.      ","Al Muroor Street, intersection with Al Wahda School",Yes,80,Cross on the crosswalk of the intersection,4
Abu Dhabi,Shaabiya Police Station,2012,February,22-02-12,Abu Dhabi,Internal road,1.0012E+11,22,Fourth week,Traffic accident with injuries,Not leaving enough space,1,Al Sharqi Street (Muroor) (4),Al Sharqi Street (Muroor) (4),Residential area,Double road,day,clear,Dry,Not on or around 20 meters,Rear collision,Bangladesh,N,Driver,Driver's seat,Moderate,25,M,Male,25,18 to 30 years,Feb,Asian States,Wednesday,12:12,PM,18 to 30 years,1,Not Identified,Not Identified,13,"4730.                 Having surveyed the scene of the accident: - The vehicle causing the accident was completely parked at the far right emergency line, the motorbike was taking the same direction, due to the little distance between the car and the bike, the bike bumped into the rear part of the other, the driver got injured as illustrated in the chart.      ","Al Qurm Corniche, opposite the Indian School",No,80,None,4
Abu Dhabi,Khaldiya Police Station,2012,February,22-02-12,Abu Dhabi,Internal road,1.0012E+11,22,Fourth week,Traffic accident with injuries,Sudden deviation,1,Rashed Bin Saeed Al-Maktoum Street (2),Rashed Bin Saeed Al-Maktoum Street (2),Commercial area,Car parking,day,clear,Dry,Not on or around 20 meters,Rear collision,Morocco,Y,Driver,Driver's seat,Minor,23,M,Male,23,18 to 30 years,Feb,Arab States,Wednesday,14:30,PM,18 to 30 years,1,Markaziya,Block 11-1,14,"4731.                 Having surveyed the scene of the accident: - The vehicle causing the accident was heading from the west to the east taking the right lane, the vehicle suddenly swerved off and bumped into the pavement and two other parked vehicles as illustrated in the chart.      ","Sheikh Rashid Bin Saeed Street, after the formerly Command intersection, outward",Yes,60,None,4
Abu Dhabi,Shaabiya Police Station,2012,February,25-02-12,Abu Dhabi,Internal road,1.0012E+11,25,Fourth week,Traffic accident with injuries,Bypassing the red traffic light,1,IP28C IntersectionAl Sharqi (Muroor) - Street 27,IP28C IntersectionAl Sharqi (Muroor) - Street 27,Govt. authority,Intersection,day,clear,Dry,Perpendicular Intersection,Perpendicular collision,South Africa,Y,Driver,Driver's seat,Minor,31,F,Female,31,31 to 45 years,Feb,Other,Saturday,15:50,PM,31 to 45 years,1,Hadbat Al Zafaran,Block 23-1,184,"4732.                 Having surveyed the scene of the accident: - The vehicle causing the accident was heading from the east to the west to the direction leading to Sheikh Rashed bin Saeed street, the damaged vehicle was coming from the west to the east taking the middle lane, when both arrived the intersection, the driver of the causing ran the red light and bumped into the other one, it kept moving until it hit the pavement, the driver got mild injury and taken to Sheikh Zayed Hospital for treatment, along with other physical damages to the vehicles as illustrated in the chart.      ","Al Sharqi Road, Al Muroor (Police College intersection)",Yes,80,None,4
Abu Dhabi,Khaldiya Police Station,2012,February,27-02-12,Abu Dhabi,Internal road,1.0012E+11,27,Fourth week,Traffic accident with injuries,Not leaving enough space,1,Rashed Bin Saeed Al-Maktoum Street (2),Rashed Bin Saeed Al-Maktoum Street (2),Commercial area,Double road,day,clear,Dry,Not on or around 20 meters,Rear collision,Egypt,Y,Driver,Driver's seat,Moderate,74,M,Male,74,Above 60,Feb,Arab States,Monday,8:20,AM,Above 60,1,Al Maqta,Block 29-2,14,"4733.                 Having surveyed the scene of the accident: - The vehicle causing the accident and the damaged vehicle were heading from the east to the west, due to the little distance between the two, the first bumped into the second, the latter kept moving and crashed into another vehicle, the first driver got injury along with other physical damages to the vehicles as illustrated in the chart.      ","Sheikh Rashid Road after Wimpy intersection, Inward",Yes,80,None,
Abu Dhabi,Khaldiya Police Station,2012,February,27-02-12,Abu Dhabi,Internal road,1.0012E+11,27,Fourth week,Traffic accident with injuries,Not leaving enough space,1,Rashed Bin Saeed Al-Maktoum Street (2),Rashed Bin Saeed Al-Maktoum Street (2),Commercial area,Double road,day,clear,Dry,Not on or around 20 meters,Rear collision,Egypt,Y,Passenger,Front passenger seat,Minor,63,F,Female,63,Above 60,Feb,Arab States,Monday,8:20,AM,Above 60,1,Al Maqta,Block 29-2,14,"4734.                 Having surveyed the scene of the accident: - The vehicle causing the accident and the damaged vehicle were heading from the east to the west, due to the little distance between the two, the first bumped into the second, the latter kept moving and crashed into another vehicle, the first driver got injury along with other physical damages to the vehicles as illustrated in the chart.      ","Sheikh Rashid Road after Wimpy intersection, Inward",Yes,80,None,
Abu Dhabi,Shaabiya Police Station,2012,February,28-02-12,Abu Dhabi,Internal road,1.0012E+11,28,Fourth week,Traffic accident with injuries,Not leaving enough space,1,IP36 IntersectionSalam - Falah,IP36 IntersectionSalam - Falah,Commercial area,Intersection,day,clear,Dry,Perpendicular Intersection,Rear collision,Sultanate of Oman,N,Driver,Driver's seat,Moderate,36,M,Male,36,31 to 45 years,Feb,GCC,Tuesday,18:10,PM,31 to 45 years,1,Madinat Zayed (Abu Dhabi),Block 54-1,150,"4735.                 Having surveyed the scene of the accident: - The two vehicles were heading from the west to the east, the damaged was ahead of the causing, due to the little distance between the two, the first bumped into the rear part of the second and rolled off, the biker got injured along with other physical damages to the vehicles as illustrated in the chart.      ",Formerly Al Futtaim intersection,No,60,None,4
Abu Dhabi,Al Madina Police Station,2012,February,29-02-12,Abu Dhabi,Internal road,1.0012E+11,29,Fifth week,Traffic accident with injuries,Bypassing the red traffic light,1,Street Corniche(1),Street Corniche(1),Govt. authority,Double road,day,clear,Dry,Perpendicular Intersection,Person run over,India,N,Pedestrian,No passenger,Death,42,F,Female,42,31 to 45 years,Feb,Asian States,Wednesday,7:43,AM,31 to 45 years,1,Markaziya,Block 31-1,29,"4736.                 Having surveyed the scene of the accident: - The vehicle causing the accident was heading from the south to the north taking the left lane, the victim was walking down from the west to the east, once the vehicle arrived the intersection, the driver was distracted and ran the red light bumping into the pedestrian, the latter got serious injuries and died at the spot, in addition to physical damages to the vehicle as illustrated in the chart.      ","Corniche Street, the intersection of the Chamber of Commerce and Industry",No,60,Cross on the crosswalk of the intersection,4
Abu Dhabi,Shaabiya Police Station,2012,February,29-02-12,Abu Dhabi,Internal road,1.0012E+11,29,Fifth week,Traffic accident with injuries,Not leaving enough space,1,IP44A IntersectionHazaa Bin Zayed Al Awal - Baniyas (Najda),IP44A IntersectionHazaa Bin Zayed Al Awal - Baniyas (Najda),Hospital,Double road,day,clear,Dry,Not on or around 20 meters,Rear collision,Egypt,Y,Passenger,Front passenger seat,Minor,32,F,Female,32,31 to 45 years,Feb,Arab States,Wednesday,15:30,PM,31 to 45 years,1,Dhafra (Abu Dhabi),Block 35-1,161,"4737.                 Having surveyed the scene of the accident: - The vehicles causing the accident was heading from the north to the east taking the right lane, the two damaged vehicles were ahead of the causing, due to the little distance between the three, the causing driver bumped into the rear part of the first, the latter hit the second, the causing driver got various injuries along with other physical damages to the vehicle as illustrated in the chart.      ","The intersection of Baniyas Street (Al Najda) with Hazaa, in front of Dar Al Shifa Hospital",Yes,60,None,3
Abu Dhabi,Shaabiya Police Station,2012,February,29-02-12,Abu Dhabi,Internal road,1.0012E+11,29,Fifth week,Traffic accident with injuries,Not leaving enough space,1,IP44A IntersectionHazaa Bin Zayed Al Awal - Baniyas (Najda),IP44A IntersectionHazaa Bin Zayed Al Awal - Baniyas (Najda),Hospital,Double road,day,clear,Dry,Not on or around 20 meters,Rear collision,Egypt,Y,Driver,Driver's seat,Minor,58,M,Male,58,46 to 60 years,Feb,Arab States,Wednesday,15:30,PM,46 to 60 years,1,Dhafra (Abu Dhabi),Block 35-1,161,"4738.                 Having surveyed the scene of the accident: - The vehicles causing the accident was heading from the north to the east taking the right lane, the two damaged vehicle were ahead of the causing, due to the little distance between the three, the causing driver bumped into the rear part of the first, the latter hit the second, the causing driver got various injuries along with other physical damages to the vehicle as illustrated in the chart.      ","The intersection of Baniyas Street (Al Najda) with Hazaa, in front of Dar Al Shifa Hospital",Yes,60,None,3
Abu Dhabi,Khaldiya Police Station,2012,February,29-02-12,Abu Dhabi,Internal road,1.0012E+11,29,Fifth week,Traffic accident with injuries,Speedy without taking road conditions into account,1,Street 10,Street 10,Residential area,Double road,day,clear,Dry,Roundabout,Hitting a stationary object off the road,UAE,N,Driver,Driver's seat,Severe,36,M,Male,36,31 to 45 years,Feb,UAE,Wednesday,17:12,PM,31 to 45 years,1,Not Identified,Not Identified,43,"4739.                 Having surveyed the scene of the accident: - The vehicle causing the accident was heading from the west to the east taking the left lane, the driver was distracted, lost control and ran the red light bumping into the roundabout’s pavement, the driver got serious injuries, in addition to physical damages to the vehicle and the state-owned properties as illustrated in the chart.      ","Al Bateen Area, Street No. 10 near Sheikh Ahmed Bin Hamed Palace",No,60,None,3
Abu Dhabi,Shaabiya Police Station,2012,March,02-03-12,Abu Dhabi,Internal road,1.0012E+11,2,First week,Traffic accident with injuries,under influence of intoxicant or narcotic drug,1,IP39 IntersectionHamdan Bin Mohamed - Street10,IP39 IntersectionHamdan Bin Mohamed - Street10,Commercial area,Intersection,night - enough lights,clear,Dry,Perpendicular Intersection,Side collision,Egypt,N,Passenger,Front passenger seat,Moderate,27,F,Female,27,18 to 30 years,Mar,Arab States,Friday,1:52,PM,18 to 30 years,1,Mina,Block 72-1,102,"4740.                 Having surveyed the scene of the accident: - The vehicle causing the accident was heading from the west the east taking the third right lane, the two other damaged vehicles were coming from the north to the south, the causing driver was under the influence of alcohol, he ran the red light and bumped into the right angle of the first, the latter swerved off and hit the right side of the second, the latter hit the plastic barrier, the causing hit also the plastic barrier as illustrated in the chart.",Al Mudakhenin center intersection,No,60,None,7
Abu Dhabi,Shaabiya Police Station,2012,March,03-03-12,Abu Dhabi,Internal road,1.0012E+11,3,First week,Traffic accident with injuries,Not leaving enough space,1,IP110 IntersectionSalam - Street 25,IP110 IntersectionSalam - Street 25,Residential area,Double road,day,clear,Dry,Not on Intersection,Rear collision,India,N,Passenger,Back passenger seat,Minor,27,M,Male,27,18 to 30 years,Mar,Asian States,Saturday,7:00,AM,18 to 30 years,1,Hadbat Al Zafaran,Block 42-1,137,"4741.                 Having surveyed the scene of the accident: - The vehicles causing the accident was heading from the east to the north taking the second right lane, the two damaged vehicles were ahead of the causing, due to the little distance between the three, the causing driver bumped into the rear part of the first, the latter hit the second, all vehicles stopped as illustrated in the chart.      ","After the second tunnel, Inward, and before the pedestrian bridge",No,100,None,4
Abu Dhabi,Shaabiya Police Station,2012,March,03-03-12,Abu Dhabi,Internal road,1.0012E+11,3,First week,Traffic accident with injuries,Not leaving enough space,1,IP110 IntersectionSalam - Street 25,IP110 IntersectionSalam - Street 25,Residential area,Double road,day,clear,Dry,Not on Intersection,Rear collision,Bangladesh,N,Passenger,Back passenger seat,Minor,32,M,Male,32,31 to 45 years,Mar,Asian States,Saturday,7:00,AM,31 to 45 years,1,Hadbat Al Zafaran,Block 42-1,137,"4742.                 Having surveyed the scene of the accident: - The vehicles causing the accident was heading from the east to the north taking the second right lane, the two damaged vehicles were ahead of the causing, due to the little distance between the three, the causing driver bumped into the rear part of the first, the latter hit the second, all vehicles stopped as illustrated in the chart.      ","After the second tunnel, Inward, and before the pedestrian bridge",No,100,None,4
Abu Dhabi,Shaabiya Police Station,2012,March,03-03-12,Abu Dhabi,Internal road,1.0012E+11,3,First week,Traffic accident with injuries,Not leaving enough space,1,IP110 IntersectionSalam - Street 25,IP110 IntersectionSalam - Street 25,Residential area,Double road,day,clear,Dry,Not on Intersection,Rear collision,India,N,Passenger,Back passenger seat,Minor,24,M,Male,24,18 to 30 years,Mar,Asian States,Saturday,7:00,AM,18 to 30 years,1,Hadbat Al Zafaran,Block 42-1,137,"4743.                 Having surveyed the scene of the accident: - The vehicles causing the accident was heading from the east to the north taking the second right lane, the two damaged vehicles were ahead of the causing, due to the little distance between the three, the causing driver bumped into the rear part of the first, the latter hit the second, all vehicles stopped as illustrated in the chart.      ","After the second tunnel, Inward, and before the pedestrian bridge",No,100,None,4
Abu Dhabi,Shaabiya Police Station,2012,March,03-03-12,Abu Dhabi,Internal road,1.0012E+11,3,First week,Traffic accident with injuries,Not leaving enough space,1,IP110 IntersectionSalam - Street 25,IP110 IntersectionSalam - Street 25,Residential area,Double road,day,clear,Dry,Not on Intersection,Rear collision,India,N,Passenger,Back passenger seat,Minor,30,M,Male,30,18 to 30 years,Mar,Asian States,Saturday,7:00,AM,18 to 30 years,1,Hadbat Al Zafaran,Block 42-1,137,"4744.                 Having surveyed the scene of the accident: - The vehicles causing the accident was heading from the east to the north taking the second right lane, the two damaged vehicles were ahead of the causing, due to the little distance between the three, the causing driver bumped into the rear part of the first, the latter hit the second, all vehicles stopped as illustrated in the chart.      ","After the second tunnel, Inward, and before the pedestrian bridge",No,100,None,4
Abu Dhabi,Shaabiya Police Station,2012,March,03-03-12,Abu Dhabi,Internal road,1.0012E+11,3,First week,Traffic accident with injuries,Not leaving enough space,1,IP110 IntersectionSalam - Street 25,IP110 IntersectionSalam - Street 25,Residential area,Double road,day,clear,Dry,Not on Intersection,Rear collision,Bangladesh,N,Passenger,Back passenger seat,Minor,29,M,Male,29,18 to 30 years,Mar,Asian States,Saturday,7:00,AM,18 to 30 years,1,Hadbat Al Zafaran,Block 42-1,137,"4745.                 Having surveyed the scene of the accident: - The vehicles causing the accident was heading from the east to the north taking the second right lane, the two damaged vehicles were ahead of the causing, due to the little distance between the three, the causing driver bumped into the rear part of the first, the latter hit the second, all vehicles stopped as illustrated in the chart.      ","After the second tunnel, Inward, and before the pedestrian bridge",No,100,None,4
Abu Dhabi,Shaabiya Police Station,2012,March,03-03-12,Abu Dhabi,Internal road,1.0012E+11,3,First week,Traffic accident with injuries,Not leaving enough space,1,IP110 IntersectionSalam - Street 25,IP110 IntersectionSalam - Street 25,Residential area,Double road,day,clear,Dry,Not on Intersection,Rear collision,India,N,Passenger,Back passenger seat,Moderate,46,M,Male,46,46 to 60 years,Mar,Asian States,Saturday,7:00,AM,46 to 60 years,1,Hadbat Al Zafaran,Block 42-1,137,"4746.                 Having surveyed the scene of the accident: - The vehicles causing the accident was heading from the east to the north taking the second right lane, the two damaged vehicles were ahead of the causing, due to the little distance between the three, the causing driver bumped into the rear part of the first, the latter hit the second, all vehicles stopped as illustrated in the chart.      ","After the second tunnel, Inward, and before the pedestrian bridge",No,100,None,4
Abu Dhabi,Shaabiya Police Station,2012,March,03-03-12,Abu Dhabi,Internal road,1.0012E+11,3,First week,Traffic accident with injuries,Not leaving enough space,1,IP110 IntersectionSalam - Street 25,IP110 IntersectionSalam - Street 25,Residential area,Double road,day,clear,Dry,Not on Intersection,Rear collision,India,N,Passenger,Back passenger seat,Minor,34,M,Male,34,31 to 45 years,Mar,Asian States,Saturday,7:00,AM,31 to 45 years,1,Hadbat Al Zafaran,Block 42-1,137,"4747.                 Having surveyed the scene of the accident: - The vehicles causing the accident was heading from the east to the north taking the second right lane, the two damaged vehicles were ahead of the causing, due to the little distance between the three, the causing driver bumped into the rear part of the first, the latter hit the second, all vehicles stopped as illustrated in the chart.      ","After the second tunnel, Inward, and before the pedestrian bridge",No,100,None,4
Abu Dhabi,Shaabiya Police Station,2012,March,03-03-12,Abu Dhabi,Internal road,1.0012E+11,3,First week,Traffic accident with injuries,Not leaving enough space,1,IP110 IntersectionSalam - Street 25,IP110 IntersectionSalam - Street 25,Residential area,Double road,day,clear,Dry,Not on Intersection,Rear collision,India,N,Passenger,Back passenger seat,Minor,56,M,Male,56,46 to 60 years,Mar,Asian States,Saturday,7:00,AM,46 to 60 years,1,Hadbat Al Zafaran,Block 42-1,137,"4748.                 Having surveyed the scene of the accident: - The vehicles causing the accident was heading from the east to the north taking the second right lane, the two damaged vehicles were ahead of the causing, due to the little distance between the three, the causing driver bumped into the rear part of the first, the latter hit the second, all vehicles stopped as illustrated in the chart.      ","After the second tunnel, Inward, and before the pedestrian bridge",No,100,None,4
Abu Dhabi,Shaabiya Police Station,2012,March,03-03-12,Abu Dhabi,Internal road,1.0012E+11,3,First week,Traffic accident with injuries,Not leaving enough space,1,IP110 IntersectionSalam - Street 25,IP110 IntersectionSalam - Street 25,Residential area,Double road,day,clear,Dry,Not on Intersection,Rear collision,Pakistan,Y,Driver,Driver's seat,Minor,44,M,Male,44,31 to 45 years,Mar,Asian States,Saturday,7:00,AM,31 to 45 years,1,Hadbat Al Zafaran,Block 42-1,137,"4749.                 Having surveyed the scene of the accident: - The vehicles causing the accident was heading from the east to the north taking the second right lane, the two damaged vehicles were ahead of the causing, due to the little distance between the three, the causing driver bumped into the rear part of the first, the latter hit the second, all vehicles stopped as illustrated in the chart.      ","After the second tunnel, Inward, and before the pedestrian bridge",Yes,100,None,4
Abu Dhabi,Shaabiya Police Station,2012,March,03-03-12,Abu Dhabi,Internal road,1.0012E+11,3,First week,Traffic accident with injuries,Ignoring road lane,1,Rashed Bin Saeed Al-Maktoum Street (2),Rashed Bin Saeed Al-Maktoum Street (2),Fuel Station,Double road,day,dusty,Dry,Not on or around 20 meters,deterioration,Tunisia,N,Driver,Driver's seat,Moderate,36,M,Male,36,31 to 45 years,Mar,Arab States,Saturday,14:10,PM,31 to 45 years,1,Sefarat,Block 25-2,14,"4750.                 Having surveyed the scene of the accident: - The vehicle causing the accident was heading from the east to the west taking the second right lane, the latter due to the negligence crashed into the pavement and flipped over the right side as illustrated in the chart.      ","Sheikh Rashid Bin Saeed Street, Inward, near ADNOC Station",No,80,None,
Abu Dhabi,Shaabiya Police Station,2012,March,04-03-12,Abu Dhabi,Internal road,1.1412E+11,4,First week,Traffic accident with injuries,Not observing the stop sign,1,IP11 IntersectionZayed Al Awal - Salam,IP11 IntersectionZayed Al Awal - Salam,Commercial area,Intersection,day,clear,Dry,Half Perpendicular Intersection,Perpendicular collision,Egypt,Y,Passenger,Front passenger seat,Moderate,50,M,Male,50,46 to 60 years,Mar,Arab States,Sunday,15:00,PM,46 to 60 years,1,Markaziya,Block 53-1,98,"4751.                 Having surveyed the scene of the accident: - The vehicle causing the accident was heading from the south to the north, the damaged vehicle was coming from the east to the west, the causing did not check the traffic condition and crashed into the rear part of the other as illustrated in the chart.      ",,Yes,40,None,1
Abu Dhabi,Shaabiya Police Station,2012,March,04-03-12,Abu Dhabi,Internal road,1.1412E+11,4,First week,Traffic accident with injuries,Not observing the stop sign,1,IP11 IntersectionZayed Al Awal - Salam,IP11 IntersectionZayed Al Awal - Salam,Commercial area,Intersection,day,clear,Dry,Half Perpendicular Intersection,Perpendicular collision,Egypt,Y,Driver,Driver's seat,Minor,25,M,Male,25,18 to 30 years,Mar,Arab States,Sunday,15:00,PM,18 to 30 years,1,Markaziya,Block 53-1,98,"4752.                 Having surveyed the scene of the accident: - The vehicles causing the accident was heading from the south to the north, the damaged vehicle was coming from the east to the west, the causing did not check the traffic condition and crashed into the rear part of the other as illustrated in the chart.      ",,Yes,40,None,1
Abu Dhabi,Al Madina Police Station,2012,March,04-03-12,Abu Dhabi,Internal road,1.0012E+11,4,First week,Traffic accident with injuries,Misuse of traffic,1,Street Khalifa Bin Zayed(3),Street Khalifa Bin Zayed(3),Commercial area,Double road,day,clear,Dry,Not on or around 20 meters,Person run over,Britain,N,Pedestrian,No passenger,Severe,29,F,Female,29,18 to 30 years,Mar,Other,Sunday,12:00,PM,18 to 30 years,1,Markaziya,Block 51-1,28,"4753.                 Having surveyed the scene of the accident: - during a bike marathon, the street was closed from the corniche to the yes island, the biker in front of the British club tried to skip 2 other bikes, but he bumped into the body of the victim, both fell to the ground as illustrated in the chart.      ","Sheikh Khalifa Bin Zayed Street, opposite the British Club",No,40,Other (Specify),4
Abu Dhabi,Al Madina Police Station,2012,March,04-03-12,Abu Dhabi,Internal road,1.0012E+11,4,First week,Traffic accident with injuries,Not giving priority to pedestrian crossing,1,Street Hamdan Bin Mohamed(5),Street Hamdan Bin Mohamed(5),Commercial area,Double road,day,clear,Dry,Not on or around 20 meters,Person run over,Bangladesh,N,Pedestrian,No passenger,Severe,21,M,Male,21,18 to 30 years,Mar,Asian States,Sunday,13:49,PM,18 to 30 years,1,Markaziya,Block 52-1,26,"4754.                 Having surveyed the scene of the accident: - The vehicle causing the accident was heading from the south to the north taking the far left lane, the pedestrian was crossing from the east to the west, the driver neglected the pedestrians and hit the body of the victim as illustrated in the chart.      ","Hamdan Street, opposite Liwa Center",No,60,Cross on crosswalk not in the intersection,3
Abu Dhabi,Al Madina Police Station,2012,March,04-03-12,Abu Dhabi,Internal road,1.0012E+11,4,First week,Traffic accident with injuries,Misuse of traffic,1,Street 10,Street 10,Commercial area,Car parking,night - enough lights,clear,Dry,Not on Intersection,Person run over,Morocco,N,Pedestrian,No passenger,Minor,34,F,Female,34,31 to 45 years,Mar,Arab States,Sunday,20:00,PM,31 to 45 years,1,Mina,Block 94-1,43,"4755.                 Having surveyed the scene of the accident: - The vehicle causing the accident was heading from the south to the north taking the far left lane, the pedestrian was crossing from the east to the west, the driver neglected the pedestrians and hit the body of the victim as illustrated in the chart.      ",Parking on Al Mina Street next to the Abu Dhabi Cooperative Society,No,40,"Cross, there's no crosswalk",2
Abu Dhabi,Khaldiya Police Station,2012,March,04-03-12,Abu Dhabi,Internal road,1.0012E+11,4,First week,Traffic accident with injuries,Bypassing the red traffic light,1,IP33B IntersectionFalah - Arabian Gulf,IP33B IntersectionFalah - Arabian Gulf,School,Intersection,night - enough lights,clear,Dry,Perpendicular Intersection,Reciprocal collision,UAE,N,Driver,Driver's seat,Minor,29,M,Male,29,18 to 30 years,Mar,UAE,Sunday,21:40,PM,18 to 30 years,1,Al Butain,Block 74-2,157,"4756.                 Having surveyed the scene of the accident: - The vehicle causing the accident was heading from the west to the north taking the left lane, the second causing vehicle was coming from east to west, a driver ran the red light and bumped into the front part of the other, it rolled off and stopped at the opposite direction, both vehicles got physical damages as illustrated in the chart.      ","Arabian Gulf Street, the intersection of Al Mawaheb School",No,80,None,4
Abu Dhabi,Khaldiya Police Station,2012,March,04-03-12,Abu Dhabi,Internal road,1.0012E+11,4,First week,Traffic accident with injuries,Bypassing the red traffic light,1,IP33B IntersectionFalah - Arabian Gulf,IP33B IntersectionFalah - Arabian Gulf,School,Intersection,night - enough lights,clear,Dry,Perpendicular Intersection,Reciprocal collision,USA,Y,Driver,Driver's seat,Minor,52,M,Male,52,46 to 60 years,Mar,Other,Sunday,21:40,PM,46 to 60 years,1,Al Butain,Block 74-2,157,"4757.                 Having surveyed the scene of the accident: - The vehicle causing the accident was heading from the west to the north taking the left lane, the second causing vehicle was coming from east to west, a driver ran the red light and bumped into the front part of the other, it rolled off and stopped at the opposite direction, both vehicles got physical damages as illustrated in the chart.      ","Arabian Gulf Street, the intersection of Al Mawaheb School",Yes,80,None,4
Abu Dhabi,Khaldiya Police Station,2012,March,04-03-12,Abu Dhabi,Internal road,1.0012E+11,4,First week,Traffic accident with injuries,Bypassing the red traffic light,1,IP33B IntersectionFalah - Arabian Gulf,IP33B IntersectionFalah - Arabian Gulf,School,Intersection,night - enough lights,clear,Dry,Perpendicular Intersection,Reciprocal collision,Lebanon,Y,Passenger,Front passenger seat,Minor,41,F,Female,41,31 to 45 years,Mar,Arab States,Sunday,21:40,PM,31 to 45 years,1,Al Butain,Block 74-2,157,"4758.                 Having surveyed the scene of the accident: - The vehicle causing the accident was heading from the west to the north taking the left lane, the second causing vehicle was coming from east to west, a driver ran the red light and bumped into the front part of the other, it rolled off and stopped at the opposite direction, both vehicles got physical damages as illustrated in the chart.      ","Arabian Gulf Street, the intersection of Al Mawaheb School",Yes,80,None,4
Abu Dhabi,Shaabiya Police Station,2012,March,05-03-12,Abu Dhabi,Internal road,1.0012E+11,5,First week,Traffic accident with injuries,Negligence and inobservance,1,Al Sharqi Street (Muroor) (4),Al Sharqi Street (Muroor) (4),Commercial area,Car parking,night - enough lights,clear,Dry,Not on Intersection,Rear collision,Bangladesh,N,Pedestrian,No passenger,Minor,65,M,Male,65,Above 60,Mar,Asian States,Monday,18:30,PM,Above 60,1,Madinat Zayed (Abu Dhabi),Block 14-1,13,"4759.                 Having surveyed the scene of the accident: - The vehicle causing the accident was parked in front of a shop, he started the engine and put the gear in back position and pressed the pedal, instead of moving forward, he moved backward, it climbed the pavement and hit 2 persons and the shop front, it carried on and broke into the shop hitting another 2 persons, 4 people got injured and physical damages occurred to the shop and the vehicle as illustrated in the chart.      ","Madinat Zayed, behind the gold market",No,40,Stop,2
Abu Dhabi,Shaabiya Police Station,2012,March,05-03-12,Abu Dhabi,Internal road,1.0012E+11,5,First week,Traffic accident with injuries,Negligence and inobservance,1,Al Sharqi Street (Muroor) (4),Al Sharqi Street (Muroor) (4),Commercial area,Car parking,night - enough lights,clear,Dry,Not on Intersection,Rear collision,Bangladesh,N,Pedestrian,No passenger,Minor,25,M,Male,25,18 to 30 years,Mar,Asian States,Monday,18:30,PM,18 to 30 years,1,Madinat Zayed (Abu Dhabi),Block 14-1,13,"4760.                 Having surveyed the scene of the accident: - The vehicle causing the accident was parked in front of a shop, he started the engine and put the gear in back position and pressed the pedal, instead of moving forward, he moved backward, it climbed the pavement and hit 2 persons and the shop front, it carried on and broke into the shop hitting another 2 persons, 4 people got injured and physical damages occurred to the shop and the vehicle as illustrated in the chart.      ","Madinat Zayed, behind the gold market",No,40,Stop,2