Emirate,Police Station,Year,Month,Date,City,Road,Report Number,Day,Week,Report type,Reasons,Computed,Streets,Street,Place,Location,lighting,Weather,Road surface,Intersection,Accident Type,Nationalities,Seat Belt,Injured person position,Injured person's seat,Degree of the injury,Age of the injured,Gender,Gender of the injured,Inp Age,Age Group,Date - Month,Nationality of the Injured person,Day,Iac Rep Time,Time,Age Group - Ministry,Computed2,Area,Block,Str Code,Accident Description,Location,Fasten seat belt,Road speed limit,Pedestrian action,Number of Lanes
Abu Dhabi,Shaabiya Police Station,2012,March,16-03-12,Abu Dhabi,Internal road,1.0012E+11,16,Third week,Traffic accident with injuries,Bypassing the red traffic light,1,IP86 IntersectionAl Sharqi (Muroor) - Street 21,IP86 IntersectionAl Sharqi (Muroor) - Street 21,Commercial area,Intersection,day,clear,Dry,Perpendicular Intersection,Perpendicular collision,Pakistan,N,Passenger,Back passenger seat,Death,9,M,Male,9,8 to 17 years,Mar,Asian States,Friday,14:24,PM,Below 18 years,1,Hadbat Al Zafaran,Block 20-1,181,"4795.                 Having surveyed the scene of the accident: - The vehicle causing the accident was coming from the west to the east taking the direction leading to the street 21, the damaged was coming from the east to the west taking the second right lane, the driver of the causing ran the red light and crashed into the traffic pole and turned upside down, a child in the damaged car died and all passengers got mild to moderate injuries along with physical damages to the vehicles and the state-owned properties as illustrated in the chart.      ","Al Muroor Street, the intersection of the Pakistan School with Street No. 21",No,80,None,5
Abu Dhabi,Shaabiya Police Station,2012,March,16-03-12,Abu Dhabi,Internal road,1.0012E+11,16,Third week,Traffic accident with injuries,Bypassing the red traffic light,1,IP86 IntersectionAl Sharqi (Muroor) - Street 21,IP86 IntersectionAl Sharqi (Muroor) - Street 21,Commercial area,Intersection,day,clear,Dry,Perpendicular Intersection,Perpendicular collision,Egypt,Y,Driver,Driver's seat,Minor,36,M,Male,36,31 to 45 years,Mar,Arab States,Friday,14:24,PM,31 to 45 years,1,Hadbat Al Zafaran,Block 20-1,181,"4796.                 Having surveyed the scene of the accident: - The vehicle causing the accident was coming from the west to the east taking the direction leading to the street 21, the damaged was coming from the east to the west taking the second right lane, the driver of the causing ran the red light and crashed into the traffic pole and turned upside down, a child in the damaged car died and all passengers got mild to moderate injuries along with physical damages to the vehicles and the state-owned properties as illustrated in the chart.      ","Al Muroor Street, the intersection of the Pakistan School with Street No. 21",Yes,80,None,5
Abu Dhabi,Khaldiya Police Station,2012,March,16-03-12,Abu Dhabi,Internal road,1.0012E+11,16,Third week,Traffic accident with injuries,Bypassing the red traffic light,1,IP118 Street Bainunah (IntersectionCentral Bank),IP118 Street Bainunah (IntersectionCentral Bank),Govt. authority,Intersection,day,clear,Dry,Perpendicular Intersection,Perpendicular collision,UAE,Y,Driver,Driver's seat,Minor,28,F,Female,28,18 to 30 years,Mar,UAE,Friday,17:30,PM,18 to 30 years,1,Al Butain,Block 95-2,159,"4797.                 Having surveyed the scene of the accident: - The vehicle causing the accident was coming from the west to the east taking the middle lane, the damaged was coming from the south to the north, the driver of the causing ran the red light and crashed into the left side of the damaged as illustrated in the chart.      ","Al Bateen Area, Baynunah Street, Central Bank intersection",Yes,60,None,4
Abu Dhabi,Khaldiya Police Station,2012,March,16-03-12,Abu Dhabi,Internal road,1.0012E+11,16,Third week,Traffic accident with injuries,Bypassing the red traffic light,1,IP134 IntersectionAl Saada - Street 32,IP134 IntersectionAl Saada - Street 32,Mosque,Double road,night - enough lights,clear,Dry,Multiple leg Intersection,Perpendicular collision,Jordan,Y,Passenger,Front passenger seat,Minor,27,F,Female,27,18 to 30 years,Mar,Arab States,Friday,20:36,PM,18 to 30 years,1,Mushrif,Block 79-2,135,"4798.                 Having surveyed the scene of the accident: - The vehicle causing the accident was coming from the east to the west taking the left lane, the damaged was coming from the north to the south, the driver of the causing ran the red light and crashed into the left side of the damaged, both vehicles turned around and stopped in the middle of the road as illustrated in the chart.      ",The intersection of Al Saada Street with Sultan Bin Zayed Street (Al Hudairiat Intersection),Yes,60,None,2
Abu Dhabi,Khaldiya Police Station,2012,March,16-03-12,Abu Dhabi,Internal road,1.0012E+11,16,Third week,Traffic accident with injuries,Bypassing the red traffic light,1,IP134 IntersectionAl Saada - Street 32,IP134 IntersectionAl Saada - Street 32,Mosque,Double road,night - enough lights,clear,Dry,Multiple leg Intersection,Perpendicular collision,Jordan,Y,Driver,Driver's seat,Minor,28,F,Female,28,18 to 30 years,Mar,Arab States,Friday,20:36,PM,18 to 30 years,1,Mushrif,Block 79-2,135,"4799.                 Having surveyed the scene of the accident: - The vehicle causing the accident was coming from the east to the west taking the left lane, the damaged was coming from the north to the south, the driver of the causing ran the red light and crashed into the left side of the damaged, both vehicles turned around and stopped in the middle of the road as illustrated in the chart.      ",The intersection of Al Saada Street with Sultan Bin Zayed Street (Al Hudairiat Intersection),Yes,60,None,2
Abu Dhabi,Khaldiya Police Station,2012,March,16-03-12,Abu Dhabi,Internal road,1.0012E+11,16,Third week,Traffic accident with injuries,Bypassing the red traffic light,1,IP134 IntersectionAl Saada - Street 32,IP134 IntersectionAl Saada - Street 32,Mosque,Double road,night - enough lights,clear,Dry,Multiple leg Intersection,Perpendicular collision,Jordan,Y,Driver,Driver's seat,Minor,31,M,Male,31,31 to 45 years,Mar,Arab States,Friday,20:36,PM,31 to 45 years,1,Mushrif,Block 79-2,135,"4800.                 Having surveyed the scene of the accident: - The vehicle causing the accident was coming from the east to the west taking the left lane, the damaged was coming from the north to the south, the driver of the causing ran the red light and crashed into the left side of the damaged, both vehicles turned around and stopped in the middle of the road as illustrated in the chart.      ",The intersection of Al Saada Street with Sultan Bin Zayed Street (Al Hudairiat Intersection),Yes,60,None,2
Abu Dhabi,Khaldiya Police Station,2012,March,17-03-12,Abu Dhabi,Internal road,1.0012E+11,17,Third week,Traffic accident with injuries,Speedy without taking road conditions into account,1,Street Arabian Gulf(30),Street Arabian Gulf(30),Residential area,Car parking,day,clear,Dry,Other,deterioration,UAE,N,Driver,Driver's seat,Severe,15,M,Male,15,8 to 17 years,Mar,UAE,Saturday,18:00,PM,Below 18 years,1,Al Butain,Block 75-2,16,"4801.                 Having surveyed the scene of the accident: - a biker drove in the parking lots of some residential areas, he exceeded the speed and lost control, he fell to the ground and the bike slipped 23 meters away, the biker seriously injured and taken to the hospital as illustrated in the chart.      ","Side Street No. 6, Plot 57 off the Arabian Gulf, residential area",??,40,None,1
Abu Dhabi,Khaldiya Police Station,2012,March,17-03-12,Abu Dhabi,Internal road,1.0012E+11,17,Third week,Traffic accident with injuries,under influence of intoxicant or narcotic drug,1,Street Al Nahyan (26),Street Al Nahyan (26),Residential area,Other(specify),day,clear,Dry,Roundabout,Hitting a stationary object on the road,Philippines,N,Passenger,Front passenger seat,Minor,30,F,Female,30,18 to 30 years,Mar,Asian States,Saturday,1:38,PM,18 to 30 years,1,Manhal,Block 54-2,42,"4802.                 Having surveyed the scene of the accident: - The vehicle causing the accident was coming from the west to the south taking the far left lane, the driver was intoxicated, the vehicle crashed into the pavement of the island and the roundabout’s pavement as illustrated in the chart.      ","Al Mushrif area, Equestrian Club roundabout",??,80,None,3
Abu Dhabi,Khaldiya Police Station,2012,March,17-03-12,Abu Dhabi,Internal road,1.0012E+11,17,Third week,Traffic accident with injuries,under influence of intoxicant or narcotic drug,1,Street Al Nahyan (26),Street Al Nahyan (26),Residential area,Other(specify),day,clear,Dry,Roundabout,Hitting a stationary object on the road,Philippines,Y,Passenger,Back passenger seat,Minor,37,F,Female,37,31 to 45 years,Mar,Asian States,Saturday,1:38,PM,31 to 45 years,1,Manhal,Block 54-2,42,"4803.                 Having surveyed the scene of the accident: - The vehicle causing the accident was coming from the west to the south taking the far left lane, the driver was intoxicated, the vehicle crashed into the pavement of the island and the roundabout’s pavement as illustrated in the chart.      ","Al Mushrif area, Equestrian Club roundabout",Yes,80,None,3
Abu Dhabi,Shaabiya Police Station,2012,March,17-03-12,Abu Dhabi,Internal road,1.0012E+11,17,Third week,Traffic accident with injuries,Misuse of traffic,1,Street Falah(9),Street Falah(9),Residential area,Double road,night - enough lights,clear,Dry,Other,Person run over,Britain,N,Driver,Driver's seat,Moderate,30,M,Male,30,18 to 30 years,Mar,Other,Saturday,18:40,PM,18 to 30 years,1,Dhafra (Abu Dhabi),Block 35-1,24,"4804.                 Having surveyed the scene of the accident: - The vehicle causing the accident was coming from the south to the north, the damaged vehicle was coming from the south to the north crashing into the right side of the other as illustrated in the chart.      ",Power House area,??,60,"Cross, there's no crosswalk",1
Abu Dhabi,Khaldiya Police Station,2012,March,18-03-12,Abu Dhabi,Internal road,1.0012E+11,18,Third week,Traffic accident with injuries,Bypassing the red traffic light,1,Rashed Bin Saeed Al-Maktoum Street (2),Rashed Bin Saeed Al-Maktoum Street (2),Commercial area,Intersection,day,clear,Dry,Perpendicular Intersection,Perpendicular collision,India,Y,Passenger,Front passenger seat,Minor,48,M,Male,48,46 to 60 years,Mar,Asian States,Sunday,12:10,PM,46 to 60 years,1,Mushrif,Block 19-1,14,"4805.                 Having surveyed the scene of the accident: - The vehicle causing the accident coming from the west to the east taking the second right lane, the damaged vehicle was coming from the east to the west, the two arrived the intersection without respecting the traffic rules, then the accident happened, the causing hit the right side of the other, the passenger of the latter injured along with physical damages to the vehicle as illustrated in the chart. ","Mushrif Mall intersection, Rashid bin Saeed Street",Yes,60,None,4
Abu Dhabi,Khaldiya Police Station,2012,March,19-03-12,Abu Dhabi,Internal road,1.0012E+11,19,Third week,Traffic accident with injuries,Not leaving enough space,1,Rashed Bin Saeed Al-Maktoum Street (2),Rashed Bin Saeed Al-Maktoum Street (2),Residential area,Double road,night - enough lights,clear,Dry,Not on Intersection,Rear collision,India,N,Passenger,Back passenger seat,Minor,32,M,Male,32,31 to 45 years,Mar,Asian States,Monday,10:33,AM,31 to 45 years,1,Mushrif,Block 19-1,14,"4806.                 Having surveyed the scene of the accident: - The two vehicles were coming from the north to the south taking the middle lane, the damaged vehicle was ahead of the causing, before arriving the speed bump, the driver of the damaged slowed down, due to the lack of enough space he hit the rear part of the other, a passenger injured along with physical damages to the vehicles as illustrated in the chart.","Al-Mushrif, off Sheikh Rashid Bin Saeed Street",??,60,None,3
Abu Dhabi,Khaldiya Police Station,2012,March,21-03-12,Abu Dhabi,Internal road,1.0012E+11,21,Third week,Traffic accident with injuries,Bypassing the red traffic light,1,IP7A IntersectionCorniche - Arabian Gulf,IP7A IntersectionCorniche - Arabian Gulf,Commercial area,Intersection,night - enough lights,clear,Dry,Half Perpendicular Intersection,Perpendicular collision,Jordan,N,Passenger,Back passenger seat,Minor,27,M,Male,27,18 to 30 years,Mar,Arab States,Wednesday,21:12,PM,18 to 30 years,1,Khaldiya,Block 73-2,125,"4807.                 Having surveyed the scene of the accident: - The vehicle causing the accident coming from the north to the south taking the second left lane, the damaged vehicles were coming from the south to the north, the first took the right lane, the second lane, the third took the middle lane, the causing ran the red light and hit the left side of the first, the latter turned back by the power of the collusion and hit a traffic sign …… as illustrated in the chart.",The intersection of Corniche Street with the Arabian Gulf Street,??,60,None,4
Abu Dhabi,Khaldiya Police Station,2012,March,21-03-12,Abu Dhabi,Internal road,1.0012E+11,21,Third week,Traffic accident with injuries,Bypassing the red traffic light,1,IP7A IntersectionCorniche - Arabian Gulf,IP7A IntersectionCorniche - Arabian Gulf,Commercial area,Intersection,night - enough lights,clear,Dry,Half Perpendicular Intersection,Perpendicular collision,Jordan,N,Passenger,Back passenger seat,Minor,36,M,Male,36,31 to 45 years,Mar,Arab States,Wednesday,21:12,PM,31 to 45 years,1,Khaldiya,Block 73-2,125,"4808.                 Having surveyed the scene of the accident: - The vehicle causing the accident coming from the north to the south taking the second left lane, the damaged vehicles were coming from the south to the north, the first took the right lane, the second lane, the third took the middle lane, the causing ran the red light and hit the left side of the first, the latter turned back by the power of the collusion and hit a traffic sign …… as illustrated in the chart.",The intersection of Corniche Street with the Arabian Gulf Street,??,60,None,4
Abu Dhabi,Khaldiya Police Station,2012,March,21-03-12,Abu Dhabi,Internal road,1.0012E+11,21,Third week,Traffic accident with injuries,Bypassing the red traffic light,1,IP7A IntersectionCorniche - Arabian Gulf,IP7A IntersectionCorniche - Arabian Gulf,Commercial area,Intersection,night - enough lights,clear,Dry,Half Perpendicular Intersection,Perpendicular collision,Jordan,N,Passenger,Back passenger seat,Minor,27,M,Male,27,18 to 30 years,Mar,Arab States,Wednesday,21:12,PM,18 to 30 years,1,Khaldiya,Block 73-2,125,"4809.                 Having surveyed the scene of the accident: - The vehicle causing the accident coming from the north to the south taking the second left lane, the damaged vehicles were coming from the south to the north, the first took the right lane, the second lane, the third took the middle lane, the causing ran the red light and hit the left side of the first, the latter turned back by the power of the collusion and hit a traffic sign …… as illustrated in the chart.",The intersection of Corniche Street with the Arabian Gulf Street,??,60,None,4
Abu Dhabi,Shaabiya Police Station,2012,March,22-03-12,Abu Dhabi,Internal road,1.0012E+11,22,Fourth week,Traffic accident with injuries,Bypassing the red traffic light,1,Al Sharqi intersection (Muroor) - Mohamed bin Khalifa IP49A,Al Sharqi intersection (Muroor) - Mohamed bin Khalifa IP49A,Commercial area,Intersection,day,clear,Dry,Perpendicular Intersection,Perpendicular collision,UAE,Y,Passenger,Front passenger seat,Moderate,63,M,Male,63,Above 60,Mar,UAE,Thursday,15:50,PM,Above 60,1,Al Wahda,Block 17-1,174,"4810.                 Having surveyed the scene of the accident: - The vehicle causing the accident was coming from the east to the west, the damaged vehicle was coming from the west to the east, once both arrived the intersection, a driver ran the red light crashing into the right side of the other as illustrated in the chart.      ",The intersection of Al-Ittihad newspaper,Yes,60,None,4
Abu Dhabi,Shaabiya Police Station,2012,March,22-03-12,Abu Dhabi,Internal road,1.0012E+11,22,Fourth week,Traffic accident with injuries,Bypassing the red traffic light,1,Al Sharqi intersection (Muroor) - Mohamed bin Khalifa IP49A,Al Sharqi intersection (Muroor) - Mohamed bin Khalifa IP49A,Commercial area,Intersection,day,clear,Dry,Perpendicular Intersection,Perpendicular collision,Philippines,Y,Driver,Driver's seat,Minor,34,F,Female,34,31 to 45 years,Mar,Asian States,Thursday,15:50,PM,31 to 45 years,1,Al Wahda,Block 17-1,174,"4811.                 Having surveyed the scene of the accident: - The vehicle causing the accident was coming from the east to the west, the damaged vehicle was coming from the west to the east, once both arrived the intersection, a driver ran the red light crashing into the right side of the other as illustrated in the chart.      ",The intersection of Al-Ittihad newspaper,Yes,60,None,4
Abu Dhabi,Khaldiya Police Station,2012,March,22-03-12,Abu Dhabi,Internal road,1.0012E+11,22,Fourth week,Traffic accident with injuries,Bypassing the red traffic light,1,IP71 IntersectionAl Saada - Rashed Bin Saeed Al-Maktoum,IP71 IntersectionAl Saada - Rashed Bin Saeed Al-Maktoum,Govt. authority,Intersection,night - enough lights,clear,Dry,Perpendicular Intersection,Perpendicular collision,Lebanon,N,Driver,Driver's seat,Minor,30,M,Male,30,18 to 30 years,Mar,Arab States,Thursday,19:52,PM,18 to 30 years,1,Mushrif,Block 19-2,131,"4812.                 Having surveyed the scene of the accident: - The vehicle causing the accident was coming from the south to the north, the damaged vehicle was coming from the west to the east, the latter ran the red light crashing into the front left door of the other as illustrated in the chart.      ","Al Saada Street, under the Command bridge",No,60,None,3
Abu Dhabi,Khaldiya Police Station,2012,March,23-03-12,Abu Dhabi,Internal road,1.0012E+11,23,Fourth week,Traffic accident with injuries,Speedy without taking road conditions into account,1,Street Arabian Gulf(30),Street Arabian Gulf(30),Govt. authority,Double road,night - enough lights,clear,Dry,Not on Intersection,deterioration,UAE,N,Passenger,Front passenger seat,Death,19,M,Male,19,18 to 30 years,Mar,UAE,Friday,0:50,PM,18 to 30 years,1,Sports City,Block 28-2,16,"4813.                 Having surveyed the scene of the accident: - The vehicle causing the accident was coming from the west to the east taking the second left lane, due to the exceed speed, it swerved off and bumped into the side right pavement, it climbed to a sandy area, it flipped over 44 meters long, the driver jumped off, it kept rolling until it reached the sea water, inside which there were two passengers, the driver died and another passenger died, the other passenger got moderate injury, along with physical damages to the vehicles as illustrated in the chart.  ","Arabian Gulf Street, opposite Zayed Military Hospital, outward",No,100,None,4
Abu Dhabi,Khaldiya Police Station,2012,March,23-03-12,Abu Dhabi,Internal road,1.0012E+11,23,Fourth week,Traffic accident with injuries,Speedy without taking road conditions into account,1,Street Arabian Gulf(30),Street Arabian Gulf(30),Govt. authority,Double road,night - enough lights,clear,Dry,Not on Intersection,deterioration,UAE,Y,Passenger,Back passenger seat,Moderate,15,M,Male,15,8 to 17 years,Mar,UAE,Friday,0:50,PM,Below 18 years,1,Sports City,Block 28-2,16,"4814.                 Having surveyed the scene of the accident: - The vehicle causing the accident was coming from the west to the east taking the second left lane, due to the exceed speed, it swerved off and bumped into the side right pavement, it climbed to a sandy area, it flipped over 44 meters long, the driver jumped off, it kept rolling until it reached the sea water, inside which there were two passengers, the driver died and another passenger died, the other passenger got moderate injury, along with physical damages to the vehicles as illustrated in the chart.  ","Arabian Gulf Street, opposite Zayed Military Hospital, outward",Yes,100,None,4
Abu Dhabi,Khaldiya Police Station,2012,March,23-03-12,Abu Dhabi,Internal road,1.0012E+11,23,Fourth week,Traffic accident with injuries,Speedy without taking road conditions into account,1,Street Arabian Gulf(30),Street Arabian Gulf(30),Govt. authority,Double road,night - enough lights,clear,Dry,Not on Intersection,deterioration,Iran,N,Driver,Driver's seat,Death,21,M,Male,21,18 to 30 years,Mar,Asian States,Friday,0:50,PM,18 to 30 years,1,Sports City,Block 28-2,16,"4815.                 Having surveyed the scene of the accident: - The vehicle causing the accident was coming from the west to the east taking the second left lane, due to the exceed speed, it swerved off and bumped into the side right pavement, it climbed to a sandy area, it flipped over 44 meters long, the driver jumped off, it kept rolling until it reached the sea water, inside which there were two passengers, the driver died and another passenger died, the other passenger got moderate injury, along with physical damages to the vehicles as illustrated in the chart.  ","Arabian Gulf Street, opposite Zayed Military Hospital, outward",No,100,None,4
Abu Dhabi,Shaabiya Police Station,2012,March,23-03-12,Abu Dhabi,Internal road,1.0012E+11,23,Fourth week,Traffic accident with injuries,Misuse of traffic,1,Al Sharqi Street (Muroor) (4),Al Sharqi Street (Muroor) (4),Govt. authority,Double road,night - enough lights,clear,Dry,Turn ,Person run over,Philippines,N,Pedestrian,No passenger,Severe,33,M,Male,33,31 to 45 years,Mar,Asian States,Friday,19:30,PM,31 to 45 years,1,Al Wahda,Block 17-1,13,"4816.                 Having surveyed the scene of the accident: - The vehicle causing the accident was coming from the west to the east taking the left lane, the victim was crossing from the north to the south from a point not designated for the pedestrians, the driver surprised and hit the victim who flew up 10 meters long as illustrated in the chart.  ",Opposite the bus station,No,60,"Cross, there's no crosswalk",4
Abu Dhabi,Shaabiya Police Station,2012,March,24-03-12,Abu Dhabi,Internal road,1.0012E+11,24,Fourth week,Traffic accident with injuries,Not giving priority to pedestrian crossing,1,Street Salam (8),Street Salam (8),Commercial area,Car parking,day,clear,Dry,Not on or around 20 meters,Person run over,Egypt,N,Pedestrian,No passenger,Moderate,25,M,Male,25,18 to 30 years,Mar,Arab States,Saturday,16:40,PM,18 to 30 years,1,Madinat Zayed (Abu Dhabi),Block 54-1,12,"4817.                 Having surveyed the scene of the accident: - The vehicle causing the accident was coming from the north to the south, the victim was crossing from the north to the west taking the pedestrians line, the driver neglected the rules and hot the right side of the victim, who got injured and fell to the ground, he was taken to the hospital, the vehicle had physical damages as illustrated in the chart.  ","A side street linking Al Salam Street and Al Najda Street, opposite the Suzuki Company",No,40,Cross on crosswalk not in the intersection,
Abu Dhabi,Al Madina Police Station,2012,March,25-03-12,Abu Dhabi,Internal road,1.0012E+11,25,Fourth week,Traffic accident with injuries,Ignoring road lane,1,Street Corniche(1),Street Corniche(1),Commercial area,Intersection,night - enough lights,clear,Dry,Half Perpendicular Intersection,Hitting a stationary object on the road,UAE,Y,Driver,Driver's seat,Minor,28,F,Female,28,18 to 30 years,Mar,UAE,Sunday,1:24,PM,18 to 30 years,1,Not Identified,Not Identified,29,"4818.                 Having surveyed the scene of the accident: - The vehicles were heading from the south to the north, one vehicle jumped from the middle lane to the left, the driver of the damaged tried to avoid bumping, it swerved to the right and hit the pole and another vehicle, some parts of the first damaged flown and fell on the second one as illustrated in the chart. The main reason of the accident was the failure of the driver to respect the lane because he changed the route from the middle into the left without checking the traffic condition.      ",Formerly Al Shallal intersection,Yes,60,None,3
Abu Dhabi,Khaldiya Police Station,2012,March,25-03-12,Abu Dhabi,Internal road,1.0012E+11,25,Fourth week,Traffic accident with injuries,Not leaving enough space,1,IP59 IntersectionArabian Gulf - Mohamed Bin Khalifa,IP59 IntersectionArabian Gulf - Mohamed Bin Khalifa,Residential area,Intersection,day,clear,Dry,Perpendicular Intersection,Rear collision,Pakistan,N,Passenger,Back passenger seat,Minor,30,M,Male,30,18 to 30 years,Mar,Asian States,Sunday,8:00,AM,18 to 30 years,1,Rawdah,Block 77-2,177,"4819.                 Having surveyed the scene of the accident: - The two vehicles were heading from the west to the east taking the middle lane, due to the little distance, a driver hit the rear part of the other as illustrated in the chart.      ",The intersection of Arabian Gulf Street with Muhammad Bin Khalifa Street,No,60,None,4
Abu Dhabi,Khaldiya Police Station,2012,March,25-03-12,Abu Dhabi,Internal road,1.0012E+11,25,Fourth week,Traffic accident with injuries,Not leaving enough space,1,IP59 IntersectionArabian Gulf - Mohamed Bin Khalifa,IP59 IntersectionArabian Gulf - Mohamed Bin Khalifa,Residential area,Intersection,day,clear,Dry,Perpendicular Intersection,Rear collision,Pakistan,N,Passenger,Back passenger seat,Moderate,38,M,Male,38,31 to 45 years,Mar,Asian States,Sunday,8:00,AM,31 to 45 years,1,Rawdah,Block 77-2,177,"4820.                 Having surveyed the scene of the accident: - The two vehicles were heading from the west to the east taking the middle lane, due to the little distance, a driver hit the rear part of the other as illustrated in the chart.      ",The intersection of Arabian Gulf Street with Muhammad Bin Khalifa Street,No,60,None,4
Abu Dhabi,Al Madina Police Station,2012,March,26-03-12,Abu Dhabi,Internal road,1.0012E+11,26,Fourth week,Traffic accident with injuries,Speedy without taking road conditions into account,1,IP38 IntersectionZayed Al Awal - Street 10,IP38 IntersectionZayed Al Awal - Street 10,Residential area,Intersection,night - enough lights,clear,Dry,Perpendicular Intersection,Hitting a stationary object on the road,Yemen,Y,Passenger,Front passenger seat,Minor,27,M,Male,27,18 to 30 years,Mar,GCC,Monday,18:15,PM,18 to 30 years,1,Mina,Block 73-1,99,"4821.                 Having surveyed the scene of the accident: - The vehicle causing the accident was coming from the east to the west taking the second left lane, due to the exceed speed limits, the driver lost control and crashed into the plastic barrier and the pavement, then it kept moving crashing into the concrete base and the electric transformer as illustrated in the chart.      ","Tourist Club, the intersection of the Dana Plaza Hotel",Yes,60,None,4
Abu Dhabi,Al Madina Police Station,2012,March,26-03-12,Abu Dhabi,Internal road,1.0012E+11,26,Fourth week,Traffic accident with injuries,Speedy without taking road conditions into account,1,IP38 IntersectionZayed Al Awal - Street 10,IP38 IntersectionZayed Al Awal - Street 10,Residential area,Intersection,night - enough lights,clear,Dry,Perpendicular Intersection,Hitting a stationary object on the road,Palestine,Y,Driver,Driver's seat,Moderate,21,M,Male,21,18 to 30 years,Mar,Arab States,Monday,18:15,PM,18 to 30 years,1,Mina,Block 73-1,99,"4822.                 Having surveyed the scene of the accident: - The vehicle causing the accident was coming from the east to the west taking the second left lane, due to the exceed speed limits, the driver lost control and crashed into the plastic barrier and the pavement, then it kept moving crashing into the concrete base and the electric transformer as illustrated in the chart.      ",Tourist Club intersection with Dana Plaza Hotel,Yes,60,None,4
Abu Dhabi,Al Madina Police Station,2012,March,28-03-12,Abu Dhabi,Internal road,1.1512E+11,28,Fourth week,Traffic accident with injuries,Bypassing the red traffic light,1,IP39A ???? ???? Abu Dhabi ???????,IP39A ???? ???? Abu Dhabi ???????,Commercial area,Intersection,day,clear,Dry,Half Perpendicular Intersection,Perpendicular collision,Egypt,Y,Driver,Driver's seat,Minor,50,M,Male,50,46 to 60 years,Mar,Arab States,Wednesday,7:45,AM,46 to 60 years,1,Mina,Block 94-1,101,"4823.                 Having surveyed the scene of the accident: - The vehicle causing the accident was coming from the south to the north, the damaged vehicle was coming from the west to the east, the latter ran the red light crashing into the rear right part of the other, the driver of the causing got injured along with physical damages to the vehicles as illustrated in the chart.      ",The intersection of Al Qasr Restaurant Traffic Signal,Yes,60,None,3
Abu Dhabi,Khaldiya Police Station,2012,March,28-03-12,Abu Dhabi,Internal road,1.0012E+11,28,Fourth week,Traffic accident with injuries,Driving back without traffic clearance,1,IP3 IntersectionZayed Al Awal - Tariq Bin Zeyad,IP3 IntersectionZayed Al Awal - Tariq Bin Zeyad,Commercial area,Car parking,day,clear,Dry,Not on or around 20 meters,Person run over,Philippines,N,Pedestrian,No passenger,Moderate,57,F,Female,57,46 to 60 years,Mar,Asian States,Wednesday,16:45,PM,46 to 60 years,1,Al Hosn,Block 33-2,91,"4824.                 Having surveyed the scene of the accident: - The vehicle causing the accident was at a side parking, out of focus the driver moved back, he hit a person coming behind, the victim got injured and taken to the hospital as illustrated in the chart.      ","Zayed Al Awal Street, near the German car rental",No,40,Cross without attention,
Abu Dhabi,Shaabiya Police Station,2012,March,28-03-12,Abu Dhabi,Internal road,1.0012E+11,28,Fourth week,Traffic accident with injuries,Bypassing the red traffic light,1,IP86 IntersectionAl Sharqi (Muroor) - Street 21,IP86 IntersectionAl Sharqi (Muroor) - Street 21,School,Intersection,day,clear,Dry,Perpendicular Intersection,Perpendicular collision,Sudan,Y,Driver,Driver's seat,Minor,38,M,Male,38,31 to 45 years,Mar,Arab States,Wednesday,12:36,PM,31 to 45 years,1,Hadbat Al Zafaran,Block 20-1,181,"4825.                 Having surveyed the scene of the accident: - The vehicle causing the accident was coming from the west to the north, the first and second damaged vehicles were coming from the same direction, a driver ran the red light crashing into the rear right part of the first, the latter hit the second, all vehicles got physical damages as illustrated in the chart.      ",Pakistani School intersection,Yes,80,None,4
Abu Dhabi,Khaldiya Police Station,2012,March,28-03-12,Abu Dhabi,Internal road,1.0012E+11,28,Fourth week,Traffic accident with injuries,Bypassing the red traffic light,1,Intercontinental hotel roundabout,Intercontinental hotel roundabout,Commercial area,Intersection,day,clear,Dry,Deviated intersection,Perpendicular collision,Jordan,Y,Driver,Driver's seat,Minor,41,F,Female,41,31 to 45 years,Mar,Arab States,Wednesday,17:00,PM,31 to 45 years,1,Al Butain,Block 95-2,193,"4826.                 Having surveyed the scene of the accident: - The vehicle causing the accident was coming from the east to the west, the damaged vehicle was coming from the north to the west, the latter ran the red light crashing into the front left part of the other as illustrated in the chart.      ",Intercontinental hotel intersection,Yes,60,None,4
Abu Dhabi,Shaabiya Police Station,2012,March,29-03-12,Abu Dhabi,Internal road,1.1512E+11,29,Fifth week,Traffic accident with injuries,Bypassing the red traffic light,1,Al Sharqi Street (Muroor) (4),Al Sharqi Street (Muroor) (4),Bridge / Tunnel,Intersection,day,clear,Dry,Half Perpendicular Intersection,Perpendicular collision,Palestine,Y,Passenger,Back passenger seat,Minor,0,F,Female,0, Undefined,Mar,Arab States,Thursday,8:20,AM,Undefined,1,Dhafra (Abu Dhabi),Block 35-1,13,"4827.                 Having surveyed the scene of the accident: - The vehicle causing the accident was coming from the west to the east, the damaged vehicle was coming from the south to the north, the latter ran the red light crashing into the front left part of the other as illustrated in the chart.      ",Al Jarida intersection,Yes,60,None,4
Abu Dhabi,Shaabiya Police Station,2012,March,29-03-12,Abu Dhabi,Internal road,1.1512E+11,29,Fifth week,Traffic accident with injuries,Bypassing the red traffic light,1,Al Sharqi Street (Muroor) (4),Al Sharqi Street (Muroor) (4),Bridge / Tunnel,Intersection,day,clear,Dry,Half Perpendicular Intersection,Perpendicular collision,Palestine,Y,Driver,Driver's seat,Minor,31,F,Female,31,31 to 45 years,Mar,Arab States,Thursday,8:20,AM,31 to 45 years,1,Dhafra (Abu Dhabi),Block 35-1,13,"4828.                 Having surveyed the scene of the accident: - The vehicle causing the accident was coming from the west to the east, the damaged vehicle was coming from the south to the north, the latter ran the red light crashing into the front left part of the other as illustrated in the chart.      ",Al Jarida intersection,Yes,60,None,4
Abu Dhabi,Khaldiya Police Station,2012,March,29-03-12,Abu Dhabi,Internal road,1.0012E+11,29,Fifth week,Traffic accident with injuries,Bypassing the red traffic light,1,IP26 IntersectionCorniche - Street 26,IP26 IntersectionCorniche - Street 26,Commercial area,Intersection,night - enough lights,clear,Dry,Half Perpendicular Intersection,Perpendicular collision,Bangladesh,N,Passenger,bike passenger,Moderate,21,M,Male,21,18 to 30 years,Mar,Asian States,Thursday,1:00,PM,18 to 30 years,1,Khaldiya,Block 53-2,124,"4829.                 Having surveyed the scene of the accident: - The vehicle causing the accident was coming from the north to the south, the damaged vehicle was coming from the south to the north, the latter ran the red light crashing into the front right part of the other as illustrated in the chart.      ",Etihad Airways intersection,No,60,None,3
Abu Dhabi,Khaldiya Police Station,2012,March,29-03-12,Abu Dhabi,Internal road,1.0012E+11,29,Fifth week,Traffic accident with injuries,Bypassing the red traffic light,1,IP26 IntersectionCorniche - Street 26,IP26 IntersectionCorniche - Street 26,Commercial area,Intersection,night - enough lights,clear,Dry,Half Perpendicular Intersection,Perpendicular collision,Bangladesh,N,Driver,Driver's seat,Moderate,35,M,Male,35,31 to 45 years,Mar,Asian States,Thursday,1:00,PM,31 to 45 years,1,Khaldiya,Block 53-2,124,"4830.                 Having surveyed the scene of the accident: - The vehicle causing the accident was coming from the north to the south, the damaged vehicle was coming from the south to the north, the latter ran the red light crashing into the front right part of the other as illustrated in the chart.      ",Etihad Airways intersection,No,60,None,3