Emirate,Police Station,Year,Month,Date,City,Road,Report Number,Day,Week,Report type,Reasons,Computed,Streets,Street,Place,Location,lighting,Weather,Road surface,Intersection,Accident Type,Nationalities,Seat Belt,Injured person position,Injured person's seat,Degree of the injury,Age of the injured,Gender,Gender of the injured,Inp Age,Age Group,Date - Month,Nationality of the Injured person,Day,Iac Rep Time,Time,Age Group - Ministry,Computed2,Area,Block,Str Code,Accident Description,Location,Fasten seat belt,Road speed limit,Pedestrian action,Number of Lanes
Abu Dhabi,Shaabiya Police Station,2012,March,29-03-12,Abu Dhabi,Internal road,1.0012E+11,29,Fifth week,Traffic accident with injuries,under influence of intoxicant or narcotic drug,1,Al Sharqi Street (Muroor) (4),Al Sharqi Street (Muroor) (4),Residential area,Double road,night - enough lights,clear,Dry,Not on Intersection,Hitting a stationary object off the road,Syria,Y,Driver,Driver's seat,Moderate,30,M,Male,30,18 to 30 years,Mar,Arab States,Thursday,3:35,PM,18 to 30 years,1,Qasr Al Bahar,Block 36-1,13,"4831.                 Having surveyed the scene of the accident: - The vehicle causing the accident was coming from the south to the north, it swerved off hitting the pavement and the surveillance camera post, the vehicle was totally destructed and the driver badly injured as illustrated in the chart.      ","Al Sharqi Ring Street, after Al Saada Bridge, outward",Yes,100,None,4
Abu Dhabi,Shaabiya Police Station,2012,March,29-03-12,Abu Dhabi,Internal road,1.0012E+11,29,Fifth week,Traffic accident with injuries,Bypassing the red traffic light,1,Al Sharqi intersection (Muroor) - Mohamed bin Khalifa IP49A,Al Sharqi intersection (Muroor) - Mohamed bin Khalifa IP49A,Commercial area,Intersection,night - enough lights,clear,Dry,Perpendicular Intersection,Perpendicular collision,Syria,Y,Passenger,Front passenger seat,Minor,20,F,Female,20,18 to 30 years,Mar,Arab States,Thursday,20:20,PM,18 to 30 years,1,Al Wahda,Block 17-1,174,"4832.                 Having surveyed the scene of the accident: - The vehicle causing the accident was coming from the west to the east, the damaged vehicle was coming from the east to the west, the latter ran the red light crashing into the front right part of the other as illustrated in the chart.      ","Al Dhafra Street, intersection with Al Ittihad Newspaper",Yes,60,None,4
Abu Dhabi,Khaldiya Police Station,2012,March,30-03-12,Abu Dhabi,Internal road,1.0012E+11,30,Fifth week,Traffic accident with injuries,Speedy without taking road conditions into account,1,Street Arabian Gulf(30),Street Arabian Gulf(30),Govt. authority,Double road,night - enough lights,clear,Dry,Not on Intersection,Perpendicular collision,Jordan,Y,Driver,Driver's seat,Minor,33,M,Male,33,31 to 45 years,Mar,Arab States,Friday,12:00,PM,31 to 45 years,1,Sports City,Block 27-2,16,"4833.                 Having surveyed the scene of the accident: - The vehicles causing the accidents were coming from the west to the east, the first was taking the fourth lane and the damaged vehicle was taking the third lane, the causing driver lost control and ran the red light crashing into the front left part of the other and the pavement, the driver got injured along with physical damages to the vehicles as illustrated in the chart.      ","Arabian Gulf Street, outward, near Armed Forces Officers Club, before Mussafah Bridge",Yes,100,None,5
Abu Dhabi,Khaldiya Police Station,2012,March,30-03-12,Abu Dhabi,Internal road,1.0012E+11,30,Fifth week,Traffic accident with injuries,Speedy without taking road conditions into account,1,Street Arabian Gulf(30),Street Arabian Gulf(30),Govt. authority,Double road,night - enough lights,clear,Dry,Not on Intersection,Perpendicular collision,Jordan,N,Passenger,Front passenger seat,Moderate,28,F,Female,28,18 to 30 years,Mar,Arab States,Friday,12:00,PM,18 to 30 years,1,Sports City,Block 27-2,16,"4834.                 Having surveyed the scene of the accident: - The vehicles causing the accidents were coming from the west to the east, the first was taking the fourth lane and the damaged vehicle was taking the third lane, the causing driver lost control and ran the red light crashing into the front left part of the other and the pavement, the driver got injured along with physical damages to the vehicles as illustrated in the chart.      ","Arabian Gulf Street, outward, near Armed Forces Officers Club, before Mussafah Bridge",No,100,None,5
Abu Dhabi,Shaabiya Police Station,2012,March,31-03-12,Abu Dhabi,Internal road,1.0012E+11,31,Fifth week,Traffic accident with injuries,Not giving priority to pedestrian crossing,1,IP11A Street Salam (IntersectionFood Control Agency),IP11A Street Salam (IntersectionFood Control Agency),Commercial area,Single road,day,clear,Dry,Perpendicular Intersection,Person run over,USA,N,Pedestrian,No passenger,Moderate,60,F,Female,60,46 to 60 years,Mar,Other,Saturday,7:51,AM,46 to 60 years,1,Madinat Zayed (Abu Dhabi),Block 54-1,145,"4835.                 Having surveyed the scene of the accident: - The vehicle causing the accident was coming from the north to the south, as the driver arrived the pedestrian line he hit the victim as illustrated in the chart. ","Al Salam Street, in front of Dubai Islamic Bank",No,60,Cross on the crosswalk of the intersection,1
Abu Dhabi,Khaldiya Police Station,2012,March,31-03-12,Abu Dhabi,Internal road,1.0012E+11,31,Fifth week,Traffic accident with injuries,under influence of intoxicant or narcotic drug,1,IP135 IntersectionArabian Gulf - Al Saada,IP135 IntersectionArabian Gulf - Al Saada,Residential area,Intersection,day,clear,Dry,Multiple leg Intersection,Perpendicular collision,UAE,N,Driver,Driver's seat,Minor,39,F,Female,39,31 to 45 years,Mar,UAE,Saturday,8:50,AM,31 to 45 years,1,Mushrif,Block 79-2,134,"4836.                 Having surveyed the scene of the accident: - The vehicle causing the accident was coming from the south to the north taking the right lane, the damaged vehicle was coming from the west to the east, the driver was intoxicated, so she ran the red light crashing into the right side of the other and stopped as illustrated in the chart.      ","Al Mushrif area, the intersection of Arabian Gulf Street with Al Saada Street, Saeed Bin Tahnoun intersection",No,60,None,3
Abu Dhabi,Khaldiya Police Station,2012,March,31-03-12,Abu Dhabi,Internal road,1.0012E+11,31,Fifth week,Traffic accident with injuries,Bypassing the red traffic light,1,IP130 IntersectionArabian Gulf - Street 17,IP130 IntersectionArabian Gulf - Street 17,Residential area,Intersection,night - enough lights,clear,Dry,Perpendicular Intersection,Perpendicular collision,Saudi Arabia,Y,Driver,Driver's seat,Death,602,M,Male,602,Above 60,Mar,GCC,Saturday,0:41,PM,Above 60,1,Mushrif,Block 78-2,179,"4837.                 Having surveyed the scene of the accident: - The vehicle causing the accident was coming from the west to the east, the damaged vehicle was coming from the east to the west, the driver of the causing ran the red light crashing into the front right part of the other, by the power of collusion the causing rolled off 27 meters long hitting a street pole, it also kept rolling 29 meters as illustrated in the chart.      ","Mushrif area, Arabian Gulf Street, the intersection of the Chinese embassy, ??inward,",Yes,80,None,3
Abu Dhabi,Khaldiya Police Station,2012,March,31-03-12,Abu Dhabi,Internal road,1.0012E+11,31,Fifth week,Traffic accident with injuries,Bypassing the red traffic light,1,IP130 IntersectionArabian Gulf - Street 17,IP130 IntersectionArabian Gulf - Street 17,Residential area,Intersection,night - enough lights,clear,Dry,Perpendicular Intersection,Perpendicular collision,Saudi Arabia,Y,Passenger,Front passenger seat,Death,24,M,Male,24,18 to 30 years,Mar,GCC,Saturday,0:41,PM,18 to 30 years,1,Mushrif,Block 78-2,179,"4838.                 Having surveyed the scene of the accident: - The vehicle causing the accident was coming from the west to the east, the damaged vehicle was coming from the east to the west, the driver of the causing ran the red light crashing into the front right part of the other, by the power of collusion the causing rolled off 27 meters long hitting a street pole, it also kept rolling 29 meters as illustrated in the chart.      ","Mushrif area, Arabian Gulf Street, the intersection of the Chinese embassy, ??inward,",Yes,80,None,3
Abu Dhabi,Shaabiya Police Station,2012,April,02-04-12,Abu Dhabi,Internal road,1.0012E+11,2,First week,Traffic accident with injuries,Misuse of traffic,1,Street Baniyas (Najda)(6),Street Baniyas (Najda)(6),Commercial area,Car parking,night - enough lights,clear,Dry,Not on Intersection,Person run over,Palestine,N,Pedestrian,No passenger,Moderate,5,F,Female,5,1 to 7 years,Apr,Arab States,Monday,20:15,PM,Below 18 years,1,Madinat Zayed (Abu Dhabi),Block 34-1,17,"4839.                 Having surveyed the scene of the accident: - The vehicle causing the accident was coming from the south to the north, the victim was crossing the road, the driver lost control and hit her, she fell to the ground as illustrated in the chart.      ",Parking and a side road behind Al Masoud Agency,No,40,"Cross, there's no crosswalk",1
Abu Dhabi,Khaldiya Police Station,2012,April,03-04-12,Abu Dhabi,Internal road,1.0012E+11,3,First week,Traffic accident with injuries,Not observing the stop sign,1,Street Corniche(1),Street Corniche(1),Commercial area,Highway,day,clear,Dry,Not on Intersection,Perpendicular collision,UAE,N,Driver,Driver's seat,Moderate,20,F,Female,20,18 to 30 years,Apr,UAE,Tuesday,14:35,PM,18 to 30 years,1,Not Identified,Not Identified,29,"4840.                 Having surveyed the scene of the accident: - The vehicle causing the accident was coming from the north to the south, the damaged vehicle was coming from the east to the west, the driver of the causing broke the sign of (stop) and dashed to the street without making sure of the traffic condition and crashed into the left side of the other, the causing rolled off 7 meters away and hit the pavement, both vehicle had physical damages as illustrated in the chart.      ","Corniche Street, behind Marina Mall",No,80,None,2
Abu Dhabi,Khaldiya Police Station,2012,April,03-04-12,Abu Dhabi,Internal road,1.0012E+11,3,First week,Traffic accident with injuries,Bypassing the red traffic light,1,IP26 IntersectionCorniche - Street 26,IP26 IntersectionCorniche - Street 26,Commercial area,Intersection,night - enough lights,clear,Dry,Half Perpendicular Intersection,Perpendicular collision,India,N,Passenger,Back passenger seat,Minor,22,M,Male,22,18 to 30 years,Apr,Asian States,Tuesday,2:20,PM,18 to 30 years,1,Khaldiya,Block 53-2,124,"4841.                 Having surveyed the scene of the accident: - The vehicle causing the accident was coming from the east to the south, the damaged vehicle was coming from the west to the east, the driver of the causing ran the red light and crashed into the right side of the other, the driver and 3 other passengers got injured, and both vehicle had physical damages as illustrated in the chart.      ",The intersection of Corniche Street with King Khalid Street,No,60,None,3
Abu Dhabi,Khaldiya Police Station,2012,April,03-04-12,Abu Dhabi,Internal road,1.0012E+11,3,First week,Traffic accident with injuries,Bypassing the red traffic light,1,IP26 IntersectionCorniche - Street 26,IP26 IntersectionCorniche - Street 26,Commercial area,Intersection,night - enough lights,clear,Dry,Half Perpendicular Intersection,Perpendicular collision,India,N,Passenger,Back passenger seat,Minor,20,M,Male,20,18 to 30 years,Apr,Asian States,Tuesday,2:20,PM,18 to 30 years,1,Khaldiya,Block 53-2,124,"4842.                 Having surveyed the scene of the accident: - The vehicle causing the accident was coming from the east to the south, the damaged vehicle was coming from the west to the east, the driver of the causing ran the red light and crashed into the right side of the other, the driver and 3 other passengers got injured, and both vehicle had physical damages as illustrated in the chart.      ",The intersection of Corniche Street with King Khalid Street,No,60,None,3
Abu Dhabi,Khaldiya Police Station,2012,April,03-04-12,Abu Dhabi,Internal road,1.0012E+11,3,First week,Traffic accident with injuries,Bypassing the red traffic light,1,IP26 IntersectionCorniche - Street 26,IP26 IntersectionCorniche - Street 26,Commercial area,Intersection,night - enough lights,clear,Dry,Half Perpendicular Intersection,Perpendicular collision,Pakistan,Y,Driver,Driver's seat,Minor,43,M,Male,43,31 to 45 years,Apr,Asian States,Tuesday,2:20,PM,31 to 45 years,1,Khaldiya,Block 53-2,124,"4843.                 Having surveyed the scene of the accident: - The vehicle causing the accident was coming from the east to the south, the damaged vehicle was coming from the west to the east, the driver of the causing ran the red light and crashed into the right side of the other, the driver and 3 other passengers got injured, and both vehicle had physical damages as illustrated in the chart.      ",The intersection of Corniche Street with King Khalid Street,Yes,60,None,3
Abu Dhabi,Khaldiya Police Station,2012,April,03-04-12,Abu Dhabi,Internal road,1.0012E+11,3,First week,Traffic accident with injuries,Bypassing the red traffic light,1,IP26 IntersectionCorniche - Street 26,IP26 IntersectionCorniche - Street 26,Commercial area,Intersection,night - enough lights,clear,Dry,Half Perpendicular Intersection,Perpendicular collision,India,N,Passenger,Back passenger seat,Minor,22,M,Male,22,18 to 30 years,Apr,Asian States,Tuesday,2:20,PM,18 to 30 years,1,Khaldiya,Block 53-2,124,"4844.                 Having surveyed the scene of the accident: - The vehicle causing the accident was coming from the east to the south, the damaged vehicle was coming from the west to the east, the driver of the causing ran the red light and crashed into the right side of the other, the driver and 3 other passengers got injured, and both vehicle had physical damages as illustrated in the chart.      ",The intersection of Corniche Street with King Khalid Street,No,60,None,3
Abu Dhabi,Khaldiya Police Station,2012,April,03-04-12,Abu Dhabi,Internal road,1.0012E+11,3,First week,Traffic accident with injuries,Bypassing the red traffic light,1,IP26 IntersectionCorniche - Street 26,IP26 IntersectionCorniche - Street 26,Commercial area,Intersection,night - enough lights,clear,Dry,Half Perpendicular Intersection,Perpendicular collision,India,N,Passenger,Back passenger seat,Minor,26,M,Male,26,18 to 30 years,Apr,Asian States,Tuesday,2:20,PM,18 to 30 years,1,Khaldiya,Block 53-2,124,"4845.                 Having surveyed the scene of the accident: - The vehicle causing the accident was coming from the east to the south, the damaged vehicle was coming from the west to the east, the driver of the causing ran the red light and crashed into the right side of the other, the driver and 3 other passengers got injured, and both vehicle had physical damages as illustrated in the chart.      ",The intersection of Corniche Street with King Khalid Street,No,60,None,3
Abu Dhabi,Khaldiya Police Station,2012,April,03-04-12,Abu Dhabi,Internal road,1.0012E+11,3,First week,Traffic accident with injuries,Misuse of traffic,1,Street Arabian Gulf(30),Street Arabian Gulf(30),Fuel Station,Single road,day,clear,Dry,Not on Intersection,Person run over,Egypt,N,Pedestrian,No passenger,Minor,48,M,Male,48,46 to 60 years,Apr,Arab States,Tuesday,2:30,PM,46 to 60 years,1,Mushrif,Block 40-2,16,"4846.                 Having surveyed the scene of the accident: - The vehicle causing the accident was heading from the east to the west taking a side street, the victim was coming from the south to the north in a line not for pedestrians, the driver misjudged the distance and hit the victim, the latter mildly injured along with physical damages to the vehicle as illustrated in the chart.","Al Mushrif area, a side street parallel to Arabian Gulf Street near Al Mushrif Petrol Station",No,60,"Cross, there's no crosswalk",2
Abu Dhabi,Khaldiya Police Station,2012,April,03-04-12,Abu Dhabi,Internal road,1.0012E+11,3,First week,Traffic accident with injuries,Bypassing the red traffic light,1,IP26 IntersectionCorniche - Street 26,IP26 IntersectionCorniche - Street 26,Commercial area,Intersection,night - enough lights,clear,Dry,Half Perpendicular Intersection,Perpendicular collision,Bangladesh,Y,Driver,Driver's seat,Minor,38,M,Male,38,31 to 45 years,Apr,Asian States,Tuesday,2:20,PM,31 to 45 years,1,Khaldiya,Block 53-2,124,"4847.                 Having surveyed the scene of the accident: - The vehicle causing the accident was coming from the east to the south, the damaged vehicle was coming from the west to the east, the driver of the causing ran the red light and crashed into the right side of the other, the driver and 3 other passengers got injured, and both vehicle had physical damages as illustrated in the chart.      ",The intersection of Corniche Street with King Khalid Street,Yes,60,None,3
Abu Dhabi,Khaldiya Police Station,2012,April,06-04-12,Abu Dhabi,Internal road,1.0012E+11,6,First week,Traffic accident with injuries,Exceeding speed limit,1,Street Corniche(1),Street Corniche(1),Commercial area,Roundabout,night - enough lights,clear,Dry,Roundabout,deterioration,UAE,Y,Passenger,Front passenger seat,Severe,22,M,Male,22,18 to 30 years,Apr,UAE,Friday,0:30,PM,18 to 30 years,1,Markaziya,Block 31-1,29,"4848.                 Having surveyed the scene of the accident: - The vehicle causing the accident was coming from the east to the south, due to the exceed speed limit, it lost balance and flipped over 8 meters long, one passenger got injured, and vehicle had physical damages as illustrated in the chart.      ",Side street behind Marina Mall (roundabout),Yes,40,None,3
Abu Dhabi,Shaabiya Police Station,2012,April,07-04-12,Abu Dhabi,Internal road,1.0012E+11,7,First week,Traffic accident with injuries,Bypassing the red traffic light,1,IP36 IntersectionSalam - Falah,IP36 IntersectionSalam - Falah,Govt. authority,Intersection,day,clear,Dry,Perpendicular Intersection,Perpendicular collision,Sultanate of Oman,N,Driver,Driver's seat,Minor,26,M,Male,26,18 to 30 years,Apr,GCC,Saturday,9:29,AM,18 to 30 years,1,Madinat Zayed (Abu Dhabi),Block 54-1,150,"4849.                 Having surveyed the scene of the accident: - The vehicle causing the accident was coming from the east to the west, the damaged vehicle was coming from the west to the east, the driver of the causing ran the red light and crashed into the right side of the other, then it kept moving and hit a traffic sign, the driver got injured, and both vehicles had physical damages as illustrated in the chart.      ",The intersection of Abu Dhabi Commercial Bank,No,80,None,4
Abu Dhabi,Khaldiya Police Station,2012,April,07-04-12,Abu Dhabi,Internal road,1.0012E+11,7,First week,Traffic accident with injuries,Not leaving enough space,1,IP52 IntersectionCorniche - Rashed Bin Saeed Al-Maktoum,IP52 IntersectionCorniche - Rashed Bin Saeed Al-Maktoum,Commercial area,Intersection,day,clear,Dry,Not on Intersection,Rear collision,Egypt,N,Driver,Driver's seat,Moderate,44,M,Male,44,31 to 45 years,Apr,Arab States,Saturday,10:28,AM,31 to 45 years,1,Markaziya (Gharb),Block 11-2,123,"4850.                 Having surveyed the scene of the accident: - The vehicle causing the accident and the other damaged one were coming from the north to the south, when the driver of the causing arrived the intersection slowed down, but due to the little distance he hit a biker, the latter got injured as illustrated in the chart.      ","Corniche Street, the intersection of Corniche Street with Rashid bin Saeed Street",No,60,None,4
Abu Dhabi,Khaldiya Police Station,2012,April,08-04-12,Abu Dhabi,Internal road,1.0012E+11,8,Second week,Traffic accident with injuries,Bypassing the red traffic light,1,IP118 Street Bainunah (IntersectionCentral Bank),IP118 Street Bainunah (IntersectionCentral Bank),Govt. authority,Intersection,night - enough lights,clear,Dry,Perpendicular Intersection,Perpendicular collision,Pakistan,Y,Driver,Driver's seat,Minor,28,M,Male,28,18 to 30 years,Apr,Asian States,Sunday,22:20,PM,18 to 30 years,1,Al Butain,Block 95-2,159,"4851.                 Having surveyed the scene of the accident: - The vehicle causing the accident was coming from the west to the east, the damaged vehicle was coming from the south to the north, the driver of the causing ran the red light and crashed into the left side of the other, both drivers got injured, and both vehicles had physical damages as illustrated in the chart.      ","Baynunah Street, Al Bateen Area, Central Bank intersection",Yes,60,None,3
Abu Dhabi,Khaldiya Police Station,2012,April,08-04-12,Abu Dhabi,Internal road,1.0012E+11,8,Second week,Traffic accident with injuries,Bypassing the red traffic light,1,IP118 Street Bainunah (IntersectionCentral Bank),IP118 Street Bainunah (IntersectionCentral Bank),Govt. authority,Intersection,night - enough lights,clear,Dry,Perpendicular Intersection,Perpendicular collision,UAE,Y,Driver,Driver's seat,Moderate,22,M,Male,22,18 to 30 years,Apr,UAE,Sunday,22:20,PM,18 to 30 years,1,Al Butain,Block 95-2,159,"4852.                 Having surveyed the scene of the accident: - The vehicle causing the accident was coming from the west to the east, the damaged vehicle was coming from the south to the north, the driver of the causing ran the red light and crashed into the left side of the other, both drivers got injured, and both vehicles had physical damages as illustrated in the chart.      ","Baynunah Street, Al Bateen Area, Central Bank intersection",Yes,60,None,3
Abu Dhabi,Shaabiya Police Station,2012,April,08-04-12,Abu Dhabi,Internal road,1.0012E+11,8,Second week,Traffic accident with injuries,under influence of intoxicant or narcotic drug,1,IP44 IntersectionSalam - Hazaa Bin Zayed Al Awal,IP44 IntersectionSalam - Hazaa Bin Zayed Al Awal,Commercial area,Intersection,night - enough lights,clear,Dry,Half Perpendicular Intersection,Rear collision,India,N,Passenger,Back passenger seat,Severe,38,M,Male,38,31 to 45 years,Apr,Asian States,Sunday,4:10,PM,31 to 45 years,1,Dhafra (Abu Dhabi),Block 55-1,160,"4853.                 Having surveyed the scene of the accident: - The vehicle causing the accident was coming from the north to the south, the damaged vehicle was coming from the north to the south, the driver of the causing ran the red light and crashed into the rear part of the first damaged, the latter hit the rear of the second, both driver and the passenger badly injured, and both vehicles had physical damages as illustrated in the chart.      ","Al Salam Street, intersection of Al Salam Street with Hazaa Street",No,60,None,
Abu Dhabi,Khaldiya Police Station,2012,April,08-04-12,Abu Dhabi,Internal road,1.0012E+11,8,Second week,Traffic accident with injuries,Bypassing the red traffic light,1,Street Corniche(1),Street Corniche(1),Commercial area,Intersection,night - enough lights,clear,Dry,Perpendicular Intersection,Perpendicular collision,India,Y,Driver,Driver's seat,Minor,37,M,Male,37,31 to 45 years,Apr,Asian States,Sunday,5:25,PM,31 to 45 years,1,Markaziya,Block 51-1,29,"4854.                 Having surveyed the scene of the accident: - The vehicle causing the accident was coming from the south to the north, the damaged vehicle was coming from the north to the south, the driver of the causing ran the red light and crashed into the right side of the other, which lost balance and flipped over, the causing driver got injured, and both vehicles had physical damages as illustrated in the chart.      ","Al Markaziya, Corniche Street, formerly American intersection",Yes,80,None,3
Abu Dhabi,Shaabiya Police Station,2012,April,08-04-12,Abu Dhabi,Internal road,1.0012E+11,8,Second week,Traffic accident with injuries,Bypassing the red traffic light,1,IP97 IntersectionAl Sharqi (Muroor) - Street 25,IP97 IntersectionAl Sharqi (Muroor) - Street 25,Commercial area,Intersection,day,clear,Dry,Perpendicular Intersection,Perpendicular collision,Syria,N,Driver,Driver's seat,Moderate,44,M,Male,44,31 to 45 years,Apr,Arab States,Sunday,5:53,PM,31 to 45 years,1,Hadbat Al Zafaran,Block 22-1,183,"4855.                 Having surveyed the scene of the accident: - The vehicle causing the accident was coming from the west to the north, the damaged vehicle was coming from the east to the west, the driver of the causing ran the red light and crashed into the left side of the other, the driver got injured, and both vehicles had physical damages as illustrated in the chart.      ","Al Dhafra Street, Al Muroor, Al Etihad Bank intersection",No,60,None,4
Abu Dhabi,Al Madina Police Station,2012,April,08-04-12,Abu Dhabi,Internal road,1.0012E+11,8,Second week,Traffic accident with injuries,Sudden deviation,1,Street Mina(3),Street Mina(3),Commercial area,Double road,night - enough lights,clear,Dry,Not on or around 20 meters,deterioration,UAE,N,Driver,Driver's seat,Moderate,41,M,Male,41,31 to 45 years,Apr,UAE,Sunday,20:15,PM,31 to 45 years,1,Mina,Block 91-1,30,"4856.                 Having surveyed the scene of the accident: - the motorbike was coming from the north to the south, the biker suddenly swerved off and hit the side pavement as illustrated in the chart.             ","Mina Street, after Sheikh Khalifa Bridge, inward",No,60,None,3
Abu Dhabi,Shaabiya Police Station,2012,April,09-04-12,Abu Dhabi,Internal road,1.0012E+11,9,Second week,Traffic accident with injuries,Misuse of traffic,1,Street Salam (8),Street Salam (8),Commercial area,Single road,day,clear,Dry,Half Perpendicular Intersection,Person run over,Yemen,N,Pedestrian,No passenger,Moderate,8,F,Female,8,8 to 17 years,Apr,GCC,Monday,14:50,PM,Below 18 years,1,Madinat Zayed (Abu Dhabi),Block 54-1,12,"4857.                 Having surveyed the scene of the accident: - The vehicle causing the accident was coming from the east to the west, the damaged vehicle was a school bus waiting for the students get off, a child tried to cross the road, a vehicle was driving across, the driver was negligent, he misjudged the distance and hit the student, she fell to the ground, she got mild injury along both physical damages to the vehicle as illustrated in the chart.      ","Tourist Club Area, a side street parallel to Al Salam Street, near Renault Cars Agency",No,40,"Cross, there's no crosswalk",1
Abu Dhabi,Khaldiya Police Station,2012,April,10-04-12,Abu Dhabi,Internal road,1.0012E+11,10,Second week,Traffic accident with injuries,Bypassing the red traffic light,1,Street Bainunah(34),Street Bainunah(34),Commercial area,Intersection,day,clear,Dry,Half Perpendicular Intersection,Perpendicular collision,India,N,Driver,Driver's seat,Minor,41,M,Male,41,31 to 45 years,Apr,Asian States,Tuesday,12:00,PM,31 to 45 years,1,Al Butain,Block 94-2,19,"4858.                 Having surveyed the scene of the accident: - The vehicle causing the accident was coming from the east to the west, the damaged vehicle was coming from the west to the north, the driver of the causing ran the red light and crashed into the right side of the other` as illustrated in the chart.      ","Al Bateen Area, Baynunah Street, Abu Dhabi Islamic Bank intersection",No,60,None,4
Abu Dhabi,Khaldiya Police Station,2012,April,10-04-12,Abu Dhabi,Internal road,1.0012E+11,10,Second week,Traffic accident with injuries,Not leaving enough space,1,IP5A IntersectionZayed Al Awal - Arabian Gulf,IP5A IntersectionZayed Al Awal - Arabian Gulf,Commercial area,Intersection,day,clear,Dry,Not on or around 20 meters,Rear collision,Jordan,N,Passenger,Back passenger seat,Severe,25,F,Female,25,18 to 30 years,Apr,Arab States,Tuesday,15:06,PM,18 to 30 years,1,Khaldiya,Block 73-2,93,"4859.                 Having surveyed the scene of the accident: - The vehicles causing the accident were heading from the east to the west taking the left lane, due to the little distance between the vehicles, the causing driver bumped into the other, the latter hit the second, all vehicles stopped as illustrated in the chart.      ","Al Khaldiya area, the intersection of Arabian Gulf Street with Zayed Al Awal Street",No,80,None,4
Abu Dhabi,Khaldiya Police Station,2012,April,11-04-12,Abu Dhabi,Internal road,1.0012E+11,11,Second week,Traffic accident with injuries,Speedy without taking road conditions into account,1,Street Arabian Gulf(30),Street Arabian Gulf(30),Govt. authority,Double road,day,clear,Dry,Not on Intersection,deterioration,UAE,Y,Driver,Driver's seat,Minor,20,M,Male,20,18 to 30 years,Apr,UAE,Wednesday,18:00,PM,18 to 30 years,1,Sports City,Block 27-2,16,"4860.                 Having surveyed the scene of the accident: - The vehicles causing the accident was heading from the east to the west, the driver exceeded the speed and lost control, he swerved to the right and the left hitting the pavement   distance as illustrated in the chart.      ",Near to Zayed Military Hospital,Yes,100,None,5
Abu Dhabi,Khaldiya Police Station,2012,April,12-04-12,Abu Dhabi,Internal road,1.0012E+11,12,Second week,Traffic accident with injuries,Bypassing the red traffic light,1,IP7A IntersectionCorniche - Arabian Gulf,IP7A IntersectionCorniche - Arabian Gulf,Residential area,Intersection,night - enough lights,clear,Dry,Perpendicular Intersection,Perpendicular collision,South Korea,N,Passenger,Back passenger seat,Minor,24,F,Female,24,18 to 30 years,Apr,Other,Thursday,0:21,PM,18 to 30 years,1,Khaldiya,Block 73-2,125,"4861.                 Having surveyed the scene of the accident: - The vehicle causing the accident was heading from the north to the west taking the far right lane, the damaged vehicle was coming from the south to the north taking the far right lane, the causing driver ran the red light and bumped into the right side of the other, the driver and 3 other passengers were injured and a passenger in the other vehicle, all vehicles had physical damages as illustrated in the chart.      ",Intersection of the National Bank of Abu Dhabi,No,60,None,3
Abu Dhabi,Khaldiya Police Station,2012,April,12-04-12,Abu Dhabi,Internal road,1.0012E+11,12,Second week,Traffic accident with injuries,Bypassing the red traffic light,1,IP7A IntersectionCorniche - Arabian Gulf,IP7A IntersectionCorniche - Arabian Gulf,Residential area,Intersection,night - enough lights,clear,Dry,Perpendicular Intersection,Perpendicular collision,Pakistan,N,Driver,Driver's seat,Minor,27,M,Male,27,18 to 30 years,Apr,Asian States,Thursday,0:21,PM,18 to 30 years,1,Khaldiya,Block 73-2,125,"4862.                 Having surveyed the scene of the accident: - The vehicle causing the accident was heading from the north to the west taking the far right lane, the damaged vehicle was coming from the south to the north taking the far right lane, the causing driver ran the red light and bumped into the right side of the other, the driver and 3 other passengers were injured and a passenger in the other vehicle, all vehicles had physical damages as illustrated in the chart.      ",Intersection of the National Bank of Abu Dhabi,No,60,None,3
Abu Dhabi,Khaldiya Police Station,2012,April,12-04-12,Abu Dhabi,Internal road,1.0012E+11,12,Second week,Traffic accident with injuries,Bypassing the red traffic light,1,IP7A IntersectionCorniche - Arabian Gulf,IP7A IntersectionCorniche - Arabian Gulf,Residential area,Intersection,night - enough lights,clear,Dry,Perpendicular Intersection,Perpendicular collision,South Korea,N,Passenger,Back passenger seat,Minor,31,F,Female,31,31 to 45 years,Apr,Other,Thursday,0:21,PM,31 to 45 years,1,Khaldiya,Block 73-2,125,"4863.                 Having surveyed the scene of the accident: - The vehicle causing the accident was heading from the north to the west taking the far right lane, the damaged vehicle was coming from the south to the north taking the far right lane, the causing driver ran the red light and bumped into the right side of the other, the driver and 3 other passengers were injured and a passenger in the other vehicle, all vehicles had physical damages as illustrated in the chart.      ",Intersection of the National Bank of Abu Dhabi,No,60,None,3
Abu Dhabi,Khaldiya Police Station,2012,April,12-04-12,Abu Dhabi,Internal road,1.0012E+11,12,Second week,Traffic accident with injuries,Bypassing the red traffic light,1,IP7A IntersectionCorniche - Arabian Gulf,IP7A IntersectionCorniche - Arabian Gulf,Residential area,Intersection,night - enough lights,clear,Dry,Perpendicular Intersection,Perpendicular collision,South Korea,N,Driver,Driver's seat,Minor,28,M,Male,28,18 to 30 years,Apr,Other,Thursday,0:21,PM,18 to 30 years,1,Khaldiya,Block 73-2,125,"4864.                 Having surveyed the scene of the accident: - The vehicle causing the accident was heading from the north to the west taking the far right lane, the damaged vehicle was coming from the south to the north taking the far right lane, the causing driver ran the red light and bumped into the right side of the other, the driver and 3 other passengers were injured and a passenger in the other vehicle, all vehicles had physical damages as illustrated in the chart.      ",Intersection of the National Bank of Abu Dhabi,No,60,None,3
Abu Dhabi,Khaldiya Police Station,2012,April,12-04-12,Abu Dhabi,Internal road,1.0012E+11,12,Second week,Traffic accident with injuries,Bypassing the red traffic light,1,IP7A IntersectionCorniche - Arabian Gulf,IP7A IntersectionCorniche - Arabian Gulf,Residential area,Intersection,night - enough lights,clear,Dry,Perpendicular Intersection,Perpendicular collision,South Korea,N,Passenger,Back passenger seat,Minor,31,F,Female,31,31 to 45 years,Apr,Other,Thursday,0:21,PM,31 to 45 years,1,Khaldiya,Block 73-2,125,"4865.                 Having surveyed the scene of the accident: - The vehicle causing the accident was heading from the north to the west taking the far right lane, the damaged vehicle was coming from the south to the north taking the far right lane, the causing driver ran the red light and bumped into the right side of the other, the driver and 3 other passengers were injured and a passenger in the other vehicle, all vehicles had physical damages as illustrated in the chart.      ",Intersection of the National Bank of Abu Dhabi,No,60,None,3