Emirate,Police Station,Year,Month,Date,City,Road,Report Number,Day,Week,Report type,Reasons,Computed,Streets,Street,Place,Location,lighting,Weather,Road surface,Intersection,Accident Type,Nationalities,Seat Belt,Injured person position,Injured person's seat,Degree of the injury,Age of the injured,Gender,Gender of the injured,Inp Age,Age Group,Date - Month,Nationality of the Injured person,Day,Iac Rep Time,Time,Age Group - Ministry,Computed2,Area,Block,Str Code,Accident Description,Location,Fasten seat belt,Road speed limit,Pedestrian action,Number of Lanes
Abu Dhabi,Khaldiya Police Station,2012,April,12-04-12,Abu Dhabi,Internal road,1.0012E+11,12,Second week,Traffic accident with injuries,Bypassing the red traffic light,1,IP7A IntersectionCorniche - Arabian Gulf,IP7A IntersectionCorniche - Arabian Gulf,Residential area,Intersection,night - enough lights,clear,Dry,Perpendicular Intersection,Perpendicular collision,Philippines,N,Passenger,Front passenger seat,Minor,27,F,Female,27,18 to 30 years,Apr,Asian States,Thursday,0:21,PM,18 to 30 years,1,Khaldiya,Block 73-2,125,"4866.                 Having surveyed the scene of the accident: - The vehicle causing the accident was heading from the north to the west taking the far right lane, the damaged vehicle was coming from the south to the north taking the far right lane, the causing driver ran the red light and bumped into the right side of the other, the driver and 3 other passengers were injured and a passenger in the other vehicle, all vehicles had physical damages as illustrated in the chart.      ",Intersection of the National Bank of Abu Dhabi,No,60,None,3
Abu Dhabi,Khaldiya Police Station,2012,April,12-04-12,Abu Dhabi,Internal road,1.0012E+11,12,Second week,Traffic accident with injuries,Not giving way / not giving priority,1,IP145 IntersectionRashed Bin Saeed Al-Maktoum - Street 33,IP145 IntersectionRashed Bin Saeed Al-Maktoum - Street 33,Govt. authority,Roundabout,night - enough lights,clear,Dry,Turn ,Perpendicular collision,India,N,Passenger,Back passenger seat,Severe,36,F,Female,36,31 to 45 years,Apr,Asian States,Thursday,11:25,AM,31 to 45 years,1,Sefarat,Block 25-2,190,"4867.                 Having surveyed the scene of the accident: - The vehicle causing the accident was heading from the west taking the second right lane, the damaged vehicle was coming from the south, when the driver did not give way, the two   vehicles crashed into another, the two drivers and other passengers were injured, all vehicles had physical damages as illustrated in the chart.      ",Street off Rashid bin Saeed Street near Al Noor Hospital,No,60,None,3
Abu Dhabi,Khaldiya Police Station,2012,April,12-04-12,Abu Dhabi,Internal road,1.0012E+11,12,Second week,Traffic accident with injuries,Not giving way / not giving priority,1,IP145 IntersectionRashed Bin Saeed Al-Maktoum - Street 33,IP145 IntersectionRashed Bin Saeed Al-Maktoum - Street 33,Govt. authority,Roundabout,night - enough lights,clear,Dry,Turn ,Perpendicular collision,Philippines,N,Passenger,Back passenger seat,Minor,29,F,Female,29,18 to 30 years,Apr,Asian States,Thursday,11:25,AM,18 to 30 years,1,Sefarat,Block 25-2,190,"4868.                 Having surveyed the scene of the accident: - The vehicle causing the accident was heading from the west taking the second right lane, the damaged vehicle was coming from the south, when the driver did not give way, the two   vehicles crashed into another, the two drivers and other passengers were injured, all vehicles had physical damages as illustrated in the chart.      ",Street off Rashid bin Saeed Street near Al Noor Hospital,No,60,None,3
Abu Dhabi,Khaldiya Police Station,2012,April,12-04-12,Abu Dhabi,Internal road,1.0012E+11,12,Second week,Traffic accident with injuries,Not giving way / not giving priority,1,IP145 IntersectionRashed Bin Saeed Al-Maktoum - Street 33,IP145 IntersectionRashed Bin Saeed Al-Maktoum - Street 33,Govt. authority,Roundabout,night - enough lights,clear,Dry,Turn ,Perpendicular collision,Pakistan,N,Driver,Driver's seat,Minor,49,M,Male,49,46 to 60 years,Apr,Asian States,Thursday,11:25,AM,46 to 60 years,1,Sefarat,Block 25-2,190,"4869.                 Having surveyed the scene of the accident: - The vehicle causing the accident was heading from the west taking the second right lane, the damaged vehicle was coming from the south, when the driver did not give way, the two   vehicles crashed into another, the two drivers and other passengers were injured, all vehicles had physical damages as illustrated in the chart.      ",Street off Rashid bin Saeed Street near Al Noor Hospital,No,60,None,3
Abu Dhabi,Khaldiya Police Station,2012,April,12-04-12,Abu Dhabi,Internal road,1.0012E+11,12,Second week,Traffic accident with injuries,Not giving way / not giving priority,1,IP145 IntersectionRashed Bin Saeed Al-Maktoum - Street 33,IP145 IntersectionRashed Bin Saeed Al-Maktoum - Street 33,Govt. authority,Roundabout,night - enough lights,clear,Dry,Turn ,Perpendicular collision,India,N,Passenger,Back passenger seat,Severe,48,M,Male,48,46 to 60 years,Apr,Asian States,Thursday,11:25,AM,46 to 60 years,1,Sefarat,Block 25-2,190,"4870.                 Having surveyed the scene of the accident: - The vehicle causing the accident was heading from the west taking the second right lane, the damaged vehicle was coming from the south, when the driver did not give way, the two   vehicles crashed into another, the two drivers and other passengers were injured, all vehicles had physical damages as illustrated in the chart.      ",Street off Rashid bin Saeed Street near Al Noor Hospital,No,60,None,3
Abu Dhabi,Khaldiya Police Station,2012,April,12-04-12,Abu Dhabi,Internal road,1.0012E+11,12,Second week,Traffic accident with injuries,Not giving way / not giving priority,1,IP145 IntersectionRashed Bin Saeed Al-Maktoum - Street 33,IP145 IntersectionRashed Bin Saeed Al-Maktoum - Street 33,Govt. authority,Roundabout,night - enough lights,clear,Dry,Turn ,Perpendicular collision,UAE,N,Driver,Driver's seat,Moderate,25,M,Male,25,18 to 30 years,Apr,UAE,Thursday,11:25,AM,18 to 30 years,1,Sefarat,Block 25-2,190,"4871.                 Having surveyed the scene of the accident: - The vehicle causing the accident was heading from the west taking the second right lane, the damaged vehicle was coming from the south, when the driver did not give way, the two   vehicles crashed into another, the two drivers and other passengers were injured, all vehicles had physical damages as illustrated in the chart.      ",Street off Rashid bin Saeed Street near Al Noor Hospital,No,60,None,3
Abu Dhabi,Shaabiya Police Station,2012,April,12-04-12,Abu Dhabi,Internal road,1.0012E+11,12,Second week,Traffic accident with injuries,Misuse of traffic,1,Street Falah(9),Street Falah(9),Residential area,Double road,day,clear,Dry,Not on Intersection,Person run over,Egypt,N,Pedestrian,No passenger,Moderate,51,M,Male,51,46 to 60 years,Apr,Arab States,Thursday,17:25,PM,46 to 60 years,1,Madinat Zayed (Abu Dhabi),Block 54-1,24,"4872.                 Having surveyed the scene of the accident: - The vehicle causing the accident was heading from the north to the south taking the right lane, the victim was crossing the road from a point not designated for the pedestrians, the driver was not alerted so he hit the victim, the vehicle had physical damages as illustrated in the chart.      ","Zayed City, Al Falah Street",No,60,"Cross, there's no crosswalk",4
Abu Dhabi,Shaabiya Police Station,2012,April,13-04-12,Abu Dhabi,Internal road,1.0012E+11,13,Second week,Traffic accident with injuries,Ignoring road lane,1,Street Salam (8),Street Salam (8),Bridge / Tunnel,Highway,night - enough lights,clear,Dry,Not on or around 20 meters,Side collision,Syria,N,Driver,Driver's seat,Minor,28,M,Male,28,18 to 30 years,Apr,Arab States,Friday,3:35,PM,18 to 30 years,1,Al Saada Bridge,Not Identified,12,"4873.                 Having surveyed the scene of the accident: - The vehicle causing the accident was driving in the far left lane, and the damaged was driving in the second left lane, the driver of the latter hit the left side of the other and turned back hitting the pavement and the barriers as illustrated in the chart.      ","Al Salam Street, outward, after Al Saada bridge",No,80,None,4
Abu Dhabi,Shaabiya Police Station,2012,April,13-04-12,Abu Dhabi,Internal road,1.0012E+11,13,Second week,Traffic accident with injuries,under influence of intoxicant or narcotic drug,1,IP44C IntersectionSalam - Qasr Al Bahar,IP44C IntersectionSalam - Qasr Al Bahar,Bridge / Tunnel,Bridge /  Tunnel,night - enough lights,clear,Dry,Other,deterioration,Syria,N,Driver,Driver's seat,Death,22,M,Male,22,18 to 30 years,Apr,Arab States,Friday,5:20,PM,18 to 30 years,1,Qasr Al Bahar,Block 75-1,141,"4874.                 Having surveyed the scene of the accident: - The bike was heading from the south to the north, the biker was not driving normally, he suddenly swerved off and bumped into the pavement, the biker died along with physical damages caused to the bike as illustrated in the chart.      ",Al Reem Island,No,60,None,
Abu Dhabi,Khaldiya Police Station,2012,April,13-04-12,Abu Dhabi,Internal road,1.0012E+11,13,Second week,Traffic accident with injuries,Bypassing the red traffic light,1,IP33B IntersectionFalah - Arabian Gulf,IP33B IntersectionFalah - Arabian Gulf,School,Intersection,day,clear,Dry,Half Perpendicular Intersection,Perpendicular collision,France,N,Passenger,Back passenger seat,Minor,41,F,Female,41,31 to 45 years,Apr,Other,Friday,9:45,AM,31 to 45 years,1,Al Butain,Block 74-2,157,"4875.                 Having surveyed the scene of the accident: - The vehicle causing the accident was heading from the west to the east taking the third lane, the damaged vehicle was coming from the east to the west taking the left lane, the causing driver ran the red light and bumped into the right side of the other, a passenger was injured, all vehicles had physical damages as illustrated in the chart.      ","Al Bateen Area, Arabian Gulf Street, intersection of Al Mawaheb School",No,60,None,3
Abu Dhabi,Khaldiya Police Station,2012,April,14-04-12,Abu Dhabi,Internal road,1.0012E+11,14,Second week,Traffic accident with injuries,Bypassing the red traffic light,1,IP57Q IntersectionHazaa Bin Zayed - Arabian Gulf,IP57Q IntersectionHazaa Bin Zayed - Arabian Gulf,Residential area,Intersection,day,clear,Dry,Perpendicular Intersection,Perpendicular collision,UAE,N,Passenger,Back passenger seat,Minor,5,M,Male,5,1 to 7 years,Apr,UAE,Saturday,15:00,PM,Below 18 years,1,Al Butain,Block 75-2,167,"4876.                 Having surveyed the scene of the accident: - The vehicle causing the accident was heading from the west to the east taking the far left lane, the damaged vehicle was coming from the west to the east taking the second lane, the causing driver ran the red light and bumped into the right side of the other, the damaged swerved to the right crashing into the barriers and stopped over there in the middle as illustrated in the chart.      ",The intersection of Arabian Gulf Street with Hazaa Bin Zayed Street,No,60,None,3
Abu Dhabi,Khaldiya Police Station,2012,April,14-04-12,Abu Dhabi,Internal road,1.0012E+11,14,Second week,Traffic accident with injuries,Bypassing the red traffic light,1,IP57Q IntersectionHazaa Bin Zayed - Arabian Gulf,IP57Q IntersectionHazaa Bin Zayed - Arabian Gulf,Residential area,Intersection,day,clear,Dry,Perpendicular Intersection,Perpendicular collision,UAE,N,Passenger,Back passenger seat,Minor,59,F,Female,59,46 to 60 years,Apr,UAE,Saturday,15:00,PM,46 to 60 years,1,Al Butain,Block 75-2,167,"4877.                 Having surveyed the scene of the accident: - The vehicle causing the accident was heading from the west to the east taking the far left lane, the damaged vehicle was coming from the west to the east taking the second lane, the causing driver ran the red light and bumped into the right side of the other, the damaged swerved to the right crashing into the barriers and stopped over there in the middle as illustrated in the chart.      ",The intersection of Arabian Gulf Street with Hazaa Bin Zayed Street,No,60,None,3
Abu Dhabi,Khaldiya Police Station,2012,April,14-04-12,Abu Dhabi,Internal road,1.0012E+11,14,Second week,Traffic accident with injuries,Bypassing the red traffic light,1,IP57Q IntersectionHazaa Bin Zayed - Arabian Gulf,IP57Q IntersectionHazaa Bin Zayed - Arabian Gulf,Residential area,Intersection,day,clear,Dry,Perpendicular Intersection,Perpendicular collision,Ethiopia,Y,Passenger,Front passenger seat,Minor,27,F,Female,27,18 to 30 years,Apr,Other,Saturday,15:00,PM,18 to 30 years,1,Al Butain,Block 75-2,167,"4878.                 Having surveyed the scene of the accident: - The vehicle causing the accident was heading from the west to the east taking the far left lane, the damaged vehicle was coming from the west to the east taking the second lane, the causing driver ran the red light and bumped into the right side of the other, the damaged swerved to the right crashing into the barriers and stopped over there in the middle as illustrated in the chart.      ",The intersection of Arabian Gulf Street with Hazaa Bin Zayed Street,Yes,60,None,3
Abu Dhabi,Khaldiya Police Station,2012,April,14-04-12,Abu Dhabi,Internal road,1.0012E+11,14,Second week,Traffic accident with injuries,Bypassing the red traffic light,1,IP57Q IntersectionHazaa Bin Zayed - Arabian Gulf,IP57Q IntersectionHazaa Bin Zayed - Arabian Gulf,Residential area,Intersection,day,clear,Dry,Perpendicular Intersection,Perpendicular collision,UAE,Y,Driver,Driver's seat,Moderate,45,F,Female,45,31 to 45 years,Apr,UAE,Saturday,15:00,PM,31 to 45 years,1,Al Butain,Block 75-2,167,"4879.                 Having surveyed the scene of the accident: - The vehicle causing the accident was heading from the west to the east taking the far left lane, the damaged vehicle was coming from the west to the east taking the second lane, the causing driver ran the red light and bumped into the right side of the other, the damaged swerved to the right crashing into the barriers and stopped over there in the middle as illustrated in the chart.      ",The intersection of Arabian Gulf Street with Hazaa Bin Zayed Street,Yes,60,None,3
Abu Dhabi,Khaldiya Police Station,2012,April,14-04-12,Abu Dhabi,Internal road,1.0012E+11,14,Second week,Traffic accident with injuries,Bypassing the red traffic light,1,IP57Q IntersectionHazaa Bin Zayed - Arabian Gulf,IP57Q IntersectionHazaa Bin Zayed - Arabian Gulf,Residential area,Intersection,day,clear,Dry,Perpendicular Intersection,Perpendicular collision,UAE,N,Passenger,Back passenger seat,Minor,35,F,Female,35,31 to 45 years,Apr,UAE,Saturday,15:00,PM,31 to 45 years,1,Al Butain,Block 75-2,167,"4880.                 Having surveyed the scene of the accident: - The vehicle causing the accident was heading from the west to the east taking the far left lane, the damaged vehicle was coming from the west to the east taking the second lane, the causing driver ran the red light and bumped into the right side of the other, the damaged swerved to the right crashing into the barriers and stopped over there in the middle as illustrated in the chart.      ",The intersection of Arabian Gulf Street with Hazaa Bin Zayed Street,No,60,None,3
Abu Dhabi,Shaabiya Police Station,2012,April,15-04-12,Abu Dhabi,Internal road,1.0012E+11,15,Third week,Traffic accident with injuries,Bypassing the red traffic light,1,IP46A IntersectionKarama - Delma,IP46A IntersectionKarama - Delma,Residential area,Intersection,day,clear,Dry,Perpendicular Intersection,Perpendicular collision,Jordan,Y,Driver,Driver's seat,Minor,39,F,Female,39,31 to 45 years,Apr,Arab States,Sunday,16:27,PM,31 to 45 years,1,Karama,Block 16-2,171,"4881.                 Having surveyed the scene of the accident: - The vehicle causing the accident was heading from the west to the east taking the second left lane, the two damaged vehicles were coming from the south to the north, the causing driver ran the red light and bumped into the right side of the first, the damaged swerved to the right crashing into the traffic pole and stopped in the opposite direction of the street as illustrated in the chart.      ",Intersection of Delma street with Karam Street,Yes,60,None,4
Abu Dhabi,Al Madina Police Station,2012,April,15-04-12,Abu Dhabi,Internal road,1.0012E+11,15,Third week,Traffic accident with injuries,Misuse of traffic,1,IP13 IntersectionKhalifa Bin Zayed - Baniyas (Najda),IP13 IntersectionKhalifa Bin Zayed - Baniyas (Najda),Commercial area,Single road,day,clear,Dry,Not on Intersection,Person run over,Egypt,N,Pedestrian,No passenger,Moderate,52,M,Male,52,46 to 60 years,Apr,Arab States,Sunday,18:26,PM,46 to 60 years,1,Markaziya,Block 11-1,115,"4882.                 Having surveyed the scene of the accident: - The vehicle causing the accident was heading from the west to the east taking the right lane, the victim was crossing from the west to the east, the driver misjudged the distance and hit the victim as illustrated in the chart.      ","Khalifa Bin Zayed Street, Besides First Gulf Bank",No,40,"Cross, but not on the crosswalk",2
Abu Dhabi,Shaabiya Police Station,2012,April,17-04-12,Abu Dhabi,Internal road,1.0012E+11,17,Third week,Traffic accident with injuries,Misuse of traffic,1,Al Sharqi Street (Muroor) (4),Al Sharqi Street (Muroor) (4),Residential area,Two-way road,day,clear,Dry,Not on Intersection,Person run over,Bangladesh,N,Pedestrian,No passenger,Moderate,37,M,Male,37,31 to 45 years,Apr,Asian States,Tuesday,4:33,PM,31 to 45 years,1,Madinat Zayed (Abu Dhabi),Block 34-1,13,"4883.                 Having surveyed the scene of the accident: - The vehicle causing the accident was heading from the north to the south taking the second lane, the victim was crossing from the east to the west, the driver misjudged the distance and hit the victim as illustrated in the chart.      ",,No,60,"Cross, there's no crosswalk",2
Abu Dhabi,Khaldiya Police Station,2012,April,17-04-12,Abu Dhabi,Internal road,1.0012E+11,17,Third week,Traffic accident with injuries,Sudden deviation,1,Street Arabian Gulf(30),Street Arabian Gulf(30),Commercial area,Double road,day,clear,Dry,Not on Intersection,Side collision,UAE,Y,Driver,Driver's seat,Minor,43,F,Female,43,31 to 45 years,Apr,UAE,Tuesday,14:15,PM,31 to 45 years,1,Mushrif,Block 42-2,16,"4884.                 Having surveyed the scene of the accident: - The vehicles were heading from the west to the east, the causing driver was taking the second lane, the damaged driver was taking the far right lane, the causing suddenly swerved the two damaged vehicles were coming from the south to the north, the causing driver ran the red light and bumped into the left side of the first, the damaged swerved to the right crashing into the traffic pole and stopped in the opposite direction of the street as illustrated in the chart.      ","Arabian Gulf Street, Besides Petrol Station",Yes,80,None,4
Abu Dhabi,Khaldiya Police Station,2012,April,17-04-12,Abu Dhabi,Internal road,1.0012E+11,17,Third week,Traffic accident with injuries,Sudden deviation,1,Street Arabian Gulf(30),Street Arabian Gulf(30),Commercial area,Double road,day,clear,Dry,Not on Intersection,Side collision,UAE,N,Passenger,Front passenger seat,Moderate,7,M,Male,7,1 to 7 years,Apr,UAE,Tuesday,14:15,PM,Below 18 years,1,Mushrif,Block 42-2,16,"4885.                 Having surveyed the scene of the accident: - The vehicles were heading from the west to the east, the causing driver was taking the second lane, the damaged driver was taking the far right lane, the causing suddenly swerved the two damaged vehicles were coming from the south to the north, the causing driver ran the red light and bumped into the left side of the first, the damaged swerved to the right crashing into the traffic pole and stopped in the opposite direction of the street as illustrated in the chart.      ","Arabian Gulf Street, Besides Petrol Station",No,80,None,4
Abu Dhabi,Khaldiya Police Station,2012,April,17-04-12,Abu Dhabi,Internal road,1.0012E+11,17,Third week,Traffic accident with injuries,Not leaving enough space,1,IP33B IntersectionFalah - Arabian Gulf,IP33B IntersectionFalah - Arabian Gulf,Residential area,Intersection,day,clear,Dry,Not on Intersection,Perpendicular collision,UAE,N,Passenger,Front passenger seat,Minor,1,F,Female,1,1 to 7 years,Apr,UAE,Tuesday,14:35,PM,Below 18 years,1,Al Butain,Block 74-2,157,"4886.                 Having surveyed the scene of the accident: - The vehicles were heading from the east to the west, the causing driver was ahead of the other, both taking the middle lane, the damaged driver slowed down at the intersection, the causing suddenly bumped into damaged one, the accident left physical damages to both as illustrated in the chart.      ","Arabian Gulf Street, formerly Muroor intersection",No,80,None,3
Abu Dhabi,Khaldiya Police Station,2012,April,17-04-12,Abu Dhabi,Internal road,1.0012E+11,17,Third week,Traffic accident with injuries,Not leaving enough space,1,IP33B IntersectionFalah - Arabian Gulf,IP33B IntersectionFalah - Arabian Gulf,Residential area,Intersection,day,clear,Dry,Not on Intersection,Perpendicular collision,Saudi Arabia,N,Passenger,Front passenger seat,Moderate,23,F,Female,23,18 to 30 years,Apr,GCC,Tuesday,14:35,PM,18 to 30 years,1,Al Butain,Block 74-2,157,"4887.                 Having surveyed the scene of the accident: - The vehicles were heading from the east to the west, the causing driver was ahead of the other, both taking the middle lane, the damaged driver slowed down at the intersection, the causing suddenly bumped into damaged one, the accident left physical damages to both as illustrated in the chart.      ","Arabian Gulf Street, formerly Muroor intersection",No,80,None,3
Abu Dhabi,Khaldiya Police Station,2012,April,17-04-12,Abu Dhabi,Internal road,1.0012E+11,17,Third week,Traffic accident with injuries,Not leaving enough space,1,IP33B IntersectionFalah - Arabian Gulf,IP33B IntersectionFalah - Arabian Gulf,Residential area,Intersection,day,clear,Dry,Not on Intersection,Perpendicular collision,UAE,N,Passenger,Front passenger seat,Minor,2,M,Male,2,1 to 7 years,Apr,UAE,Tuesday,14:35,PM,Below 18 years,1,Al Butain,Block 74-2,157,"4888.                 Having surveyed the scene of the accident: - The vehicles were heading from the east to the west, the causing driver was ahead of the other, both taking the middle lane, the damaged driver slowed down at the intersection, the causing suddenly bumped into damaged one, the accident left physical damages to both as illustrated in the chart.      ","Arabian Gulf Street, formerly Muroor intersection",No,80,None,3
Abu Dhabi,Khaldiya Police Station,2012,April,17-04-12,Abu Dhabi,Internal road,1.0012E+11,17,Third week,Traffic accident with injuries,Bypassing the red traffic light,1,Street Sultan Bin Zayed Al Awal (32),Street Sultan Bin Zayed Al Awal (32),Commercial area,Intersection,day,clear,Dry,Perpendicular Intersection,Perpendicular collision,Lebanon,Y,Driver,Driver's seat,Moderate,45,F,Female,45,31 to 45 years,Apr,Arab States,Tuesday,14:35,PM,31 to 45 years,1,Khaldiya,Block 73-2,41,"4889.                 Having surveyed the scene of the accident: - The vehicle causing the accident was heading from the south to the north taking the middle lane, the damaged vehicle was coming from the east to the west, the causing driver ran the red light and bumped into the left side of the first, the accident left physical damages to both as illustrated in the chart.      ","Corniche Street, Bin Hammouda intersection",Yes,60,None,3
Abu Dhabi,Khaldiya Police Station,2012,April,17-04-12,Abu Dhabi,Internal road,1.0012E+11,17,Third week,Traffic accident with injuries,Not leaving enough space,1,IP33B IntersectionFalah - Arabian Gulf,IP33B IntersectionFalah - Arabian Gulf,Residential area,Intersection,day,clear,Dry,Not on Intersection,Perpendicular collision,UAE,Y,Driver,Driver's seat,Minor,34,F,Female,34,31 to 45 years,Apr,UAE,Tuesday,14:35,PM,31 to 45 years,1,Al Butain,Block 74-2,157,"4890.                 Having surveyed the scene of the accident: - The vehicles were heading from the east to the west, the causing driver was ahead of the other, both taking the middle lane, the damaged driver slowed down at the intersection, the causing suddenly bumped into damaged one, the accident left physical damages to both as illustrated in the chart.      ","Arabian Gulf Street, formerly Muroor intersection",Yes,80,None,3
Abu Dhabi,Shaabiya Police Station,2012,April,18-04-12,Abu Dhabi,Internal road,1.0012E+11,18,Third week,Traffic accident with injuries,Bypassing the red traffic light,1,Al Sharqi intersection (Muroor) - Mohamed bin Khalifa IP49A,Al Sharqi intersection (Muroor) - Mohamed bin Khalifa IP49A,Commercial area,Intersection,day,clear,Dry,Perpendicular Intersection,Perpendicular collision,UAE,Y,Driver,Driver's seat,Minor,26,F,Female,26,18 to 30 years,Apr,UAE,Wednesday,15:30,PM,18 to 30 years,1,Al Wahda,Block 17-1,174,"4891.                 Having surveyed the scene of the accident: - The vehicle causing the accident was heading from the west to the east taking the middle lane, the damaged vehicle was coming from the east to the west, the causing driver ran the red light and bumped into the left side of the first, the accident left physical damages to both as illustrated in the chart.      ","Muroor Street, Intersection of Etihad, outward",Yes,60,None,4
Abu Dhabi,Shaabiya Police Station,2012,April,19-04-12,Abu Dhabi,Internal road,1.0012E+11,19,Third week,Traffic accident with injuries,Driving back without attention,1,Street Zayed Al Awal(7),Street Zayed Al Awal(7),Commercial area,Car parking,night - enough lights,clear,Dry,Not on or around 20 meters,Person run over,Philippines,N,Pedestrian,No passenger,Moderate,36,F,Female,36,31 to 45 years,Apr,Asian States,Thursday,19:54,PM,31 to 45 years,1,Madinat Zayed (Abu Dhabi),Block 54-1,25,"4892.                 Having surveyed the scene of the accident: - The vehicle causing the accident was totally stopped in a parking lot, the victim was walking down, the driver drove back hitting her, the later got injured, the accident left physical damages to both as illustrated in the chart.      ","Madinat Zayed, Zayed Al Awal Street, Opposite KM Trading Company",No,20,"Cross, there's no crosswalk",1
Abu Dhabi,Khaldiya Police Station,2012,April,20-04-12,Abu Dhabi,Internal road,1.0012E+11,20,Third week,Traffic accident with injuries,under influence of intoxicant or narcotic drug,1,Street Arabian Gulf(30),Street Arabian Gulf(30),Govt. authority,Bridge /  Tunnel,night - enough lights,clear,Dry,Not on or around 20 meters,Person run over,Jordan,Y,Driver,Driver's seat,Minor,25,M,Male,25,18 to 30 years,Apr,Arab States,Friday,1:10,PM,18 to 30 years,1,Musaffah Bridge,Not Identified,16,"4893.                 Having surveyed the scene of the accident: - The vehicle causing the accident was heading from the east to the west taking the middle lane, the damaged vehicle was parking, the gardeners were standing behind the latter, the causing driver was out of focus, he swerved off left hitting the workers, then it hit the other damaged vehicle, the latter pushed forward and stopped , two workers hit, one injured and the other died, the accident left physical damages to both as illustrated in the chart.      ","Arabian Gulf Street, Musaffah Bridge Area",Yes,100,None,4
Abu Dhabi,Khaldiya Police Station,2012,April,20-04-12,Abu Dhabi,Internal road,1.0012E+11,20,Third week,Traffic accident with injuries,under influence of intoxicant or narcotic drug,1,Street Arabian Gulf(30),Street Arabian Gulf(30),Govt. authority,Bridge /  Tunnel,night - enough lights,clear,Dry,Not on or around 20 meters,Person run over,India,N,Pedestrian,No passenger,Severe,46,M,Male,46,46 to 60 years,Apr,Asian States,Friday,1:10,PM,46 to 60 years,1,Musaffah Bridge,Not Identified,16,"4894.                 Having surveyed the scene of the accident: - The vehicle causing the accident was heading from the east to the west taking the middle lane, the damaged vehicle was parking, the gardeners were standing behind the latter, the causing driver was out of focus, he swerved off left hitting the workers, then it hit the other damaged vehicle, the latter pushed forward and stopped , two workers hit, one injured and the other died, the accident left physical damages to both as illustrated in the chart.      ","Arabian Gulf Street, Musaffah Bridge Area",No,100,None,4
Abu Dhabi,Khaldiya Police Station,2012,April,20-04-12,Abu Dhabi,Internal road,1.0012E+11,20,Third week,Traffic accident with injuries,under influence of intoxicant or narcotic drug,1,Street Arabian Gulf(30),Street Arabian Gulf(30),Govt. authority,Bridge /  Tunnel,night - enough lights,clear,Dry,Not on or around 20 meters,Person run over,India,N,Pedestrian,No passenger,Death,52,M,Male,52,46 to 60 years,Apr,Asian States,Friday,1:10,PM,46 to 60 years,1,Musaffah Bridge,Not Identified,16,"4895.                 Having surveyed the scene of the accident: - The vehicle causing the accident was heading from the east to the west taking the middle lane, the damaged vehicle was parking, the gardeners were standing behind the latter, the causing driver was out of focus, he swerved off left hitting the workers, then it hit the other damaged vehicle, the latter pushed forward and stopped , two workers hit, one injured and the other died, the accident left physical damages to both as illustrated in the chart.      ","Arabian Gulf Street, Musaffah Bridge Area",No,100,None,4
Abu Dhabi,Khaldiya Police Station,2012,April,20-04-12,Abu Dhabi,Internal road,1.0012E+11,20,Third week,Traffic accident with injuries,Bypassing the red traffic light,1,IP134A IntersectionAl Saada - Hudairiyat,IP134A IntersectionAl Saada - Hudairiyat,Residential area,Intersection,day,clear,Dry,Multiple leg Intersection,Perpendicular collision,India,Y,Driver,Driver's seat,Minor,40,M,Male,40,31 to 45 years,Apr,Asian States,Friday,17:45,PM,31 to 45 years,1,Al Butain,Block 98-2,136,"4896.                 Having surveyed the scene of the accident: - The vehicle causing the accident was heading from the west to the east taking the middle lane, the damaged vehicle was coming from the north to the south, the causing driver ran the red light and bumped into the left side of the first, the accident left physical damages to both as illustrated in the chart.      ",Al-Hudairiyat Intersection,Yes,60,None,3
Abu Dhabi,Khaldiya Police Station,2012,April,20-04-12,Abu Dhabi,Internal road,1.0012E+11,20,Third week,Traffic accident with injuries,Bypassing the red traffic light,1,IP134A IntersectionAl Saada - Hudairiyat,IP134A IntersectionAl Saada - Hudairiyat,Residential area,Intersection,day,clear,Dry,Multiple leg Intersection,Perpendicular collision,UAE,Y,Driver,Driver's seat,Minor,45,F,Female,45,31 to 45 years,Apr,UAE,Friday,17:45,PM,31 to 45 years,1,Al Butain,Block 98-2,136,"4897.                 Having surveyed the scene of the accident: - The vehicle causing the accident was heading from the west to the east taking the middle lane, the damaged vehicle was coming from the north to the south, the causing driver ran the red light and bumped into the left side of the first, the accident left physical damages to both as illustrated in the chart.      ",Al-Hudairiyat Intersection,Yes,60,None,3
Abu Dhabi,Shaabiya Police Station,2012,April,20-04-12,Abu Dhabi,Internal road,1.0012E+11,20,Third week,Traffic accident with injuries,Bypassing the red traffic light,1,IP71 IntersectionAl Saada - Rashed Bin Saeed Al-Maktoum,IP71 IntersectionAl Saada - Rashed Bin Saeed Al-Maktoum,Govt. authority,Bridge,night - enough lights,clear,Dry,Perpendicular Intersection,Perpendicular collision,Jordan,N,Passenger,Front passenger seat,Minor,32,F,Female,32,31 to 45 years,Apr,Arab States,Friday,23:40,PM,31 to 45 years,1,Mushrif,Block 19-2,131,"4898.                 Having surveyed the scene of the accident: - The vehicle causing the accident was heading from the east to the west taking the right lane, the damaged vehicle was coming from the south to the north, the causing driver lost control and ran the red light and bumped into the right side of the first, the accident left two injuries and physical damages to both as illustrated in the chart.      ","Intersection of Police General Command Bridge, inward",No,60,None,3
Abu Dhabi,Shaabiya Police Station,2012,April,20-04-12,Abu Dhabi,Internal road,1.0012E+11,20,Third week,Traffic accident with injuries,Bypassing the red traffic light,1,IP71 IntersectionAl Saada - Rashed Bin Saeed Al-Maktoum,IP71 IntersectionAl Saada - Rashed Bin Saeed Al-Maktoum,Govt. authority,Bridge,night - enough lights,clear,Dry,Perpendicular Intersection,Perpendicular collision,UAE,Y,Driver,Driver's seat,Minor,30,F,Female,30,18 to 30 years,Apr,UAE,Friday,23:40,PM,18 to 30 years,1,Mushrif,Block 19-2,131,"4899.                 Having surveyed the scene of the accident: - The vehicle causing the accident was heading from the east to the west taking the right lane, the damaged vehicle was coming from the south to the north, the causing driver lost control and ran the red light and bumped into the right side of the first, the accident left two injuries and physical damages to both as illustrated in the chart.      ","Intersection of Police General Command Bridge, inward",Yes,60,None,3
Abu Dhabi,Khaldiya Police Station,2012,April,21-04-12,Abu Dhabi,Internal road,1.0012E+11,21,Third week,Traffic accident with injuries,Bypassing the red traffic light,1,IP60B IntersectionCorniche - Street 32,IP60B IntersectionCorniche - Street 32,Commercial area,Intersection,day,clear,Dry,Half Perpendicular Intersection,Perpendicular collision,Egypt,N,Passenger,Back passenger seat,Moderate,48,F,Female,48,46 to 60 years,Apr,Arab States,Saturday,11:49,AM,46 to 60 years,1,Khaldiya,Block 73-2,126,"4900.                 Having surveyed the scene of the accident: - The vehicle causing the accident was heading from the south to the north, the damaged vehicle was coming from the north to the south, when the two arrived the intersection, the causing driver lost control and ran the red light and bumped into the front side of the first, the accident physical damages to both as illustrated in the chart.      ",Formerly American Embassy intersection,No,60,None,3
Abu Dhabi,Shaabiya Police Station,2012,April,22-04-12,Abu Dhabi,Internal road,1.0012E+11,22,Fourth week,Traffic accident with injuries,Misuse of traffic,1,Al Sharqi Street (Muroor) (4),Al Sharqi Street (Muroor) (4),Commercial area,Intersection,night - enough lights,clear,Dry,Perpendicular Intersection,Person run over,Nepal,N,Pedestrian,No passenger,Death,30,M,Male,30,18 to 30 years,Apr,Other,Sunday,19:50,PM,18 to 30 years,1,Dhafra (Abu Dhabi),Block 15-1,13,"4901.                 Having surveyed the scene of the accident: - The vehicle causing the accident was heading from the east to the west taking the first lane, the victim was crossing from the north to the south taking the pedestrian line, the causing driver lost control and ran the red light and bumped into the victim, the latter flown 10 meters away, the accident left one serious injury and physical damages to the vehicle as illustrated in the chart.      ","Al Dhafra Street, formerly Haraj intersection",No,60,Cross on the crosswalk of the intersection,3