Emirate,Police Station,Year,Month,Date,City,Road,Report Number,Day,Week,Report type,Reasons,Computed,Streets,Street,Place,Location,lighting,Weather,Road surface,Intersection,Accident Type,Nationalities,Seat Belt,Injured person position,Injured person's seat,Degree of the injury,Age of the injured,Gender,Gender of the injured,Inp Age,Age Group,Date - Month,Nationality of the Injured person,Day,Iac Rep Time,Time,Age Group - Ministry,Computed2,Area,Block,Str Code,Accident Description,Location,Fasten seat belt,Road speed limit,Pedestrian action,Number of Lanes
Abu Dhabi,Khaldiya Police Station,2012,April,24-04-12,Abu Dhabi,Internal road,1.0012E+11,24,Fourth week,Traffic accident with injuries,Negligence and inobservance,1,IP58B IntersectionArabian Gulf - Delma,IP58B IntersectionArabian Gulf - Delma,Residential area,Intersection,day,clear,Dry,Not on or around 20 meters,Rear collision,Syria,Y,Driver,Driver's seat,Moderate,37,M,Male,37,31 to 45 years,Apr,Arab States,Tuesday,7:15,AM,31 to 45 years,1,Rawdah,Block 56-2,172,"4902.                 Having surveyed the scene of the accident: - The vehicle causing the accident was heading from the north to the south, the first, second, and third damaged vehicle were taking the arrow direction, the fourth was taking the second lane, the causing driver lost control and ran the red light and bumped into the rear side of the first, the latter then hit the rear of the second, the latter hit the rear of the third, the causing swerved and crashed into the left side of the fourth as illustrated in the chart.      ",Intersection of Delma Street with Arabian Gulf Street,Yes,60,None,4
Abu Dhabi,Khaldiya Police Station,2012,April,24-04-12,Abu Dhabi,Internal road,1.0012E+11,24,Fourth week,Traffic accident with injuries,Negligence and inobservance,1,IP58B IntersectionArabian Gulf - Delma,IP58B IntersectionArabian Gulf - Delma,Residential area,Intersection,day,clear,Dry,Not on or around 20 meters,Rear collision,UAE,Y,Driver,Driver's seat,Minor,56,F,Female,56,46 to 60 years,Apr,UAE,Tuesday,7:15,AM,46 to 60 years,1,Rawdah,Block 56-2,172,"4903.                 Having surveyed the scene of the accident: - The vehicle causing the accident was heading from the north to the south, the first, second, and third damaged vehicle were taking the arrow direction, the fourth was taking the second lane, the causing driver lost control and ran the red light and bumped into the rear side of the first, the latter then hit the rear of the second, the latter hit the rear of the third, the causing swerved and crashed into the left side of the fourth as illustrated in the chart.      ",Intersection of Delma Street with Arabian Gulf Street,Yes,60,None,4
Abu Dhabi,Khaldiya Police Station,2012,April,25-04-12,Abu Dhabi,Internal road,1.0012E+11,25,Fourth week,Traffic accident with injuries,Speedy without taking road conditions into account,1,Street Karama(24),Street Karama(24),Residential area,Double road,day,clear,Dry,Not on Intersection,Perpendicular collision,UAE,N,Driver,Driver's seat,Moderate,6,M,Male,6,1 to 7 years,Apr,UAE,Wednesday,15:06,PM,Below 18 years,1,Mushrif,Block 18-2,15,"4904.                 Having surveyed the scene of the accident: - The vehicle causing the accident was heading from the east to the west, the other causing vehicle was coming from the north to the south, the causing driver lost control due to the exceed speed and bumped into the right side of the first, the accident physical damages to both as illustrated in the chart.      ","Karama Street, behind Eid prayer hall",No,40,None,2
Abu Dhabi,Al Madina Police Station,2012,April,26-04-12,Abu Dhabi,Internal road,1.0012E+11,26,Fourth week,Traffic accident with injuries,Speedy without taking road conditions into account,1,Street Hamdan Bin Mohamed(5),Street Hamdan Bin Mohamed(5),Commercial area,Double road,day,clear,Dry,Not on Intersection,Person run over,Bangladesh,N,Pedestrian,No passenger,Severe,28,M,Male,28,18 to 30 years,Apr,Asian States,Thursday,14:30,PM,18 to 30 years,1,Markaziya,Block 13-1,26,"4905.                 Having surveyed the scene of the accident: - The vehicle causing the accident was heading from the east to the west, the victim was coming from the west to the east from a point not designated for the pedestrians, the causing driver lost control due to the exceed speed and bumped into the victim, who flew up and fell on the windshield, then flown 3 meters away to the island as illustrated in the chart.      ",Opposite Hamdan Commercial Center ,No,60,Cross on crosswalk not in the intersection,3
Abu Dhabi,Khaldiya Police Station,2012,April,26-04-12,Abu Dhabi,Internal road,1.0012E+11,26,Fourth week,Traffic accident with injuries,Bypassing the red traffic light,1,IP57R IntersectionHazaa Bin Zayed Al Awal - Street 32,IP57R IntersectionHazaa Bin Zayed Al Awal - Street 32,Residential area,Intersection,night - enough lights,clear,Dry,Multiple leg Intersection,Perpendicular collision,Jordan,Y,Driver,Driver's seat,Minor,19,F,Female,19,18 to 30 years,Apr,Arab States,Thursday,23:30,PM,18 to 30 years,1,Al Butain,Block 95-2,168,"4906.                 Having surveyed the scene of the accident: - The vehicle causing the accident was heading from the east to the west, the damaged vehicle was coming from the west to the east, when the two arrived the intersection, the causing driver lost control and ran the red light and bumped into the front side of the first, the accident physical damages to both as illustrated in the chart.      ",Formerly Qatari Embassy intersection,Yes,60,None,3
Abu Dhabi,Khaldiya Police Station,2012,April,26-04-12,Abu Dhabi,Internal road,1.0012E+11,26,Fourth week,Traffic accident with injuries,Bypassing the red traffic light,1,IP57R IntersectionHazaa Bin Zayed Al Awal - Street 32,IP57R IntersectionHazaa Bin Zayed Al Awal - Street 32,Residential area,Intersection,night - enough lights,clear,Dry,Multiple leg Intersection,Perpendicular collision,UAE,Y,Driver,Driver's seat,Minor,22,M,Male,22,18 to 30 years,Apr,UAE,Thursday,23:30,PM,18 to 30 years,1,Al Butain,Block 95-2,168,"4907.                 Having surveyed the scene of the accident: - The vehicle causing the accident was heading from the east to the west, the damaged vehicle was coming from the west to the east, when the two arrived the intersection, the causing driver lost control and ran the red light and bumped into the front side of the first, the accident physical damages to both as illustrated in the chart.      ",Formerly Qatari Embassy intersection,Yes,60,None,3
Abu Dhabi,Khaldiya Police Station,2012,April,27-04-12,Abu Dhabi,Internal road,1.0012E+11,27,Fourth week,Traffic accident with injuries,Bypassing the red traffic light,1,Street Bainunah(34),Street Bainunah(34),Residential area,Intersection,night - enough lights,clear,Dry,Multiple leg Intersection,Perpendicular collision,Egypt,Y,Driver,Driver's seat,Minor,36,M,Male,36,31 to 45 years,Apr,Arab States,Friday,22:04,PM,31 to 45 years,1,Al Khabira,Block 93-2,19,"4908.                 Having surveyed the scene of the accident: - The vehicle causing the accident was heading from the east to the west, the damaged vehicle was coming from the west to the north, the causing driver ran the red light and bumped into the right side of the first, the accident left behind one injury and physical damages to both as illustrated in the chart.      ",Intercontinental Hotel intersection,Yes,60,None,4
Abu Dhabi,Shaabiya Police Station,2012,April,29-04-12,Abu Dhabi,Internal road,1.0012E+11,29,Fifth week,Traffic accident with injuries,Bypassing the red traffic light,1,IP75D IntersectionAl Sharqi (Muroor) - Street 31,IP75D IntersectionAl Sharqi (Muroor) - Street 31,Commercial area,Intersection,night - enough lights,clear,paved,Perpendicular Intersection,Perpendicular collision,UAE,Y,Driver,Driver's seat,Minor,33,F,Female,33,31 to 45 years,Apr,UAE,Sunday,0:05,PM,31 to 45 years,1,Hadbat Al Zafaran,Block 25-1,186,"4909.                 Having surveyed the scene of the accident: - The vehicle causing the accident was heading from the east to the south, the damaged vehicle was coming from the west to the east, the causing ran the red light and bumped into the right side of the first, the accident left behind one injury and physical damages to both as illustrated in the chart.      ","Al Muroor Street intersection with 31st street, formerly Haraj intersection",Yes,80,None,4
Abu Dhabi,Shaabiya Police Station,2012,April,29-04-12,Abu Dhabi,Internal road,1.0012E+11,29,Fifth week,Traffic accident with injuries,Bypassing the red traffic light,1,IP75D IntersectionAl Sharqi (Muroor) - Street 31,IP75D IntersectionAl Sharqi (Muroor) - Street 31,Commercial area,Intersection,night - enough lights,clear,paved,Perpendicular Intersection,Perpendicular collision,Egypt,Y,Driver,Driver's seat,Minor,28,M,Male,28,18 to 30 years,Apr,Arab States,Sunday,0:05,PM,18 to 30 years,1,Hadbat Al Zafaran,Block 25-1,186,"4910.                 Having surveyed the scene of the accident: - The vehicle causing the accident was heading from the east to the south, the damaged vehicle was coming from the west to the east, the causing ran the red light and bumped into the right side of the first, the accident left behind one injury and physical damages to both as illustrated in the chart.      ","Al Muroor Street intersection with 31st street, formerly Haraj intersection",Yes,80,None,4
Abu Dhabi,Shaabiya Police Station,2012,April,29-04-12,Abu Dhabi,Internal road,1.0012E+11,29,Fifth week,Traffic accident with injuries,Entering main road without traffic clearance,1,IP1E IntersectionRashed Bin Saeed Al-Maktoum - Falah,IP1E IntersectionRashed Bin Saeed Al-Maktoum - Falah,Commercial area,Highway,day,clear,Dry,Not on Intersection,Side collision,Lebanon,N,Driver,Driver's seat,Severe,27,M,Male,27,18 to 30 years,Apr,Arab States,Sunday,9:45,AM,18 to 30 years,1,Manhal,Block 14-2,153,"4911.                 Having surveyed the scene of the accident: - The vehicle causing the accident was heading from the north U-turn to the west, a bike was coming from the east to the west, the biker hit the right side of the vehicle as illustrated in the chart.      ","Sheikh Rashed Street, near Hawl Al Emarat for Furniture",No,60,None,3
Abu Dhabi,Khaldiya Police Station,2012,April,29-04-12,Abu Dhabi,Internal road,1.0012E+11,29,Fifth week,Traffic accident with injuries,Bypassing the red traffic light,1,IP118 Street Bainunah (IntersectionCentral Bank),IP118 Street Bainunah (IntersectionCentral Bank),Commercial area,Intersection,day,clear,Dry,Perpendicular Intersection,Perpendicular collision,Australia,Y,Driver,Driver's seat,Minor,31,F,Female,31,31 to 45 years,Apr,Other,Sunday,11:00,AM,31 to 45 years,1,Al Butain,Block 95-2,159,"4912.                 Having surveyed the scene of the accident: - The vehicle causing the accident was heading from the west to the east, the damaged vehicle was coming from the east to the west, the causing ran the red light and bumped into the front left side of the first, the accident left behind one injury and physical damages to both as illustrated in the chart.      ","Intersection of Abu Dhabi Islamic Bank, Al Bateen",Yes,60,None,4
Abu Dhabi,Shaabiya Police Station,2012,April,29-04-12,Abu Dhabi,Internal road,1.0012E+11,29,Fifth week,Traffic accident with injuries,Ignoring road lane,1,IP47A IntersectionAl Sharqi (Muroor) - Delma,IP47A IntersectionAl Sharqi (Muroor) - Delma,Commercial area,Double road,day,clear,Dry,Perpendicular Intersection,Perpendicular collision,Pakistan,N,Driver,Driver's seat,Moderate,39,M,Male,39,31 to 45 years,Apr,Asian States,Sunday,17:05,PM,31 to 45 years,1,Al Wahda,Block 16-1,169,"4913.                 Having surveyed the scene of the accident: - The vehicles causing the accident were heading from the south to the north, one taking the far left and the other taking the second left lane, one driver suddenly changed the lane into another, the causing bumped into the right side of the first, the accident left behind physical damages to both as illustrated in the chart.      ",Intersection of Delma Street Bridge with Al Muroor Street,No,60,None,3
Abu Dhabi,Khaldiya Police Station,2012,April,30-04-12,Abu Dhabi,Internal road,1.0012E+11,30,Fifth week,Traffic accident with injuries,Not leaving enough space,1,Street Arabian Gulf(30),Street Arabian Gulf(30),Residential area,Highway,day,clear,Dry,Not on Intersection,Rear collision,Lebanon,Y,Driver,Driver's seat,Minor,38,F,Female,38,31 to 45 years,Apr,Arab States,Monday,16:11,PM,31 to 45 years,1,Al Butain,Block 74-2,16,"4914.                 Having surveyed the scene of the accident: - The vehicle causing the accident was taking the middle lane, due to the little distance it hit the rear part of the vehicle ahead as illustrated in the chart.      ",Close to Sheikh Mohammed bin Zayed Palace,Yes,80,None,3
Abu Dhabi,Khaldiya Police Station,2012,May,01-05-12,Abu Dhabi,Internal road,1.0012E+11,1,First week,Traffic accident with injuries,Bypassing the red traffic light,1,IP58B IntersectionArabian Gulf - Delma,IP58B IntersectionArabian Gulf - Delma,Residential area,Intersection,day,clear,Dry,Perpendicular Intersection,Perpendicular collision,Bangladesh,Y,Driver,Driver's seat,Minor,33,M,Male,33,31 to 45 years,May,Asian States,Tuesday,12:55,PM,31 to 45 years,1,Rawdah,Block 56-2,172,"4915.                 Having surveyed the scene of the accident: - The vehicle causing the accident was heading from the west to the east, the two damaged vehicles were coming from the north to the south, the causing ran the red light and bumped into the rear side of the first, the latter hit the rear right side of the second, the latter hit the pavement as illustrated in the chart.      ",The intersection of the Crown Prince Palace,Yes,60,None,3
Abu Dhabi,Shaabiya Police Station,2012,May,02-05-12,Abu Dhabi,Internal road,1.0012E+11,2,First week,Traffic accident with injuries,Not leaving enough space,1,Rashed bin Saeed Al-Maktoum intersection - Street 29 IP76,Rashed bin Saeed Al-Maktoum intersection - Street 29 IP76,Residential area,Intersection,day,clear,Dry,Not on Intersection,Rear collision,Jordan,N,Passenger,Back passenger seat,Severe,5,M,Male,5,1 to 7 years,May,Arab States,Wednesday,16:15,PM,Below 18 years,1,Mushrif,Block 24-2,188,"4916.                 Having surveyed the scene of the accident: - The vehicle causing the accident was heading from the west to the east, the damaged vehicle was coming from the same lane, due to the little distance, the causing bumped into the rear part of the other, the accident left behind four injuries and physical damages to both as illustrated in the chart.      ","Pepsi factory intersection, outward",No,80,None,5
Abu Dhabi,Shaabiya Police Station,2012,May,02-05-12,Abu Dhabi,Internal road,1.0012E+11,2,First week,Traffic accident with injuries,Not leaving enough space,1,Rashed bin Saeed Al-Maktoum intersection - Street 29 IP76,Rashed bin Saeed Al-Maktoum intersection - Street 29 IP76,Residential area,Intersection,day,clear,Dry,Not on Intersection,Rear collision,Jordan,N,Passenger,Front passenger seat,Minor,53,F,Female,53,46 to 60 years,May,Arab States,Wednesday,16:15,PM,46 to 60 years,1,Mushrif,Block 24-2,188,"4917.                 Having surveyed the scene of the accident: - The vehicle causing the accident was heading from the west to the east, the damaged vehicle was coming from the same lane, due to the little distance, the causing bumped into the rear part of the other, the accident left behind four injuries and physical damages to both as illustrated in the chart.      ","Pepsi factory intersection, outward",No,80,None,5
Abu Dhabi,Khaldiya Police Station,2012,May,02-05-12,Abu Dhabi,Internal road,1.0012E+11,2,First week,Traffic accident with injuries,Speedy without taking road conditions into account,1,Rashed Bin Saeed Al-Maktoum Street (2),Rashed Bin Saeed Al-Maktoum Street (2),Commercial area,Double road,day,clear,Dry,Not on or around 20 meters,Person run over,Jordan,Y,Driver,Driver's seat,Minor,35,M,Male,35,31 to 45 years,May,Arab States,Wednesday,9:18,AM,31 to 45 years,1,Markaziya,Block 11-1,14,"4918.                 Having surveyed the scene of the accident: - The vehicle causing the accident was heading from the west to the east, the victim was crossing the road from the north to the south in a point not designated for pedestrians, the causing accelerated and bumped into the left side of the victim, the accident left behind two injuries and physical damages to the vehicle as illustrated in the chart.      ","After the intersection of Ahmed bin Hamed, Etihad Square",Yes,60,None,3
Abu Dhabi,Shaabiya Police Station,2012,May,02-05-12,Abu Dhabi,Internal road,1.0012E+11,2,First week,Traffic accident with injuries,Not leaving enough space,1,Rashed bin Saeed Al-Maktoum intersection - Street 29 IP76,Rashed bin Saeed Al-Maktoum intersection - Street 29 IP76,Residential area,Intersection,day,clear,Dry,Not on Intersection,Rear collision,Jordan,Y,Driver,Driver's seat,Minor,27,F,Female,27,18 to 30 years,May,Arab States,Wednesday,16:15,PM,18 to 30 years,1,Mushrif,Block 24-2,188,"4919.                 Having surveyed the scene of the accident: - The vehicle causing the accident was heading from the west to the east, the damaged vehicle was coming from the same lane, due to the little distance, the causing bumped into the rear part of the other, the accident left behind four injuries and physical damages to both as illustrated in the chart.      ","Pepsi factory intersection, outward",Yes,80,None,5
Abu Dhabi,Khaldiya Police Station,2012,May,02-05-12,Abu Dhabi,Internal road,1.0012E+11,2,First week,Traffic accident with injuries,Speedy without taking road conditions into account,1,Rashed Bin Saeed Al-Maktoum Street (2),Rashed Bin Saeed Al-Maktoum Street (2),Commercial area,Double road,day,clear,Dry,Not on or around 20 meters,Person run over,Iran,N,Pedestrian,No passenger,Minor,60,M,Male,60,46 to 60 years,May,Asian States,Wednesday,9:18,AM,46 to 60 years,1,Markaziya,Block 11-1,14,"4920.                 Having surveyed the scene of the accident: - The vehicle causing the accident was heading from the west to the east, the victim was crossing the road from the north to the south in a point not designated for pedestrians, the causing accelerated and bumped into the left side of the victim, the accident left behind two injuries and physical damages to the vehicle as illustrated in the chart.      ","After the intersection of Ahmed bin Hamed, Etihad Square",No,60,"Cross, there's no crosswalk",3
Abu Dhabi,Shaabiya Police Station,2012,May,02-05-12,Abu Dhabi,Internal road,1.0012E+11,2,First week,Traffic accident with injuries,Not leaving enough space,1,Rashed bin Saeed Al-Maktoum intersection - Street 29 IP76,Rashed bin Saeed Al-Maktoum intersection - Street 29 IP76,Residential area,Intersection,day,clear,Dry,Not on Intersection,Rear collision,Jordan,N,Passenger,Back passenger seat,Minor,17,F,Female,17,8 to 17 years,May,Arab States,Wednesday,16:15,PM,Below 18 years,1,Mushrif,Block 24-2,188,"4921.                 Having surveyed the scene of the accident: - The vehicle causing the accident was heading from the west to the east, the damaged vehicle was coming from the same lane, due to the little distance, the causing bumped into the rear part of the other, the accident left behind four injuries and physical damages to both as illustrated in the chart","Pepsi factory intersection, outward",No,80,None,5
Abu Dhabi,Shaabiya Police Station,2012,May,02-05-12,Abu Dhabi,Internal road,1.0012E+11,2,First week,Traffic accident with injuries,Speedy without taking road conditions into account,1,IP43IntersectionRashed Bin Saeed Al Maktoum-Hazaa Bin Zayed Al Awal,IP43IntersectionRashed Bin Saeed Al Maktoum-Hazaa Bin Zayed Al Awal,Residential area,Highway,day,clear,Dry,Not on Intersection,Person run over,Palestine,N,Pedestrian,No passenger,Moderate,10,M,Male,10,8 to 17 years,May,Arab States,Wednesday,17:00,PM,Below 18 years,1,Dhafra (Abu Dhabi),Block 15-2,163,"4922.                 Having surveyed the scene of the accident: - The vehicle causing the accident was heading from the north to the south, the victim was coming from the east to the west, due to the exceed speed, the causing bumped into the victim, the accident left behind one injury as illustrated in the chart",Before the intersection of Al Wahda Club,No,60,"Cross, there's no crosswalk",5
Abu Dhabi,Khaldiya Police Station,2012,May,03-05-12,Abu Dhabi,Internal road,1.0012E+11,3,First week,Traffic accident with injuries,Bypassing the red traffic light,1,Street Bainunah(34),Street Bainunah(34),Commercial area,Intersection,night - enough lights,clear,Dry,Perpendicular Intersection,Perpendicular collision,UAE,Y,Passenger,Front passenger seat,Minor,23,M,Male,23,18 to 30 years,May,UAE,Thursday,23:30,PM,18 to 30 years,1,Al Khabira,Block 93-2,19,"4923.                 Having surveyed the scene of the accident: - The vehicle causing the accident was heading from the north to the south, the damaged vehicle was coming from the west to the east, the causing ran the red light and bumped into the rear side of the first, the latter swerved and hit the plastic barriers, the accident left behind two injuries and physical damages to the vehicles and the barriers as illustrated in the chart.      ","Bainunah Street, the intersection of the Intercontinental Hotel",Yes,60,None,4
Abu Dhabi,Khaldiya Police Station,2012,May,03-05-12,Abu Dhabi,Internal road,1.0012E+11,3,First week,Traffic accident with injuries,Bypassing the red traffic light,1,Street Bainunah(34),Street Bainunah(34),Commercial area,Intersection,night - enough lights,clear,Dry,Perpendicular Intersection,Perpendicular collision,UAE,N,Passenger,Back passenger seat,Minor,19,M,Male,19,18 to 30 years,May,UAE,Thursday,23:30,PM,18 to 30 years,1,Al Khabira,Block 93-2,19,"4924.                 Having surveyed the scene of the accident: - The vehicle causing the accident was heading from the north to the south, the damaged vehicle was coming from the west to the east, the causing ran the red light and bumped into the rear side of the first, the latter swerved and hit the plastic barriers, the accident left behind two injuries and physical damages to the vehicles and the barriers as illustrated in the chart.      ","Bainunah Street, the intersection of the Intercontinental Hotel",No,60,None,4
Abu Dhabi,Shaabiya Police Station,2012,May,03-05-12,Abu Dhabi,Internal road,1.0012E+11,3,First week,Traffic accident with injuries,Bypassing the red traffic light,1,IP35A IntersectionFalah - Al Sharqi (Muroor),IP35A IntersectionFalah - Al Sharqi (Muroor),Govt. authority,Intersection,day,clear,Dry,Perpendicular Intersection,Perpendicular collision,Nepal,N,Driver,Driver's seat,Severe,38,M,Male,38,31 to 45 years,May,Other,Thursday,17:45,PM,31 to 45 years,1,Madinat Zayed (Abu Dhabi),Block 14-1,152,"4925.                 Having surveyed the scene of the accident: - The vehicle causing the accident was heading from the west to the east, the damaged vehicle was coming from the same lane, due to the little distance, the causing bumped into the rear part of the other, the accident left behind four injuries and physical damages to both as illustrated in the chart","Al Falah Street, formerly Al-Sehha intersection",No,60,None,3
Abu Dhabi,Shaabiya Police Station,2012,May,03-05-12,Abu Dhabi,Internal road,1.0012E+11,3,First week,Traffic accident with injuries,Bypassing the red traffic light,1,IP43A IntersectionHazaa Bin Zayed Al Awal - Al Sharqi (Muroor),IP43A IntersectionHazaa Bin Zayed Al Awal - Al Sharqi (Muroor),Commercial area,Intersection,day,clear,Dry,Perpendicular Intersection,Perpendicular collision,Pakistan,N,Driver,Driver's seat,Minor,58,M,Male,58,46 to 60 years,May,Asian States,Thursday,15:00,PM,46 to 60 years,1,Dhafra (Abu Dhabi),Block 15-1,162,"4926.                 Having surveyed the scene of the accident: - The vehicle causing the accident was heading from the north to the south, the victim was coming from the east to the west, due to the exceed speed, the causing bumped into the victim, the accident left behind one injury as illustrated in the chart","The intersection of Al Muroor Street with Hazaa Street, Al Barhuz Area",No,60,None,4
Abu Dhabi,Shaabiya Police Station,2012,May,04-05-12,Abu Dhabi,Internal road,1.0012E+11,4,First week,Traffic accident with injuries,Bypassing the red traffic light,1,Al Sharqi intersection (Muroor) - Mohamed bin Khalifa IP49A,Al Sharqi intersection (Muroor) - Mohamed bin Khalifa IP49A,Commercial area,Intersection,night - enough lights,clear,Dry,Perpendicular Intersection,Perpendicular collision,UAE,N,Passenger,Back passenger seat,Minor,9,M,Male,9,8 to 17 years,May,UAE,Friday,19:25,PM,Below 18 years,1,Al Wahda,Block 17-1,174,"4927.                 Having surveyed the scene of the accident: - The vehicle causing the accident was heading from the north to the south, the damaged vehicle was coming from the west to the east, the causing ran the red light and bumped into the rear side of the first, the latter swerved and hit the plastic barriers, the accident left behind two injuries and physical damages to the vehicles and the barriers as illustrated in the chart.      ","The intersection of Al Ittihad Newspaper, Al Sharqi Street, with Mohammed Bin Khalifa Street",No,60,None,4
Abu Dhabi,Shaabiya Police Station,2012,May,04-05-12,Abu Dhabi,Internal road,1.0012E+11,4,First week,Traffic accident with injuries,Bypassing the red traffic light,1,Al Sharqi intersection (Muroor) - Mohamed bin Khalifa IP49A,Al Sharqi intersection (Muroor) - Mohamed bin Khalifa IP49A,Commercial area,Intersection,night - enough lights,clear,Dry,Perpendicular Intersection,Perpendicular collision,UAE,N,Passenger,Back passenger seat,Minor,9,F,Female,9,8 to 17 years,May,UAE,Friday,19:25,PM,Below 18 years,1,Al Wahda,Block 17-1,174,"4928.                 Having surveyed the scene of the accident: - The vehicle causing the accident was heading from the north to the south, the damaged vehicle was coming from the west to the east, the causing ran the red light and bumped into the rear side of the first, the latter swerved and hit the plastic barriers, the accident left behind two injuries and physical damages to the vehicles and the barriers as illustrated in the chart.      ","The intersection of Al Ittihad Newspaper, Al Sharqi Street, with Mohammed Bin Khalifa Street",No,60,None,4
Abu Dhabi,Shaabiya Police Station,2012,May,04-05-12,Abu Dhabi,Internal road,1.0012E+11,4,First week,Traffic accident with injuries,Bypassing the red traffic light,1,Al Sharqi intersection (Muroor) - Mohamed bin Khalifa IP49A,Al Sharqi intersection (Muroor) - Mohamed bin Khalifa IP49A,Commercial area,Intersection,night - enough lights,clear,Dry,Perpendicular Intersection,Perpendicular collision,UAE,N,Passenger,Back passenger seat,Minor,10,M,Male,10,8 to 17 years,May,UAE,Friday,19:25,PM,Below 18 years,1,Al Wahda,Block 17-1,174,"4929.                 Having surveyed the scene of the accident: - The vehicle causing the accident was heading from the west to the east, the damaged vehicle was coming from the same lane, due to the little distance, the causing bumped into the rear part of the other, the accident left behind four injuries and physical damages to both as illustrated in the chart","The intersection of Al Ittihad Newspaper, Al Sharqi Street, with Mohammed Bin Khalifa Street",No,60,None,4
Abu Dhabi,Shaabiya Police Station,2012,May,04-05-12,Abu Dhabi,Internal road,1.0012E+11,4,First week,Traffic accident with injuries,Bypassing the red traffic light,1,Al Sharqi intersection (Muroor) - Mohamed bin Khalifa IP49A,Al Sharqi intersection (Muroor) - Mohamed bin Khalifa IP49A,Commercial area,Intersection,night - enough lights,clear,Dry,Perpendicular Intersection,Perpendicular collision,UAE,Y,Driver,Driver's seat,Minor,32,F,Female,32,31 to 45 years,May,UAE,Friday,19:25,PM,31 to 45 years,1,Al Wahda,Block 17-1,174,"4930.                 Having surveyed the scene of the accident: - The vehicle causing the accident was heading from the north to the south, the victim was coming from the east to the west, due to the exceed speed, the causing bumped into the victim, the accident left behind one injury as illustrated in the chart","The intersection of Al Ittihad Newspaper, Al Sharqi Street, with Mohammed Bin Khalifa Street",Yes,60,None,4
Abu Dhabi,Shaabiya Police Station,2012,May,04-05-12,Abu Dhabi,Internal road,1.0012E+11,4,First week,Traffic accident with injuries,Bypassing the red traffic light,1,Al Sharqi intersection (Muroor) - Mohamed bin Khalifa IP49A,Al Sharqi intersection (Muroor) - Mohamed bin Khalifa IP49A,Commercial area,Intersection,night - enough lights,clear,Dry,Perpendicular Intersection,Perpendicular collision,UAE,N,Passenger,Back passenger seat,Minor,4,F,Female,4,1 to 7 years,May,UAE,Friday,19:25,PM,Below 18 years,1,Al Wahda,Block 17-1,174,"4931.                 Having surveyed the scene of the accident: - The vehicle causing the accident was heading from the north to the south, the damaged vehicle was coming from the west to the east, the causing ran the red light and bumped into the rear side of the first, the latter swerved and hit the plastic barriers, the accident left behind two injuries and physical damages to the vehicles and the barriers as illustrated in the chart.      ","The intersection of Al Ittihad Newspaper, Al Sharqi Street, with Mohammed Bin Khalifa Street",No,60,None,4
Abu Dhabi,Al Madina Police Station,2012,May,06-05-12,Abu Dhabi,Internal road,1.0012E+11,6,First week,Traffic accident with injuries,Not giving priority to pedestrian crossing,1,Rashed Bin Saeed Al-Maktoum Street (2),Rashed Bin Saeed Al-Maktoum Street (2),Commercial area,Double road,day,clear,Dry,Not on or around 20 meters,Person run over,India,N,Pedestrian,No passenger,Minor,42,M,Male,42,31 to 45 years,May,Asian States,Sunday,17:53,PM,31 to 45 years,1,Markaziya,Block 11-1,14,"4932.                 Having surveyed the scene of the accident: - The vehicle causing the accident was heading from the north to the south, the damaged vehicle was coming from the west to the east, the causing ran the red light and bumped into the rear side of the first, the latter swerved and hit the plastic barriers, the accident left behind two injuries and physical damages to the vehicles and the barriers as illustrated in the chart.      ",Souq Kadeem area,No,20,Cross on crosswalk not in the intersection,4
Abu Dhabi,Shaabiya Police Station,2012,May,07-05-12,Abu Dhabi,Internal road,1.0012E+11,7,First week,Traffic accident with injuries,Not leaving enough space,1,IP35A IntersectionFalah - Al Sharqi (Muroor),IP35A IntersectionFalah - Al Sharqi (Muroor),Commercial area,Intersection,day,clear,Dry,Perpendicular Intersection,Rear collision,Philippines,N,Passenger,Back passenger seat,Moderate,64,F,Female,64,Above 60,May,Asian States,Monday,14:50,PM,Above 60,1,Madinat Zayed (Abu Dhabi),Block 14-1,152,"4933.                 Having surveyed the scene of the accident: - The vehicle causing the accident was heading from the west to the east, the damaged vehicle was coming from the same lane, due to the little distance, the causing bumped into the rear part of the other, the accident left behind four injuries and physical damages to both as illustrated in the chart","Madinat Zayed, the intersection of Al Falah Street with Al Muroor Street, near Habib Bank",No,60,None,5
Abu Dhabi,Shaabiya Police Station,2012,May,07-05-12,Abu Dhabi,Internal road,1.0012E+11,7,First week,Traffic accident with injuries,Not leaving enough space,1,Al Sharqi Street (Muroor) (4),Al Sharqi Street (Muroor) (4),Commercial area,Single road,day,clear,Dry,Not on Intersection,Rear collision,Iraq,Y,Driver,Driver's seat,Minor,18,M,Male,18,18 to 30 years,May,Arab States,Monday,0:18,PM,18 to 30 years,1,Madinat Zayed (Abu Dhabi),Block 34-1,13,"4934.                 Having surveyed the scene of the accident: - The vehicle causing the accident was heading from the north to the south, the victim was coming from the east to the west, due to the exceed speed, the causing bumped into the victim, the accident left behind one injury as illustrated in the chart",Madinat Zayed area,Yes,40,None,1
Abu Dhabi,Khaldiya Police Station,2012,May,07-05-12,Abu Dhabi,Internal road,1.0012E+11,7,First week,Traffic accident with injuries,Bypassing the red traffic light,1,Street Bainunah(34),Street Bainunah(34),Commercial area,Intersection,night - enough lights,clear,Dry,Turn ,Perpendicular collision,Palestine,Y,Driver,Driver's seat,Minor,35,F,Female,35,31 to 45 years,May,Arab States,Monday,19:32,PM,31 to 45 years,1,Al Butain,Block 95-2,19,"4935.                 Having surveyed the scene of the accident: - The vehicle causing the accident was heading from the north to the south, the damaged vehicle was coming from the west to the east, the causing ran the red light and bumped into the rear side of the first, the latter swerved and hit the plastic barriers, the accident left behind two injuries and physical damages to the vehicles and the barriers as illustrated in the chart.      ",The intersection of Abu Dhabi Islamic Bank,Yes,60,None,3
Abu Dhabi,Khaldiya Police Station,2012,May,09-05-12,Abu Dhabi,Internal road,1.0012E+11,9,Second week,Traffic accident with injuries,Misuse of traffic,1,Street Arabian Gulf(30),Street Arabian Gulf(30),Hospital,Single road,day,clear,Dry,Not on or around 20 meters,Person run over,Morocco,N,Pedestrian,No passenger,Minor,38,M,Male,38,31 to 45 years,May,Arab States,Wednesday,9:45,AM,31 to 45 years,1,Sefarat,Block 45-2,16,"4936.                 Having surveyed the scene of the accident: - The vehicle causing the accident was heading from the north to the south, the damaged vehicle was coming from the west to the east, the causing ran the red light and bumped into the rear side of the first, the latter swerved and hit the plastic barriers, the accident left behind two injuries and physical damages to the vehicles and the barriers as illustrated in the chart.      ","Al Sefarat region, Arabian Gulf Street, in front of the Imperial College Center",No,40,Cross on crosswalk not in the intersection,2