Emirate,Police Station,Year,Month,Date,City,Road,Report Number,Day,Week,Report type,Reasons,Computed,Streets,Street,Place,Location,lighting,Weather,Road surface,Intersection,Accident Type,Nationalities,Seat Belt,Injured person position,Injured person's seat,Degree of the injury,Age of the injured,Gender,Gender of the injured,Inp Age,Age Group,Date - Month,Nationality of the Injured person,Day,Iac Rep Time,Time,Age Group - Ministry,Computed2,Area,Block,Str Code,Accident Description,Location,Fasten seat belt,Road speed limit,Pedestrian action,Number of Lanes
Abu Dhabi,Shaabiya Police Station,2012,July,08-07-12,Abu Dhabi,Internal road,1.0012E+11,8,Second week,Traffic accident with injuries,Not giving priority to pedestrian crossing,1,Hazaa Bin Zayed Al Awal Street (11),Hazaa Bin Zayed Al Awal Street (11),Commercial area,Double road,day,clear,Dry,Not on Intersection,Person run over,Sudan,N,Pedestrian,No passenger,Moderate,51,F,Female,51,46 to 60 years,Jul,Arab States,Sunday,8:00,AM,46 to 60 years,1,Rawdah,Block 35-2,23,"5059.                  After examining and inspecting the accident chart, the following was found: The vehicle causing the accident was coming from the south towards the north on the far left lane, and the crushed person was crossing the road from the east towards the west on the pedestrian crossing lines, and while the vehicle was traveling, the driver was surprised by the run-over person while he was on the pedestrian crossing lines because of not giving priority to a pedestrian crossing by the driver of the vehicle causing the accident, the person was hit by the front left side of the vehicle and then the person fell to the ground, and accordingly the accident chart was drawn as shown",Hazaa Bin Zayed Street,No,60,Cross on the crosswalk of the intersection,4
Abu Dhabi,Shaabiya Police Station,2012,July,08-07-12,Abu Dhabi,Internal road,1.0012E+11,8,Second week,Traffic accident with injuries,Misuse of traffic,1,Al Sharqi Street (Muroor) (4),Al Sharqi Street (Muroor) (4),School,Double road,day,clear,Dry,Not on Intersection,Person run over,Pakistan,N,Pedestrian,No passenger,Moderate,7,F,Female,7,1 to 7 years,Jul,Asian States,Sunday,14:00,PM,Below 18 years,1,Dhafra (Abu Dhabi),Block 35-1,13,"5060.                  After examining and inspecting the accident site, the following was found: While the vehicle causing the accident was coming from the south towards the north and driving on the far left, and the run-over person was coming from the east towards the west, and as a result of misuse of traffic and the run-over person was crossing but not using the place designated for crossing, the vehicle causing the accident hit the run-over person by the front right side and then the front left side collided with the sidewalk and according to the chart, the accident occurred","Al Hadharem Area, at the intersection of Al Sharqi Street with 23rd Street, in front of the Pakistani School",No,80,"Cross, but not on the crosswalk",3
Abu Dhabi,Khaldiya Police Station,2012,July,09-07-12,Abu Dhabi,Internal road,1.0012E+11,9,Second week,Traffic accident with injuries,Bypassing the red traffic light,1,IP135 IntersectionArabian Gulf - Al Saada,IP135 IntersectionArabian Gulf - Al Saada,Residential area,Intersection,night - enough lights,clear,Dry,Perpendicular Intersection,Perpendicular collision,Sri Lanka,N,Passenger,Back passenger seat,Minor,34,M,Male,34,31 to 45 years,Jul,Asian States,Monday,1:26,PM,31 to 45 years,1,Mushrif,Block 79-2,134,"5061.                  After examining and inspecting the accident chart, the following was noted: While the Driver of the vehicle causer of the accident was coming from the north towards the south on the far-right lane, and the Driver of the damaged vehicle was coming from the west towards the east on the middle path. At Said bin Tahnoun intersection, and due to the driver of the vehicle causing the accident bypassing the red traffic light, the front of the damaged vehicle collided with the right side of the vehicle causing the accident. The accident resulted in injury to the passengers in the vehicle causing the accident and they were transferred to the hospital to receive the necessary treatment. The accident chart was drawn and necessary action was taken",Saeed bin Tahnoun intersection,No,60,None,5
Abu Dhabi,Khaldiya Police Station,2012,July,09-07-12,Abu Dhabi,Internal road,1.0012E+11,9,Second week,Traffic accident with injuries,Bypassing the red traffic light,1,IP135 IntersectionArabian Gulf - Al Saada,IP135 IntersectionArabian Gulf - Al Saada,Residential area,Intersection,night - enough lights,clear,Dry,Perpendicular Intersection,Perpendicular collision,Sri Lanka,N,Passenger,Front passenger seat,Minor,28,M,Male,28,18 to 30 years,Jul,Asian States,Monday,1:26,PM,18 to 30 years,1,Mushrif,Block 79-2,134,"5062.                  After examining and inspecting the accident chart, the following was noted: While the Driver of the vehicle causer of the accident was coming from the north towards the south on the far-right lane, and the Driver of the damaged vehicle was coming from the west towards the east on the middle path. At Said bin Tahnoun intersection, and due to the driver of the vehicle causing the accident bypassing the red traffic light, the front of the damaged vehicle collided with the right side of the vehicle causing the accident. The accident resulted in injury to the passengers in the vehicle causing the accident and they were transferred to the hospital to receive the necessary treatment. The accident chart was drawn and necessary action was taken",Saeed bin Tahnoun intersection,No,60,None,5
Abu Dhabi,Khaldiya Police Station,2012,July,09-07-12,Abu Dhabi,Internal road,1.0012E+11,9,Second week,Traffic accident with injuries,Bypassing the red traffic light,1,IP135 IntersectionArabian Gulf - Al Saada,IP135 IntersectionArabian Gulf - Al Saada,Residential area,Intersection,night - enough lights,clear,Dry,Perpendicular Intersection,Perpendicular collision,Sri Lanka,N,Passenger,Back passenger seat,Minor,27,M,Male,27,18 to 30 years,Jul,Asian States,Monday,1:26,PM,18 to 30 years,1,Mushrif,Block 79-2,134,"5063.                  After examining and inspecting the accident chart, the following was noted: While the Driver of the vehicle causer of the accident was coming from the north towards the south on the far-right lane, and the Driver of the damaged vehicle was coming from the west towards the east on the middle path. At Said bin Tahnoun intersection, and due to the driver of the vehicle causing the accident bypassing the red traffic light, the front of the damaged vehicle collided with the right side of the vehicle causing the accident. The accident resulted in injury to the passengers in the vehicle causing the accident and they were transferred to the hospital to receive the necessary treatment. The accident chart was drawn and necessary action was taken",Saeed bin Tahnoun intersection,No,60,None,5
Abu Dhabi,Khaldiya Police Station,2012,July,10-07-12,Abu Dhabi,Internal road,1.0012E+11,10,Second week,Traffic accident with injuries,Sudden deviation,1,Street Bainunah(34),Street Bainunah(34),Govt. authority,Double road,day,clear,Dry,Half Perpendicular Intersection,Side collision,UAE,Y,Driver,Driver's seat,Minor,65,M,Male,65,Above 60,Jul,UAE,Tuesday,10:20,AM,Above 60,1,Al Khabira,Block 93-2,19,"5064.                  After examining and inspecting the accident site, the following was noted: While the vehicle causing the accident was traveling on Baynunah Street before the Central Bank intersection and was taking the right lane, it deviated and the left side of the vehicle causing the accident collided with the front right side of the damaged vehicle, then vehicle causing the accident was drifted and collided with its front at the lane separating the two directions, and after the accident, the driver who caused the accident managed to escape with his vehicle. The accident resulted in the injury of the driver of the damaged vehicle with minor injuries and material damage to the pavement and the two vehicles. The accident chart was drawn and necessary action taken","Bainunah Street, before the Central Bank intersection, towards the Emirates Palace",Yes,60,None,3
Abu Dhabi,Shaabiya Police Station,2012,July,11-07-12,Abu Dhabi,Internal road,1.0012E+11,11,Second week,Traffic accident with injuries,Not leaving enough space,1,Al Saada Intersection - Salam IP69,Al Saada Intersection - Salam IP69,Residential area,Bridge,day,clear,Dry,Not on Intersection,Rear collision,Syria,N,Driver,Driver's seat,Minor,24,F,Female,24,18 to 30 years,Jul,Arab States,Wednesday,9:30,AM,18 to 30 years,1,Qasr Al Bahar,Block 36-1,129,"5065.                  After examining and inspection, the following was noted: - The vehicle causing the accident was coming from the east towards the west, and the damaged vehicle was coming in the same direction and traveling on the far left lane and due to the overspeed without taking into account the road conditions and not leaving enough space behind the front vehicles by the causer vehicle in the accident, the front of the vehicle hit the rear of the damaged vehicle, which was stopping due to a vehicle failure, and from the force of the collision, the vehicle causing the accident stopped at the second lane from the left. According to the chart, the accident occurred.","Salam Street, inward, on Al Saada Bridge",No,80,None,4
Abu Dhabi,Khaldiya Police Station,2012,July,11-07-12,Abu Dhabi,Internal road,1.0012E+11,11,Second week,Traffic accident with injuries,Bypassing the red traffic light,1,IP26 IntersectionCorniche - Street 26,IP26 IntersectionCorniche - Street 26,Commercial area,Intersection,night - enough lights,clear,Dry,Perpendicular Intersection,Perpendicular collision,Turkey,Y,Driver,Driver's seat,Minor,26,M,Male,26,18 to 30 years,Jul,Other,Wednesday,22:45,PM,18 to 30 years,1,Khaldiya,Block 53-2,124,"5066.                  After examining and inspecting the accident site, the following was noted: The causing vehicle was traveling from the south to the north on the left lane, while the damaged vehicle was traveling from the east to the west on the left lane on the intersection to the south, and due to bypassing the red light and overspeed without taking into account road conditions by the Driver of the vehicle that caused the accident, the front of the vehicle causing the accident collided with the left side of the damaged vehicle as shown, and the accident resulted in the drivers being injured with minor injuries and material damage to both vehicles. The accident was drawn and necessary action was taken",The intersection of Corniche Street with King Khalid Street,Yes,60,None,4
Abu Dhabi,Khaldiya Police Station,2012,July,11-07-12,Abu Dhabi,Internal road,1.0012E+11,11,Second week,Traffic accident with injuries,Bypassing the red traffic light,1,IP26 IntersectionCorniche - Street 26,IP26 IntersectionCorniche - Street 26,Commercial area,Intersection,night - enough lights,clear,Dry,Perpendicular Intersection,Perpendicular collision,UAE,Y,Driver,Driver's seat,Minor,18,M,Male,18,18 to 30 years,Jul,UAE,Wednesday,22:45,PM,18 to 30 years,1,Khaldiya,Block 53-2,124,"5067.                  After examining and inspecting the accident site, the following was noted: The causing vehicle was traveling from the south to the north on the left lane, while the damaged vehicle was traveling from the east to the west on the left lane on the intersection to the south, and due to bypassing the red light and overspeed without taking into account road conditions by the Driver of the vehicle that caused the accident, the front of the vehicle causing the accident collided with the left side of the damaged vehicle as shown, and the accident resulted in the drivers being injured with minor injuries and material damage to both vehicles. The accident was drawn and necessary action was taken",The intersection of Corniche Street with King Khalid Street,Yes,60,None,4
Abu Dhabi,Al Madina Police Station,2012,July,12-07-12,Abu Dhabi,Internal road,1.0012E+11,12,Second week,Traffic accident with injuries,Ignoring road lane,1,IP18 IntersectionHamdan Bin Mohamed - Al Sharqi (Muroor),IP18 IntersectionHamdan Bin Mohamed - Al Sharqi (Muroor),Commercial area,Highway,night - enough lights,clear,Dry,Perpendicular Intersection,Side collision,India,N,Driver,Driver's seat,Minor,29,M,Male,29,18 to 30 years,Jul,Asian States,Thursday,3:32,PM,18 to 30 years,1,Markaziya,Block 12-1,105,"5068.                  After examining and inspecting the accident chart, the following was found: The vehicle causing the accident was coming from the east towards the west and taking the far-left lane (U) and the damaged vehicle was coming from the same direction and took the left lane, and after the two vehicles crossed the traffic light, and because of the vehicle’s failure to follow the driving lane. The vehicle causing the accident collided with its right side to the left side of the damaged vehicle, which led to its turning over and settling after the intersection. The vehicle causing the accident also drifted south and settled after the intersection, and according to the chart, the accident occurred",The intersection of Al Sharqi Street with Hamdan Street,No,60,None,
Abu Dhabi,Khaldiya Police Station,2012,July,12-07-12,Abu Dhabi,Internal road,1.0012E+11,12,Second week,Traffic accident with injuries,Ignoring road lane,1,Street Arabian Gulf(30),Street Arabian Gulf(30),Other,Highway,day,clear,Dry,Not on Intersection,Side collision,Egypt,Y,Driver,Driver's seat,Minor,59,F,Female,59,46 to 60 years,Jul,Arab States,Thursday,9:44,AM,46 to 60 years,1,Sports City,Block 28-2,16,"5069.                  After examining and inspecting the accident chart, the following was found: The vehicle causing the accident was coming from the west towards the east on the third lane from the left, and the damaged vehicle was coming from the same direction and traveling on the far left lane, and due to non-compliance with the mandatory driving lane by the vehicle causing the accident, the vehicle deviated to the left side, its rear left side collided with the front right side, which led to the loss of control of the causing vehicle and its collision with the pavement, and settling in the lane separating the two roads after hitting the lighting pole, as well as the damaged vehicle settled in the far right lane. According to the chart, the accident occurred","Arabian Gulf Street, outward, in front of the celebrations podium",Yes,100,None,5
Abu Dhabi,Shaabiya Police Station,2012,July,13-07-12,Abu Dhabi,Internal road,1.0012E+11,13,Second week,Traffic accident with injuries,Not giving priority to pedestrian crossing,1,Street 12,Street 12,Commercial area,Double road,night - enough lights,clear,Dry,Not on Intersection,Person run over,Jordan,N,Pedestrian,No passenger,Severe,35,M,Male,35,31 to 45 years,Jul,Arab States,Friday,23:00,PM,31 to 45 years,1,Not Identified,Not Identified,44,"5070.                  After inspecting the accident site, the following was found: While the vehicle causing the accident was coming from the north towards the south and taking the lane to the far left, and the run over person was crossing the pedestrian lines from the west towards the east, and due to the lack of priority for the road and the lack misuse of traffic by the vehicle causing the accident, the vehicle hit the left side of the body of the run over person, which led to his injury, and according to chart, the accident occurred.","Street 13, between the Food Control intersection, Al Masoud intersection, in front of the Lebanese Mill",No,60,None,3
Abu Dhabi,Shaabiya Police Station,2012,July,13-07-12,Abu Dhabi,Internal road,1.0012E+11,13,Second week,Traffic accident with injuries,Ignoring road lane,1,Al Sharqi Street (Muroor) (4),Al Sharqi Street (Muroor) (4),Bridge / Tunnel,Single road,night - enough lights,clear,Dry,Not on or around 20 meters,Side collision,Egypt,Y,Driver,Driver's seat,Minor,28,M,Male,28,18 to 30 years,Jul,Arab States,Friday,21:21,PM,18 to 30 years,1,Not Identified,Not Identified,13,"5071.                  After examining and inspecting the accident site, the following was found: While the vehicle causing the accident was coming from the east towards the west and driving on the far right lane, and the damaged vehicle was coming from the same direction and driving the far left, and as a result of the failure of the driver causing the accident to abide by the lane line and while trying to turn to the left, the left side of his vehicle collided with the left side of the damaged vehicle, and then the damaged vehicle drifted forward to collide with the sidewalk and then turned around, and according to the chart, the accident occurred",Al Sahrqi Ring Road,Yes,40,None,2
Abu Dhabi,Shaabiya Police Station,2012,July,13-07-12,Abu Dhabi,Internal road,1.0012E+11,13,Second week,Traffic accident with injuries,Ignoring road lane,1,Al Sharqi Street (Muroor) (4),Al Sharqi Street (Muroor) (4),Bridge / Tunnel,Single road,night - enough lights,clear,Dry,Not on or around 20 meters,Side collision,Egypt,N,Passenger,Front passenger seat,Moderate,33,M,Male,33,31 to 45 years,Jul,Arab States,Friday,21:21,PM,31 to 45 years,1,Not Identified,Not Identified,13,"5072.                  After examining and inspecting the accident site, the following was found: While the vehicle causing the accident was coming from the east towards the west and driving on the far right lane, and the damaged vehicle was coming from the same direction and driving the far left, and as a result of the failure of the driver causing the accident to abide by the lane line and while trying to turn to the left, the left side of his vehicle collided with the left side of the damaged vehicle, and then the damaged vehicle drifted forward to collide with the sidewalk and then turned around, and according to the chart, the accident occurred",Al Sahrqi Ring Road,No,40,None,2
Abu Dhabi,Shaabiya Police Station,2012,July,14-07-12,Abu Dhabi,Internal road,1.0012E+11,14,Second week,Traffic accident with injuries,Not leaving enough space,1,Street Salam (8),Street Salam (8),Govt. authority,Unknown,night - enough lights,clear,Dry,Not on Intersection,Rear collision,Egypt,Y,Driver,Driver's seat,Minor,50,M,Male,50,46 to 60 years,Jul,Arab States,Saturday,20:20,PM,46 to 60 years,1,Dhafra (Abu Dhabi),Block 55-1,12,"5073.                  After examining and inspecting the accident chart, the following was found: The vehicles were coming from the east to the west direction, the vehicle causing the accident was in the back and the two damaged vehicles were in front, while the vehicles were moving and due to not leaving enough distance between the vehicles by the driver causing the accident, the front left side of the causing vehicle collided with the right rear side of the first damaged vehicle and then the vehicle causing the accident drifted to the right and the right front side collided with the left rear side of the second damaged vehicle, due to the force of the collision, the first damaged vehicle turned around. Accordingly, the accident was drawn as shown in the drawing","After Sheikh Zayed Bridge, inward, opposite Police Officers Club",Yes,100,None,4
Abu Dhabi,Al Madina Police Station,2012,July,15-07-12,Abu Dhabi,Internal road,1.0012E+11,15,Third week,Traffic accident with injuries,Bypassing the red traffic light,1,Street Corniche(1),Street Corniche(1),Commercial area,Intersection,night - enough lights,clear,Dry,Half Perpendicular Intersection,Perpendicular collision,Palestine,Y,Driver,Driver's seat,Moderate,25,M,Male,25,18 to 30 years,Jul,Arab States,Sunday,1:10,PM,18 to 30 years,1,Markaziya,Block 51-1,29,"5074.                  After examination and inspection, the following was found: The vehicle causing the accident was coming from the direction north to the south while turning right towards the east, and the damaged vehicle was coming from the direction south towards the north, and during the course of the two vehicles and their arrival at the intersection and due to Bypassing the red traffic light by the driver causing the accident , The front of the vehicle causing the accident hit the front left side of the damaged vehicle, and from the force of the collision, the two vehicles pushed over and the damaged vehicle overturned and the vehicles stabilized as shown in the final drawing",Formerly Al Shallal intersection,Yes,60,None,4
Abu Dhabi,Al Madina Police Station,2012,July,15-07-12,Abu Dhabi,Internal road,1.0012E+11,15,Third week,Traffic accident with injuries,Bypassing the red traffic light,1,Street Corniche(1),Street Corniche(1),Commercial area,Intersection,night - enough lights,clear,Dry,Half Perpendicular Intersection,Perpendicular collision,Egypt,N,Passenger,Back passenger seat,Moderate,24,F,Female,24,18 to 30 years,Jul,Arab States,Sunday,1:10,PM,18 to 30 years,1,Markaziya,Block 51-1,29,"5075.                  After examination and inspection, the following was found: The vehicle causing the accident was coming from the north to the south direction while turning right towards the east, and the damaged vehicle was coming from the south towards the north direction, when the two vehicles arrived at the intersection and due to bypassing the red traffic light by the driver causing the accident, the front side of the vehicle causing the accident hit the front left side of the damaged vehicle, and due to the force of the collision, the two vehicles drifted and the damaged vehicle turned around and the vehicles settled as shown in the final drawing",Formerly Al Shallal intersection,No,60,None,4
Abu Dhabi,Al Madina Police Station,2012,July,15-07-12,Abu Dhabi,Internal road,1.0012E+11,15,Third week,Traffic accident with injuries,Bypassing the red traffic light,1,Street Corniche(1),Street Corniche(1),Commercial area,Intersection,night - enough lights,clear,Dry,Half Perpendicular Intersection,Perpendicular collision,Palestine,N,Passenger,Front passenger seat,Minor,37,M,Male,37,31 to 45 years,Jul,Arab States,Sunday,1:10,PM,31 to 45 years,1,Markaziya,Block 51-1,29,"5076.                  After examination and inspection, the following was found: The vehicle causing the accident was coming from the north to the south direction while turning right towards the east, and the damaged vehicle was coming from the south towards the north direction, when the two vehicles arrived at the intersection and due to bypassing the red traffic light by the driver causing the accident, the front side of the vehicle causing the accident hit the front left side of the damaged vehicle, and due to the force of the collision, the two vehicles drifted and the damaged vehicle turned around and the vehicles settled as shown in the final drawing",Formerly Al Shallal intersection,No,60,None,4
Abu Dhabi,Khaldiya Police Station,2012,July,15-07-12,Abu Dhabi,Internal road,1.0012E+11,15,Third week,Traffic accident with injuries,Bypassing the red traffic light,1,IP72 IntersectionAl Saada - Karama,IP72 IntersectionAl Saada - Karama,Govt. authority,Intersection,night - enough lights,clear,Dry,Perpendicular Intersection,Perpendicular collision,Philippines,N,Passenger,Back passenger seat,Severe,30,M,Male,30,18 to 30 years,Jul,Asian States,Sunday,5:25,PM,18 to 30 years,1,Mushrif,Block 38-2,132,"5077.                  After examining and inspecting the accident site, the following was found: The vehicle causing the accident was coming from the north towards the south on the middle lane, and the damaged vehicle was coming from the east towards the west, and because the driver causing the accident bypassed the traffic red light, the front of the damaged car hit the front left side of the vehicle causing the accident, and after the accident, the vehicle causing the accident and the damaged vehicle drifted together to the left side, and then the causing vehicle deviated to the right and settled at a distance of 40 meters after the collision and the damaged vehicle deviated to the right side and its front side collided with the pedestrian crossing pole, and then continued to drift until finally settled on the sidewalk. According to the chart, the accident occurred","Al-Saada Street, Sheikh Saif intersection, after the passports authority",No,60,None,4
Abu Dhabi,Khaldiya Police Station,2012,July,15-07-12,Abu Dhabi,Internal road,1.0012E+11,15,Third week,Traffic accident with injuries,Bypassing the red traffic light,1,IP72 IntersectionAl Saada - Karama,IP72 IntersectionAl Saada - Karama,Govt. authority,Intersection,night - enough lights,clear,Dry,Perpendicular Intersection,Perpendicular collision,Pakistan,Y,Driver,Driver's seat,Minor,37,M,Male,37,31 to 45 years,Jul,Asian States,Sunday,5:25,PM,31 to 45 years,1,Mushrif,Block 38-2,132,"5078.                  After examining and inspecting the accident site, the following was found: The vehicle causing the accident was coming from the north towards the south on the middle lane, and the damaged vehicle was coming from the east towards the west, and because the driver causing the accident bypassed the traffic red light, the front of the damaged car hit the front left side of the vehicle causing the accident, and after the accident, the vehicle causing the accident and the damaged vehicle drifted together to the left side, and then the causing vehicle deviated to the right and settled at a distance of 40 meters after the collision and the damaged vehicle deviated to the right side and its front side collided with the pedestrian crossing pole, and then continued to drift until finally settled on the sidewalk. According to the chart, the accident occurred","Al-Saada Street, Sheikh Saif intersection, after the passports authority",Yes,60,None,4
Abu Dhabi,Khaldiya Police Station,2012,July,15-07-12,Abu Dhabi,Internal road,1.0012E+11,15,Third week,Traffic accident with injuries,Bypassing the red traffic light,1,IP72 IntersectionAl Saada - Karama,IP72 IntersectionAl Saada - Karama,Govt. authority,Intersection,night - enough lights,clear,Dry,Perpendicular Intersection,Perpendicular collision,India,Y,Passenger,Front passenger seat,Minor,26,M,Male,26,18 to 30 years,Jul,Asian States,Sunday,5:25,PM,18 to 30 years,1,Mushrif,Block 38-2,132,"5079.                  After examining and inspecting the accident site, the following was found: The vehicle causing the accident was coming from the north towards the south on the middle lane, and the damaged vehicle was coming from the east towards the west, and because the driver causing the accident bypassed the traffic red light, the front of the damaged car hit the front left side of the vehicle causing the accident, and after the accident, the vehicle causing the accident and the damaged vehicle drifted together to the left side, and then the causing vehicle deviated to the right and settled at a distance of 40 meters after the collision and the damaged vehicle deviated to the right side and its front side collided with the pedestrian crossing pole, and then continued to drift until finally settled on the sidewalk. According to the chart, the accident occurred","Al-Saada Street, Sheikh Saif intersection, after the passports authority",Yes,60,None,4
Abu Dhabi,Khaldiya Police Station,2012,July,15-07-12,Abu Dhabi,Internal road,1.0012E+11,15,Third week,Traffic accident with injuries,Bypassing the red traffic light,1,IP72 IntersectionAl Saada - Karama,IP72 IntersectionAl Saada - Karama,Govt. authority,Intersection,night - enough lights,clear,Dry,Perpendicular Intersection,Perpendicular collision,India,N,Passenger,Back passenger seat,Moderate,29,M,Male,29,18 to 30 years,Jul,Asian States,Sunday,5:25,PM,18 to 30 years,1,Mushrif,Block 38-2,132,"5080.                  After examining and inspecting the accident site, the following was found: The vehicle causing the accident was coming from the north towards the south on the middle lane, and the damaged vehicle was coming from the east towards the west, and because the driver causing the accident bypassed the traffic red light, the front of the damaged car hit the front left side of the vehicle causing the accident, and after the accident, the vehicle causing the accident and the damaged vehicle drifted together to the left side, and then the causing vehicle deviated to the right and settled at a distance of 40 meters after the collision and the damaged vehicle deviated to the right side and its front side collided with the pedestrian crossing pole, and then continued to drift until finally settled on the sidewalk. According to the chart, the accident occurred","Al-Saada Street, Sheikh Saif intersection, after the passports authority",No,60,None,4
Abu Dhabi,Khaldiya Police Station,2012,July,15-07-12,Abu Dhabi,Internal road,1.0012E+11,15,Third week,Traffic accident with injuries,Bypassing the red traffic light,1,IP72 IntersectionAl Saada - Karama,IP72 IntersectionAl Saada - Karama,Govt. authority,Intersection,night - enough lights,clear,Dry,Perpendicular Intersection,Perpendicular collision,Philippines,N,Passenger,Back passenger seat,Death,31,M,Male,31,31 to 45 years,Jul,Asian States,Sunday,5:25,PM,31 to 45 years,1,Mushrif,Block 38-2,132,"5081.                  After examining and inspecting the accident site, the following was found: The vehicle causing the accident was coming from the north towards the south on the middle lane, and the damaged vehicle was coming from the east towards the west, and because the driver causing the accident bypassed the traffic red light, the front of the damaged car hit the front left side of the vehicle causing the accident, and after the accident, the vehicle causing the accident and the damaged vehicle drifted together to the left side, and then the causing vehicle deviated to the right and settled at a distance of 40 meters after the collision and the damaged vehicle deviated to the right side and its front side collided with the pedestrian crossing pole, and then continued to drift until finally settled on the sidewalk. According to the chart, the accident occurred","Al-Saada Street, Sheikh Saif intersection, after the passports authority",No,60,None,4
Abu Dhabi,Khaldiya Police Station,2012,July,15-07-12,Abu Dhabi,Internal road,1.0012E+11,15,Third week,Traffic accident with injuries,Bypassing the red traffic light,1,IP72 IntersectionAl Saada - Karama,IP72 IntersectionAl Saada - Karama,Govt. authority,Intersection,night - enough lights,clear,Dry,Perpendicular Intersection,Perpendicular collision,India,N,Passenger,Back passenger seat,Minor,26,M,Male,26,18 to 30 years,Jul,Asian States,Sunday,5:25,PM,18 to 30 years,1,Mushrif,Block 38-2,132,"5082.                  After examining and inspecting the accident site, the following was found: The vehicle causing the accident was coming from the north towards the south on the middle lane, and the damaged vehicle was coming from the east towards the west, and because the driver causing the accident bypassed the traffic red light, the front of the damaged car hit the front left side of the vehicle causing the accident, and after the accident, the vehicle causing the accident and the damaged vehicle drifted together to the left side, and then the causing vehicle deviated to the right and settled at a distance of 40 meters after the collision and the damaged vehicle deviated to the right side and its front side collided with the pedestrian crossing pole, and then continued to drift until finally settled on the sidewalk. According to the chart, the accident occurred","Al-Saada Street, Sheikh Saif intersection, after the passports authority",No,60,None,4
Abu Dhabi,Khaldiya Police Station,2012,July,15-07-12,Abu Dhabi,Internal road,1.0012E+11,15,Third week,Traffic accident with injuries,Bypassing the red traffic light,1,IP72 IntersectionAl Saada - Karama,IP72 IntersectionAl Saada - Karama,Govt. authority,Intersection,night - enough lights,clear,Dry,Perpendicular Intersection,Perpendicular collision,Philippines,N,Passenger,Back passenger seat,Minor,32,M,Male,32,31 to 45 years,Jul,Asian States,Sunday,5:25,PM,31 to 45 years,1,Mushrif,Block 38-2,132,"5083.                  After examining and inspecting the accident site, the following was found: The vehicle causing the accident was coming from the north towards the south on the middle lane, and the damaged vehicle was coming from the east towards the west, and because the driver causing the accident bypassed the traffic red light, the front of the damaged car hit the front left side of the vehicle causing the accident, and after the accident, the vehicle causing the accident and the damaged vehicle drifted together to the left side, and then the causing vehicle deviated to the right and settled at a distance of 40 meters after the collision and the damaged vehicle deviated to the right side and its front side collided with the pedestrian crossing pole, and then continued to drift until finally settled on the sidewalk. According to the chart, the accident occurred","Al-Saada Street, Sheikh Saif intersection, after the passports authority",No,60,None,4
Abu Dhabi,Khaldiya Police Station,2012,July,15-07-12,Abu Dhabi,Internal road,1.0012E+11,15,Third week,Traffic accident with injuries,Bypassing the red traffic light,1,IP72 IntersectionAl Saada - Karama,IP72 IntersectionAl Saada - Karama,Govt. authority,Intersection,night - enough lights,clear,Dry,Perpendicular Intersection,Perpendicular collision,India,N,Passenger,Back passenger seat,Moderate,23,M,Male,23,18 to 30 years,Jul,Asian States,Sunday,5:25,PM,18 to 30 years,1,Mushrif,Block 38-2,132,"5084.                  After examining and inspecting the accident site, the following was found: The vehicle causing the accident was coming from the north towards the south on the middle lane, and the damaged vehicle was coming from the east towards the west, and because the driver causing the accident bypassed the traffic red light, the front of the damaged car hit the front left side of the vehicle causing the accident, and after the accident, the vehicle causing the accident and the damaged vehicle drifted together to the left side, and then the causing vehicle deviated to the right and settled at a distance of 40 meters after the collision and the damaged vehicle deviated to the right side and its front side collided with the pedestrian crossing pole, and then continued to drift until finally settled on the sidewalk. According to the chart, the accident occurred","Al-Saada Street, Sheikh Saif intersection, after the passports authority",No,60,None,4