Emirate,Police Station,Year,Month,Date,City,Road,Report Number,Day,Week,Report type,Reasons,Computed,Streets,Street,Place,Location,lighting,Weather,Road surface,Intersection,Accident Type,Nationalities,Seat Belt,Injured person position,Injured person's seat,Degree of the injury,Age of the injured,Gender,Gender of the injured,Inp Age,Age Group,Date - Month,Nationality of the Injured person,Day,Iac Rep Time,Time,Age Group - Ministry,Computed2,Area,Block,Str Code,Accident Description,Location,Fasten seat belt,Road speed limit,Pedestrian action,Number of Lanes
Abu Dhabi,Khaldiya Police Station,2012,July,15-07-12,Abu Dhabi,Internal road,1.0012E+11,15,Third week,Traffic accident with injuries,Bypassing the red traffic light,1,IP72 IntersectionAl Saada - Karama,IP72 IntersectionAl Saada - Karama,Govt. authority,Intersection,night - enough lights,clear,Dry,Perpendicular Intersection,Perpendicular collision,Pakistan,Y,Driver,Driver's seat,Moderate,25,M,Male,25,18 to 30 years,Jul,Asian States,Sunday,5:25,PM,18 to 30 years,1,Mushrif,Block 38-2,132,"5085.                  After examining and inspecting the accident site, the following was found: The vehicle causing the accident was coming from the north towards the south on the middle lane, and the damaged vehicle was coming from the east towards the west, and because the driver causing the accident bypassed the traffic red light, the front of the damaged car hit the front left side of the vehicle causing the accident, and after the accident, the vehicle causing the accident and the damaged vehicle drifted together to the left side, and then the causing vehicle deviated to the right and settled at a distance of 40 meters after the collision and the damaged vehicle deviated to the right side and its front side collided with the pedestrian crossing pole, and then continued to drift until finally settled on the sidewalk. According to the chart, the accident occurred","Al-Saada Street, Sheikh Saif intersection, after the passports authority",Yes,60,None,4
Abu Dhabi,Khaldiya Police Station,2012,July,15-07-12,Abu Dhabi,Internal road,1.0012E+11,15,Third week,Traffic accident with injuries,Bypassing the red traffic light,1,IP72 IntersectionAl Saada - Karama,IP72 IntersectionAl Saada - Karama,Govt. authority,Intersection,night - enough lights,clear,Dry,Perpendicular Intersection,Perpendicular collision,Philippines,N,Passenger,Back passenger seat,Death,26,M,Male,26,18 to 30 years,Jul,Asian States,Sunday,5:25,PM,18 to 30 years,1,Mushrif,Block 38-2,132,"5086.                  After examining and inspecting the accident site, the following was found: The vehicle causing the accident was coming from the north towards the south on the middle lane, and the damaged vehicle was coming from the east towards the west, and because the driver causing the accident bypassed the traffic red light, the front of the damaged car hit the front left side of the vehicle causing the accident, and after the accident, the vehicle causing the accident and the damaged vehicle drifted together to the left side, and then the causing vehicle deviated to the right and settled at a distance of 40 meters after the collision and the damaged vehicle deviated to the right side and its front side collided with the pedestrian crossing pole, and then continued to drift until finally settled on the sidewalk. According to the chart, the accident occurred","Al-Saada Street, Sheikh Saif intersection, after the passports authority",No,60,None,4
Abu Dhabi,Khaldiya Police Station,2012,July,15-07-12,Abu Dhabi,Internal road,1.0012E+11,15,Third week,Traffic accident with injuries,Bypassing the red traffic light,1,IP72 IntersectionAl Saada - Karama,IP72 IntersectionAl Saada - Karama,Govt. authority,Intersection,night - enough lights,clear,Dry,Perpendicular Intersection,Perpendicular collision,India,N,Passenger,Back passenger seat,Minor,44,M,Male,44,31 to 45 years,Jul,Asian States,Sunday,5:25,PM,31 to 45 years,1,Mushrif,Block 38-2,132,"5087.                  After examining and inspecting the accident site, the following was found: The vehicle causing the accident was coming from the north towards the south on the middle lane, and the damaged vehicle was coming from the east towards the west, and because the driver causing the accident bypassed the traffic red light, the front of the damaged car hit the front left side of the vehicle causing the accident, and after the accident, the vehicle causing the accident and the damaged vehicle drifted together to the left side, and then the causing vehicle deviated to the right and settled at a distance of 40 meters after the collision and the damaged vehicle deviated to the right side and its front side collided with the pedestrian crossing pole, and then continued to drift until finally settled on the sidewalk. According to the chart, the accident occurred","Al-Saada Street, Sheikh Saif intersection, after the passports authority",No,60,None,4
Abu Dhabi,Khaldiya Police Station,2012,July,15-07-12,Abu Dhabi,Internal road,1.0012E+11,15,Third week,Traffic accident with injuries,Bypassing the red traffic light,1,IP72 IntersectionAl Saada - Karama,IP72 IntersectionAl Saada - Karama,Govt. authority,Intersection,night - enough lights,clear,Dry,Perpendicular Intersection,Perpendicular collision,India,N,Passenger,Back passenger seat,Death,23,M,Male,23,18 to 30 years,Jul,Asian States,Sunday,5:25,PM,18 to 30 years,1,Mushrif,Block 38-2,132,"5088.                  After examining and inspecting the accident site, the following was found: The vehicle causing the accident was coming from the north towards the south on the middle lane, and the damaged vehicle was coming from the east towards the west, and because the driver causing the accident bypassed the traffic red light, the front of the damaged car hit the front left side of the vehicle causing the accident, and after the accident, the vehicle causing the accident and the damaged vehicle drifted together to the left side, and then the causing vehicle deviated to the right and settled at a distance of 40 meters after the collision and the damaged vehicle deviated to the right side and its front side collided with the pedestrian crossing pole, and then continued to drift until finally settled on the sidewalk. According to the chart, the accident occurred","Al-Saada Street, Sheikh Saif intersection, after the passports authority",No,60,None,4
Abu Dhabi,Khaldiya Police Station,2012,July,15-07-12,Abu Dhabi,Internal road,1.0012E+11,15,Third week,Traffic accident with injuries,Bypassing the red traffic light,1,IP72 IntersectionAl Saada - Karama,IP72 IntersectionAl Saada - Karama,Govt. authority,Intersection,night - enough lights,clear,Dry,Perpendicular Intersection,Perpendicular collision,Philippines,N,Passenger,Back passenger seat,Minor,32,M,Male,32,31 to 45 years,Jul,Asian States,Sunday,5:25,PM,31 to 45 years,1,Mushrif,Block 38-2,132,"5089.                  After examining and inspecting the accident site, the following was found: The vehicle causing the accident was coming from the north towards the south on the middle lane, and the damaged vehicle was coming from the east towards the west, and because the driver causing the accident bypassed the traffic red light, the front of the damaged car hit the front left side of the vehicle causing the accident, and after the accident, the vehicle causing the accident and the damaged vehicle drifted together to the left side, and then the causing vehicle deviated to the right and settled at a distance of 40 meters after the collision and the damaged vehicle deviated to the right side and its front side collided with the pedestrian crossing pole, and then continued to drift until finally settled on the sidewalk. According to the chart, the accident occurred","Al-Saada Street, Sheikh Saif intersection, after the passports authority",No,60,None,4
Abu Dhabi,Khaldiya Police Station,2012,July,15-07-12,Abu Dhabi,Internal road,1.0012E+11,15,Third week,Traffic accident with injuries,Bypassing the red traffic light,1,IP72 IntersectionAl Saada - Karama,IP72 IntersectionAl Saada - Karama,Govt. authority,Intersection,night - enough lights,clear,Dry,Perpendicular Intersection,Perpendicular collision,Philippines,Y,Passenger,Back passenger seat,Minor,27,M,Male,27,18 to 30 years,Jul,Asian States,Sunday,5:25,PM,18 to 30 years,1,Mushrif,Block 38-2,132,"5090.                  After examining and inspecting the accident site, the following was found: The vehicle causing the accident was coming from the north towards the south on the middle lane, and the damaged vehicle was coming from the east towards the west, and because the driver causing the accident bypassed the traffic red light, the front of the damaged car hit the front left side of the vehicle causing the accident, and after the accident, the vehicle causing the accident and the damaged vehicle drifted together to the left side, and then the causing vehicle deviated to the right and settled at a distance of 40 meters after the collision and the damaged vehicle deviated to the right side and its front side collided with the pedestrian crossing pole, and then continued to drift until finally settled on the sidewalk. According to the chart, the accident occurred","Al-Saada Street, Sheikh Saif intersection, after the passports authority",Yes,60,None,4
Abu Dhabi,Al Madina Police Station,2012,July,17-07-12,Abu Dhabi,Internal road,1.0012E+11,17,Third week,Traffic accident with injuries,Driving back without traffic clearance,1,Street Khalifa Bin Zayed(3),Street Khalifa Bin Zayed(3),Commercial area,Car parking,day,clear,Dry,Not on or around 20 meters,Person run over,Philippines,N,Pedestrian,No passenger,Minor,36,F,Female,36,31 to 45 years,Jul,Asian States,Tuesday,7:15,AM,31 to 45 years,1,Markaziya,Block 51-1,28,"5091.                  After examining and inspecting the site of the accident, the following was found: While the vehicle causing the accident was coming from the south towards the north in a side road in the parking lots, and the run over person was inside the vehicle, and after the vehicle stopped and the Passenger left the vehicle and crossed from behind the vehicle, the driver of the vehicle causing the accident drove back without attention. As a result, the vehicle hit the run over person with the rear of the vehicle, and the accident resulted in the injury of the person who was hit with a minor injury.","Khalifa Street, opposite Pistaches",No,20,"Cross, there's no crosswalk",1
Abu Dhabi,Khaldiya Police Station,2012,July,19-07-12,Abu Dhabi,Internal road,1.0012E+11,19,Third week,Traffic accident with injuries,Ignoring road lane,1,Street Delma(13),Street Delma(13),Residential area,Highway,day,clear,Dry,Not on Intersection,Side collision,Pakistan,N,Driver,Driver's seat,Moderate,21,M,Male,21,18 to 30 years,Jul,Asian States,Thursday,10:50,AM,18 to 30 years,1,Karama,Block 16-2,22,"5092.                  After inspecting the location of the accident, the following was found: While the vehicles were stopping on the main road due to the red traffic light, the motorcycle rider tried unlawfully to pass between the two vehicles, and when the left rear door of the second vehicle causing the accident was opened by the passenger, the front of the motorcycle collided with the door of the vehicle and the motorcycle fell to the left on the damaged vehicle, and this is how the accident occurred.","The intersection of Airport Street with Delma Street, Al Barhuz area",No,60,None,3
Abu Dhabi,Shaabiya Police Station,2012,July,19-07-12,Abu Dhabi,Internal road,1.0012E+11,19,Third week,Traffic accident with injuries,Misuse of traffic,1,Street Hamdan Bin Mohamed(5),Street Hamdan Bin Mohamed(5),Mosque,Highway,day,clear,Dry,Not on Intersection,Person run over,Ethiopia,N,Pedestrian,No passenger,Moderate,29,F,Female,29,18 to 30 years,Jul,Other,Thursday,11:45,AM,18 to 30 years,1,Mina,Block 72-1,26,"5093.                  After inspecting the accident chart, the following was found: While the vehicle causing the accident was coming from the east to the west on the first lane from the left and the run over person from the north towards the south, and due to the misuse of the traffic lights, the right side of the vehicle causing accident collided with the run over person. Accident resulted in injured person and material damage to vehicles","The intersection of Salam Street with Hamdan Street, near Hazaa Mosque",No,60,"Cross, there's no crosswalk",3
Abu Dhabi,Khaldiya Police Station,2012,July,19-07-12,Abu Dhabi,Internal road,1.0012E+11,19,Third week,Traffic accident with injuries,Bypassing the red traffic light,1,Rashid Bin Saeed Al Maktoum intersection - Street IP28A 27,Rashid Bin Saeed Al Maktoum intersection - Street IP28A 27,Commercial area,Intersection,night - enough lights,clear,Dry,Multiple leg Intersection,Perpendicular collision,Pakistan,N,Driver,Driver's seat,Moderate,36,M,Male,36,31 to 45 years,Jul,Asian States,Thursday,20:50,PM,31 to 45 years,1,Mushrif,Block 23-2,187,"5094.                  After examining and inspecting the accident site, the following was noted: While the Driver of the vehicle causing the accident was coming from the east to the west on the far right of the direction of Jawiyya Bridge and while the Driver of the first damaged vehicle was coming in the same direction of the vehicle causing the accident on the second lane from the left and due to bypassing the red traffic light by the driver of the vehicle causing the accident, by deviating from the far right to the far left, at that moment the front of the first damaged vehicle collided with the rear left side of the causing vehicle and the Driver of the second damaged vehicle was coming from the west towards the east and the front of the vehicle collided with the right side of the vehicle causing the accident. The accident resulted in a driver injury to the second damaged vehicle and was transferred to the hospital, as well as damage to vehicles, and the accident was drawn and necessary action was taken",Al Mushrif - Mushrif Mall intersection,No,60,None,4
Abu Dhabi,Shaabiya Police Station,2012,July,23-07-12,Abu Dhabi,Internal road,1.0012E+11,23,Fourth week,Traffic accident with injuries,Not leaving enough space,1,Al Sharqi Street (Muroor) (4),Al Sharqi Street (Muroor) (4),Bridge / Tunnel,Bridge,day,clear,Dry,Not on Intersection,Rear collision,Pakistan,N,Passenger,Back passenger seat,Minor,49,M,Male,49,46 to 60 years,Jul,Asian States,Monday,6:10,AM,46 to 60 years,1,Qasr Al Bahar,Block 36-1,13,"5095.                  After examining and inspecting the accident site, the following was found: While the vehicle causing the accident was traveling on Sharqi Ring Road before the Al Saada Bridge and was taking the far-right lane, and because of not leaving enough distance, the front of the vehicle causing the accident collided with the rear of the damaged vehicle and the accident resulted in minor injury to one of the passengers in the vehicle causing the accident, and material damage to vehicles, and no damage to state property.","Al Sharqi Ring Road, Al Saadah Bridge intersection",No,60,None,3
Abu Dhabi,Shaabiya Police Station,2012,July,24-07-12,Abu Dhabi,Internal road,1.0012E+11,24,Fourth week,Traffic accident with injuries,Misuse of traffic,1,Al Sharqi Street (Muroor) (4),Al Sharqi Street (Muroor) (4),Commercial area,Single road,night - enough lights,clear,Dry,Not on Intersection,Person run over,UAE,N,Pedestrian,No passenger,Moderate,4,M,Male,4,1 to 7 years,Jul,UAE,Tuesday,0:05,PM,Below 18 years,1,Hadbat Al Zafaran,Block 25-1,13,"5096.                  After examination and inspecting the accident site, the following was found: The vehicle causing the accident was coming from a west-to-east direction, the run over person was coming from the south to the north direction, and while the vehicle was traveling the driver was surprised by the run over person running and entering the street in front of him, and because of the misuse of traffic by the Driver, the run over person was hit by the right side, and fell, and accordingly the accident was drawn as shown in the final drawing.",In front of the Abu Dhabi Cooperative Society,No,40,Cross without attention,1
Abu Dhabi,Shaabiya Police Station,2012,July,24-07-12,Abu Dhabi,Internal road,1.0012E+11,24,Fourth week,Traffic accident with injuries,Speedy without taking road conditions into account,1,Al Sharqi Street (Muroor) (4),Al Sharqi Street (Muroor) (4),Govt. authority,Highway,night - enough lights,clear,Dry,Not on Intersection,Perpendicular collision,Syria,N,Driver,Driver's seat,Minor,21,M,Male,21,18 to 30 years,Jul,Arab States,Tuesday,21:50,PM,18 to 30 years,1,Markaziya,Block 33-1,13,"5097.                  After examination and inspecting the accident site, the following was noted: The first vehicle causing the accident was coming from the west towards the east and the second vehicle causing the accident was coming from the south towards the north and because of entering the road without traffic clearance by the second vehicle causing the accident and driving without estimating the road conditions by the first causing vehicle , the front side of the first causing vehicle hit the left side of the second causing vehicle.","Near tarkhees intersection, Al Muroor Street",No,60,None,3
Abu Dhabi,Shaabiya Police Station,2012,July,28-07-12,Abu Dhabi,Internal road,1.0012E+11,28,Fourth week,Traffic accident with injuries,Bypassing the red traffic light,1,IP20 IntersectionHamdan Bin Mohamed - Rashed Bin Saeed Al-Maktoum,IP20 IntersectionHamdan Bin Mohamed - Rashed Bin Saeed Al-Maktoum,Commercial area,Intersection,day,clear,Dry,Perpendicular Intersection,Perpendicular collision,UAE,Y,Driver,Driver's seat,Minor,25,F,Female,25,18 to 30 years,Jul,UAE,Saturday,16:55,PM,18 to 30 years,1,Markaziya (Gharb),Block 12-2,107,"5098.                  After examination and inspecting the accident site, the following was noted: The vehicle causing the accident was coming from the south towards the north on the left lane of the road, and the damaged vehicle was coming from the east towards the west on the left lane of the road, and because of the red traffic light bypassed by the vehicle causing the accident, it collided with its right front side with the front left side of the damaged vehicle.",Intersection of the Cultural Complex,Yes,60,None,4
Abu Dhabi,Khaldiya Police Station,2012,July,28-07-12,Abu Dhabi,Internal road,1.0012E+11,28,Fourth week,Traffic accident with injuries,Bypassing the red traffic light,1,IP79 IntersectionAl Saada - Khalifa Bin Shakhbout,IP79 IntersectionAl Saada - Khalifa Bin Shakhbout,Commercial area,Intersection,day,clear,Dry,Perpendicular Intersection,Reciprocal collision,Britain,N,Driver,Driver's seat,Minor,26,F,Female,26,18 to 30 years,Jul,Other,Saturday,9:30,AM,18 to 30 years,1,Mushrif,Block 59-2,133,"5099.                  After examination and inspecting the accident site, the following was noted: The vehicle causing the accident was coming from the east towards the west, bypassing the red traffic light, and the damaged vehicle, which was coming from the south, entered the north direction and the front side of the damaged vehicle collided with the left side of the vehicle causing the accident.",The intersection of Khalifa Bin Shakhbout Street with Al Saada Street,No,60,None,4
Abu Dhabi,Khaldiya Police Station,2012,July,29-07-12,Abu Dhabi,Internal road,1.0012E+11,29,Fifth week,Traffic accident with injuries,Misuse of traffic,1,Street Sultan Bin Zayed Al Awal (32),Street Sultan Bin Zayed Al Awal (32),Commercial area,Single road,night - enough lights,clear,Dry,Not on Intersection,Person run over,Philippines,N,Pedestrian,No passenger,Moderate,26,F,Female,26,18 to 30 years,Jul,Asian States,Sunday,23:37,PM,18 to 30 years,1,Khaldiya,Block 73-2,41,"5100.                  After examination and inspecting the accident site, the following was noted: The causing vehicle was coming from the west towards the south and on a side road, and due to the misuse of traffic by the driver of the vehicle causing the accident, the run over person was hit by the front side of the vehicle while crossing the road from the west towards the east.",Near Khalidiyah Mall,No,60,"Cross, but not on the crosswalk",2
Abu Dhabi,Khaldiya Police Station,2012,July,30-07-12,Abu Dhabi,Internal road,1.0012E+11,30,Fifth week,Traffic accident with injuries,Speedy without taking road conditions into account,1,Street Arabian Gulf(30),Street Arabian Gulf(30),Govt. authority,Double road,day,clear,Dry,Not on Intersection,Rear collision,Pakistan,N,Pedestrian,No passenger,Minor,39,M,Male,39,31 to 45 years,Jul,Asian States,Monday,0:55,PM,31 to 45 years,1,Mushrif,Block 42-2,16,"5101.                  After examining and inspecting the accident site, the following was noted: The vehicle causing the accident was coming from the east to the west, and the damaged vehicle was in a complete stoppage state. The causing vehicle was traveling on the far left, and because of traffic misuse  by the driver causing the accident, the front of his car hit an indicative sign of a company, and then his car moved forward and drifted to the right, then drifted to the left, and the front of the car hit the rear of the damaged car and then the damaged car moved forward and its front side collided with a side pavement, knowing that during the collision of the vehicle causing the accident with the indicative sign, it the sign flew and fell on a number of people, which led to their injury, and they were taken to the hospital.",Arabian Gulf Street,No,60,Stop,4
Abu Dhabi,Khaldiya Police Station,2012,July,30-07-12,Abu Dhabi,Internal road,1.0012E+11,30,Fifth week,Traffic accident with injuries,Speedy without taking road conditions into account,1,Street Arabian Gulf(30),Street Arabian Gulf(30),Govt. authority,Double road,day,clear,Dry,Not on Intersection,Rear collision,Nepal,N,Pedestrian,No passenger,Minor,23,M,Male,23,18 to 30 years,Jul,Other,Monday,0:55,PM,18 to 30 years,1,Mushrif,Block 42-2,16,"5102.                  After examining and inspecting the accident site, the following was noted: The vehicle causing the accident was coming from the east to the west, and the damaged vehicle was in a complete stoppage state. The causing vehicle was traveling on the far left, and because of traffic misuse  by the driver causing the accident, the front of his car hit an indicative sign of a company, and then his car moved forward and drifted to the right, then drifted to the left, and the front of the car hit the rear of the damaged car and then the damaged car moved forward and its front side collided with a side pavement, knowing that during the collision of the vehicle causing the accident with the indicative sign, it the sign flew and fell on a number of people, which led to their injury, and they were taken to the hospital.",Arabian Gulf Street,No,60,Stop,4
Abu Dhabi,Khaldiya Police Station,2012,July,30-07-12,Abu Dhabi,Internal road,1.0012E+11,30,Fifth week,Traffic accident with injuries,Speedy without taking road conditions into account,1,Street Arabian Gulf(30),Street Arabian Gulf(30),Govt. authority,Double road,day,clear,Dry,Not on Intersection,Rear collision,Bangladesh,N,Pedestrian,No passenger,Minor,30,M,Male,30,18 to 30 years,Jul,Asian States,Monday,0:55,PM,18 to 30 years,1,Mushrif,Block 42-2,16,"5103.                  After examining and inspecting the accident site, the following was noted: The vehicle causing the accident was coming from the east to the west, and the damaged vehicle was in a complete stoppage state. The causing vehicle was traveling on the far left, and because of traffic misuse  by the driver causing the accident, the front of his car hit an indicative sign of a company, and then his car moved forward and drifted to the right, then drifted to the left, and the front of the car hit the rear of the damaged car and then the damaged car moved forward and its front side collided with a side pavement, knowing that during the collision of the vehicle causing the accident with the indicative sign, it the sign flew and fell on a number of people, which led to their injury, and they were taken to the hospital.",Arabian Gulf Street,No,60,Stop,4
Abu Dhabi,Khaldiya Police Station,2012,July,30-07-12,Abu Dhabi,Internal road,1.0012E+11,30,Fifth week,Traffic accident with injuries,Speedy without taking road conditions into account,1,Street Arabian Gulf(30),Street Arabian Gulf(30),Govt. authority,Double road,day,clear,Dry,Not on Intersection,Rear collision,Bangladesh,N,Pedestrian,No passenger,Minor,28,M,Male,28,18 to 30 years,Jul,Asian States,Monday,0:55,PM,18 to 30 years,1,Mushrif,Block 42-2,16,"5104.                  After examining and inspecting the accident site, the following was noted: The vehicle causing the accident was coming from the east to the west, and the damaged vehicle was in a complete stoppage state. The causing vehicle was traveling on the far left, and because of traffic misuse  by the driver causing the accident, the front of his car hit an indicative sign of a company, and then his car moved forward and drifted to the right, then drifted to the left, and the front of the car hit the rear of the damaged car and then the damaged car moved forward and its front side collided with a side pavement, knowing that during the collision of the vehicle causing the accident with the indicative sign, it the sign flew and fell on a number of people, which led to their injury, and they were taken to the hospital.",Arabian Gulf Street,No,60,Stop,4
Abu Dhabi,Khaldiya Police Station,2012,July,30-07-12,Abu Dhabi,Internal road,1.0012E+11,30,Fifth week,Traffic accident with injuries,Speedy without taking road conditions into account,1,Street Arabian Gulf(30),Street Arabian Gulf(30),Govt. authority,Double road,day,clear,Dry,Not on Intersection,Rear collision,Bangladesh,N,Pedestrian,No passenger,Moderate,42,M,Male,42,31 to 45 years,Jul,Asian States,Monday,0:55,PM,31 to 45 years,1,Mushrif,Block 42-2,16,"5105.                  After examining and inspecting the accident site, the following was noted: The vehicle causing the accident was coming from the east to the west, and the damaged vehicle was in a complete stoppage state. The causing vehicle was traveling on the far left, and because of traffic misuse  by the driver causing the accident, the front of his car hit an indicative sign of a company, and then his car moved forward and drifted to the right, then drifted to the left, and the front of the car hit the rear of the damaged car and then the damaged car moved forward and its front side collided with a side pavement, knowing that during the collision of the vehicle causing the accident with the indicative sign, it the sign flew and fell on a number of people, which led to their injury, and they were taken to the hospital.",Arabian Gulf Street,No,60,Stop,4
Abu Dhabi,Khaldiya Police Station,2012,July,30-07-12,Abu Dhabi,Internal road,1.0012E+11,30,Fifth week,Traffic accident with injuries,Speedy without taking road conditions into account,1,Street Arabian Gulf(30),Street Arabian Gulf(30),Govt. authority,Double road,day,clear,Dry,Not on Intersection,Rear collision,UAE,Y,Driver,Driver's seat,Severe,25,M,Male,25,18 to 30 years,Jul,UAE,Monday,0:55,PM,18 to 30 years,1,Mushrif,Block 42-2,16,"5106.                  After examining and inspecting the accident site, the following was noted: The vehicle causing the accident was coming from the east to the west, and the damaged vehicle was in a complete stoppage state. The causing vehicle was traveling on the far left, and because of traffic misuse  by the driver causing the accident, the front of his car hit an indicative sign of a company, and then his car moved forward and drifted to the right, then drifted to the left, and the front of the car hit the rear of the damaged car and then the damaged car moved forward and its front side collided with a side pavement, knowing that during the collision of the vehicle causing the accident with the indicative sign, it the sign flew and fell on a number of people, which led to their injury, and they were taken to the hospital.",Arabian Gulf Street,Yes,60,None,4
Abu Dhabi,Khaldiya Police Station,2012,July,30-07-12,Abu Dhabi,Internal road,1.0012E+11,30,Fifth week,Traffic accident with injuries,Speedy without taking road conditions into account,1,Street Karama(24),Street Karama(24),Residential area,Single road,day,clear,Dry,Not on Intersection,Person run over,Iraq,N,Pedestrian,No passenger,Moderate,63,F,Female,63,Above 60,Jul,Arab States,Monday,4:10,PM,Above 60,1,Rawdah,Block 37-2,15,"5107.                  After examining and inspecting the accident site, the following was noted: While the driver of the vehicle causing the accident was coming from the south towards the north on a side street and due to the overspeed without taking into account the road conditions, he was surprised by the run over person in front of him and thus the person was run over with the front of the vehicle and the person fell on the road and the vehicle causing the accident continued to move forward, after losing control of the vehicle, and collided with five vehicles, which were parked completely in parking lots on both sides of the road. The vehicle settled at the last damaged vehicle, resulting in moderate injury to the person who was hit, and moderate to minor damage to the five damaged vehicles, then the location of the accident was inspected and the necessary action was taken","Al Zaab area, off Karama Street, near the mosque",No,40,None,2
Abu Dhabi,Khaldiya Police Station,2012,July,30-07-12,Abu Dhabi,Internal road,1.0012E+11,30,Fifth week,Traffic accident with injuries,Speedy without taking road conditions into account,1,Street Karama(24),Street Karama(24),Residential area,Single road,day,clear,Dry,Not on Intersection,Person run over,Bangladesh,Y,Driver,Driver's seat,Minor,30,M,Male,30,18 to 30 years,Jul,Asian States,Monday,4:10,PM,18 to 30 years,1,Rawdah,Block 37-2,15,"5108.                  After examining and inspecting the accident site, the following was noted: While the driver of the vehicle causing the accident was coming from the south towards the north on a side street and due to the overspeed without taking into account the road conditions, he was surprised by the run over person in front of him and thus the person was run over with the front of the vehicle and the person fell on the road and the vehicle causing the accident continued to move forward, after losing control of the vehicle, and collided with five vehicles, which were parked completely in parking lots on both sides of the road. The vehicle settled at the last damaged vehicle, resulting in moderate injury to the person who was hit, and moderate to minor damage to the five damaged vehicles, then the location of the accident was inspected and the necessary action was taken","Al Zaab area, off Karama Street, near the mosque",Yes,40,None,2
Abu Dhabi,Shaabiya Police Station,2012,August,01-08-12,Abu Dhabi,Internal road,1.0012E+11,1,First week,Traffic accident with injuries,Ignoring road lane,1,Al Sharqi Street (Muroor) (4),Al Sharqi Street (Muroor) (4),Commercial area,Highway,day,clear,Dry,Not on or around 20 meters,Side collision,Pakistan,Y,Driver,Driver's seat,Moderate,24,M,Male,24,18 to 30 years,Aug,Asian States,Wednesday,11:25,AM,18 to 30 years,1,Al Nahyan Camp Bridge,Not Identified,13,"5109.                  After examining and inspecting the accident site, the following was noted: The vehicle causing the accident and the damaged vehicle were coming from the east towards the west, where the vehicle causing the accident was on the second lane from the left and the damaged vehicle was on the far left lane and because the vehicle causing the accident did not abide by the lane and deviated to the left side, the front left side of the vehicle causing the accident collided with the front right side of the damaged vehicle, which led to the drift of the vehicle causing the accident and colliding with the left pavement of the street, according to the chart, the accident occurred.","Al Muroor Street, Al Ittihad Intersection",Yes,60,None,5
Abu Dhabi,Al Madina Police Station,2012,August,02-08-12,Abu Dhabi,Internal road,1.0012E+11,2,First week,Traffic accident with injuries,Bypassing the red traffic light,1,Street Corniche(1),Street Corniche(1),Commercial area,Intersection,day,clear,Dry,Perpendicular Intersection,Perpendicular collision,India,N,Driver,Driver's seat,Minor,45,M,Male,45,31 to 45 years,Aug,Asian States,Thursday,4:15,PM,31 to 45 years,1,Markaziya,Block 51-1,29,"5110.                  After examining and inspecting the accident site, the following was noted: While the vehicle causing the accident was coming from the west towards the east on the second lane from the right, and the damaged vehicle was coming from the east and wanted to turn towards the south, and because the driver of the causing vehicle bypassed the red light, it collided with the right side of his vehicle to the front of the damaged vehicle, and according to the chart, the accident occurred","Corniche Street, formerly Al Sa’a intersection",No,60,None,3
Abu Dhabi,Al Madina Police Station,2012,August,02-08-12,Abu Dhabi,Internal road,1.0012E+11,2,First week,Traffic accident with injuries,Bypassing the red traffic light,1,Street Corniche(1),Street Corniche(1),Commercial area,Intersection,day,clear,Dry,Perpendicular Intersection,Perpendicular collision,UAE,N,Passenger,Back passenger seat,Minor,59,F,Female,59,46 to 60 years,Aug,UAE,Thursday,4:15,PM,46 to 60 years,1,Markaziya,Block 51-1,29,"5111.                  After examining and inspecting the accident site, the following was noted: While the vehicle causing the accident was coming from the west towards the east on the second lane from the right, and the damaged vehicle was coming from the east and wanted to turn towards the south, and because the driver of the causing vehicle bypassed the red light, it collided with the right side of his vehicle to the front of the damaged vehicle, and according to the chart, the accident occurred","Corniche Street, formerly Al Sa’a intersection",No,60,None,3