Emirate,Police Station,Year,Month,Date,City,Road,Report Number,Day,Week,Report type,Reasons,Computed,Streets,Street,Place,Location,lighting,Weather,Road surface,Intersection,Accident Type,Nationalities,Seat Belt,Injured person position,Injured person's seat,Degree of the injury,Age of the injured,Gender,Gender of the injured,Inp Age,Age Group,Date - Month,Nationality of the Injured person,Day,Iac Rep Time,Time,Age Group - Ministry,Computed2,Area,Block,Str Code,Accident Description,Location,Fasten seat belt,Road speed limit,Pedestrian action,Number of Lanes
Abu Dhabi,Khaldiya Police Station,2012,August,13-08-12,Abu Dhabi,Internal road,1.0012E+11,13,Second week,Traffic accident with injuries,Bypassing the red traffic light,1,IP38 IntersectionZayed Al Awal - Street 10,IP38 IntersectionZayed Al Awal - Street 10,Commercial area,Intersection,night - enough lights,clear,Dry,Perpendicular Intersection,Perpendicular collision,Pakistan,Y,Driver,Driver's seat,Minor,36,M,Male,36,31 to 45 years,Aug,Asian States,Monday,2:32,PM,31 to 45 years,1,Mina,Block 73-1,99,"5137.                  After examining and inspecting the accident site, the following was noted: The vehicle causing the accident was coming from the south towards the north bypassing the red traffic light, and the first damaged vehicle was coming from the west towards the east on the middle lane , and the front of the vehicle causing the accident collided with the right side of the first damaged vehicle, and due to the force of the collision, the first damaged vehicle drifted towards the east and exited the intersection, and settled on the middle lane of the road. At the same time, the second damaged vehicle was traveling behind the first damaged vehicle on the same lane and collided with the causing vehicle and both vehicles settled on the second lane from the right, and as the third damaged vehicle was coming, it collided with its front side with the vehicle causing the accident, and according to the chart, the accident occurred.",Abu Dhabi Cooperative Society intersection,Yes,60,None,3
Abu Dhabi,Khaldiya Police Station,2012,August,13-08-12,Abu Dhabi,Internal road,1.0012E+11,13,Second week,Traffic accident with injuries,Bypassing the red traffic light,1,IP128 IntersectionMohamed Bin Khalifa - Street 32,IP128 IntersectionMohamed Bin Khalifa - Street 32,Residential area,Intersection,day,clear,Dry,Perpendicular Intersection,Perpendicular collision,Bangladesh,Y,Driver,Driver's seat,Minor,31,M,Male,31,31 to 45 years,Aug,Asian States,Monday,17:15,PM,31 to 45 years,1,Al Butain,Block 96-2,178,"5138.                  After examining and inspecting the accident site, the following was noted: The vehicle causing the accident was coming from the west towards the east and wanted to head north and was taking the arrow line, and the damaged vehicle was coming from the east towards the west and taking the right lane, and due to bypassing the red traffic light by the driver causing the accident, the front side of the damaged vehicle hit the right side of the vehicle causing the accident, and the accident resulted in a minor injury to the driver of the vehicle causing the accident, and he received treatment and left the hospital. Material damage also occurred to the vehicles, and the site of the accident was examined and necessary measures were taken","Al Bateen Area, the intersection of Arabian Gulf Street, with Mohammed Bin Khalifa Street",Yes,60,None,4
Abu Dhabi,Khaldiya Police Station,2012,August,14-08-12,Abu Dhabi,Internal road,1.0012E+11,14,Second week,Traffic accident with injuries,Exceeding speed limit,1,Rashed Bin Saeed Al-Maktoum Street (2),Rashed Bin Saeed Al-Maktoum Street (2),Govt. authority,Single road,day,clear,Dry,Not on or around 20 meters,Person run over,Philippines,N,Pedestrian,No passenger,Death,32,M,Male,32,31 to 45 years,Aug,Asian States,Tuesday,12:40,PM,31 to 45 years,1,Mushrif,Block 20-2,14,"5139.                  After examining and inspecting the accident site, the following was noted: While the vehicle causing the accident was coming from the east to the west on the right lane on a two-way side road near the Kuwaiti embassy, the run over person was coming from the north and heading north on his feet, and because of overspeed and not taking into account the road conditions by the driver of the vehicle causing the accident, when the run over person entered the street, he was hit by the vehicle, and the driver tried to slow down the speed using the brakes and the distance was measured 8.2 meters, but it didn’t work, as the front of the vehicle hit the body of the run over person hardly, and as a result, the run over person hit the windshield and was thrown 8 meters from the collision point, and fell on the street while the causing vehicle continued to drive forward and its right front side collided with the front of the damaged vehicle, which was parking in front of the entrance to a house. The accident resulted in the death of the run over person immediately after the accident, as well as material damage to both vehicles. According to the chart, the accident occurred.",Street off Sheikh Rashid Street near the Kuwaiti embassy,No,40,"Cross, there's no crosswalk",2
Abu Dhabi,Khaldiya Police Station,2012,August,17-08-12,Abu Dhabi,Internal road,1.0012E+11,17,Third week,Traffic accident with injuries,Misuse of traffic,1,Street Zayed Al Awal(7),Street Zayed Al Awal(7),Commercial area,Double road,night - enough lights,clear,Dry,Not on or around 20 meters,Person run over,Jordan,N,Pedestrian,No passenger,Moderate,4,M,Male,4,1 to 7 years,Aug,Arab States,Friday,23:05,PM,Below 18 years,1,Khaldiya,Block 53-2,25,"5140.                  After examining and inspecting the accident site, the following was noted: The vehicle causing the accident was coming from the south towards the north and wanted to enter the right into the side street in Khaldiya (parking lots) in Zayed Al Awal Street and the run over person was coming from the north towards the south and crossing in the direction of the taxi in the parking, and due to the misuse of traffic by the driver of the vehicle that caused the accident, the front left side of his vehicle collided with the run over person, and the accident resulted in a leg open fracture to the injured person, and a fracture of the right thigh bone, and he was admitted to Sheikh Khalifa Hospital in a moderate general condition. According to the chart, the accident occurred","Khalidiya area, Zayed Al Awal Street",No,60,"Cross, but not on the crosswalk",4
Abu Dhabi,Shaabiya Police Station,2012,August,17-08-12,Abu Dhabi,Internal road,1.0012E+11,17,Third week,Traffic accident with injuries,Bypassing the red traffic light,1,Al Sharqi intersection (Muroor) - Mohamed bin Khalifa IP49A,Al Sharqi intersection (Muroor) - Mohamed bin Khalifa IP49A,Commercial area,Intersection,day,clear,Dry,Perpendicular Intersection,Perpendicular collision,India,Y,Driver,Driver's seat,Moderate,48,M,Male,48,46 to 60 years,Aug,Asian States,Friday,15:00,PM,46 to 60 years,1,Al Wahda,Block 17-1,174,"5141.                  After examining and inspecting the accident site, the following was noted: While the vehicle causing the accident was coming from the south and heading north on the second lane from the left, and the damaged vehicle was coming from east to west on the second lane from the left, and because of bypassing the red traffic light by the Driver of the vehicle causing the accident, the right side collided with the front side of the damaged vehicle and the accident resulted in material damage to the vehicles and the accident was drawn",The intersection of Al-Ittihad newspaper,Yes,80,None,4
Abu Dhabi,Shaabiya Police Station,2012,August,17-08-12,Abu Dhabi,Internal road,1.0012E+11,17,Third week,Traffic accident with injuries,Bypassing the red traffic light,1,Al Sharqi intersection (Muroor) - Mohamed bin Khalifa IP49A,Al Sharqi intersection (Muroor) - Mohamed bin Khalifa IP49A,Commercial area,Intersection,day,clear,Dry,Perpendicular Intersection,Perpendicular collision,Pakistan,Y,Driver,Driver's seat,Moderate,26,M,Male,26,18 to 30 years,Aug,Asian States,Friday,15:00,PM,18 to 30 years,1,Al Wahda,Block 17-1,174,"5142.                  After examining and inspecting the accident site, the following was noted: While the vehicle causing the accident was coming from the south and heading north on the second lane from the left, and the damaged vehicle was coming from east to west on the second lane from the left, and because of bypassing the red traffic light by the Driver of the vehicle causing the accident, the right side collided with the front side of the damaged vehicle and the accident resulted in material damage to the vehicles and the accident was drawn",The intersection of Al-Ittihad newspaper,Yes,80,None,4
Abu Dhabi,Shaabiya Police Station,2012,August,17-08-12,Abu Dhabi,Internal road,1.0012E+11,17,Third week,Traffic accident with injuries,Bypassing the red traffic light,1,Al Sharqi intersection (Muroor) - Mohamed bin Khalifa IP49A,Al Sharqi intersection (Muroor) - Mohamed bin Khalifa IP49A,Commercial area,Intersection,day,clear,Dry,Perpendicular Intersection,Perpendicular collision,UAE,N,Passenger,Back passenger seat,Minor,34,F,Female,34,31 to 45 years,Aug,UAE,Friday,15:00,PM,31 to 45 years,1,Al Wahda,Block 17-1,174,"5143.                  After examining and inspecting the accident site, the following was noted: While the vehicle causing the accident was coming from the south and heading north on the second lane from the left, and the damaged vehicle was coming from east to west on the second lane from the left, and because of bypassing the red traffic light by the Driver of the vehicle causing the accident, the right side collided with the front side of the damaged vehicle and the accident resulted in material damage to the vehicles and the accident was drawn",The intersection of Al-Ittihad newspaper,No,80,None,4
Abu Dhabi,Shaabiya Police Station,2012,August,17-08-12,Abu Dhabi,Internal road,1.0012E+11,17,Third week,Traffic accident with injuries,Bypassing the red traffic light,1,Al Sharqi intersection (Muroor) - Mohamed bin Khalifa IP49A,Al Sharqi intersection (Muroor) - Mohamed bin Khalifa IP49A,Commercial area,Intersection,day,clear,Dry,Perpendicular Intersection,Perpendicular collision,UAE,N,Passenger,Back passenger seat,Minor,3,M,Male,3,1 to 7 years,Aug,UAE,Friday,15:00,PM,Below 18 years,1,Al Wahda,Block 17-1,174,"5144.                  After examining and inspecting the accident site, the following was noted: While the vehicle causing the accident was coming from the south and heading north on the second lane from the left, and the damaged vehicle was coming from east to west on the second lane from the left, and because of bypassing the red traffic light by the Driver of the vehicle causing the accident, the right side collided with the front side of the damaged vehicle and the accident resulted in material damage to the vehicles and the accident was drawn",The intersection of Al-Ittihad newspaper,No,80,None,4
Abu Dhabi,Khaldiya Police Station,2012,August,18-08-12,Abu Dhabi,Internal road,1.0012E+11,18,Third week,Traffic accident with injuries,Bypassing the red traffic light,1,IP40 IntersectionRashed Bin Saeed Al-Maktoum - Street 35,IP40 IntersectionRashed Bin Saeed Al-Maktoum - Street 35,Fuel Station,Intersection,night - enough lights,clear,Dry,Perpendicular Intersection,Perpendicular collision,Cameron,Y,Passenger,Back passenger seat,Minor,26,M,Male,26,18 to 30 years,Aug,Other,Saturday,3:30,PM,18 to 30 years,1,Airport,Block 27-1,189,"5145.                  After examining and inspecting the accident site, the following was noted: While the vehicle causing the accident was coming from the south and heading north on the second lane from the left, and the damaged vehicle was coming from east to west on the second lane from the left, and because of bypassing the red traffic light by the Driver of the vehicle causing the accident, the right side collided with the front side of the damaged vehicle and the accident resulted in material damage to the vehicles and the accident was drawn",Wimpey intersection,Yes,80,None,4
Abu Dhabi,Khaldiya Police Station,2012,August,18-08-12,Abu Dhabi,Internal road,1.0012E+11,18,Third week,Traffic accident with injuries,Bypassing the red traffic light,1,IP40 IntersectionRashed Bin Saeed Al-Maktoum - Street 35,IP40 IntersectionRashed Bin Saeed Al-Maktoum - Street 35,Fuel Station,Intersection,night - enough lights,clear,Dry,Perpendicular Intersection,Perpendicular collision,Philippines,Y,Passenger,Back passenger seat,Minor,33,M,Male,33,31 to 45 years,Aug,Asian States,Saturday,3:30,PM,31 to 45 years,1,Airport,Block 27-1,189,"5146.                  After examining and inspecting the accident site, the following was noted: While the vehicle causing the accident was coming from the south and heading north on the second lane from the left, and the damaged vehicle was coming from east to west on the second lane from the left, and because of bypassing the red traffic light by the Driver of the vehicle causing the accident, the right side collided with the front side of the damaged vehicle and the accident resulted in material damage to the vehicles and the accident was drawn",Wimpey intersection,Yes,80,None,4
Abu Dhabi,Khaldiya Police Station,2012,August,18-08-12,Abu Dhabi,Internal road,1.0012E+11,18,Third week,Traffic accident with injuries,Bypassing the red traffic light,1,IP40 IntersectionRashed Bin Saeed Al-Maktoum - Street 35,IP40 IntersectionRashed Bin Saeed Al-Maktoum - Street 35,Fuel Station,Intersection,night - enough lights,clear,Dry,Perpendicular Intersection,Perpendicular collision,Philippines,Y,Passenger,Back passenger seat,Moderate,27,M,Male,27,18 to 30 years,Aug,Asian States,Saturday,3:30,PM,18 to 30 years,1,Airport,Block 27-1,189,"5147.                  After examining and inspecting the accident site, the following was noted: While the vehicle causing the accident was coming from the south and heading north on the second lane from the left, and the damaged vehicle was coming from east to west on the second lane from the left, and because of bypassing the red traffic light by the Driver of the vehicle causing the accident, the right side collided with the front side of the damaged vehicle and the accident resulted in material damage to the vehicles and the accident was drawn",Wimpey intersection,Yes,80,None,4
Abu Dhabi,Khaldiya Police Station,2012,August,18-08-12,Abu Dhabi,Internal road,1.0012E+11,18,Third week,Traffic accident with injuries,Bypassing the red traffic light,1,IP40 IntersectionRashed Bin Saeed Al-Maktoum - Street 35,IP40 IntersectionRashed Bin Saeed Al-Maktoum - Street 35,Fuel Station,Intersection,night - enough lights,clear,Dry,Perpendicular Intersection,Perpendicular collision,Bangladesh,Y,Passenger,Front passenger seat,Moderate,34,M,Male,34,31 to 45 years,Aug,Asian States,Saturday,3:30,PM,31 to 45 years,1,Airport,Block 27-1,189,"5148.                  After examining and inspecting the accident site, the following was noted: While the vehicle causing the accident was coming from the south and heading north on the second lane from the left, and the damaged vehicle was coming from east to west on the second lane from the left, and because of bypassing the red traffic light by the Driver of the vehicle causing the accident, the right side collided with the front side of the damaged vehicle and the accident resulted in material damage to the vehicles and the accident was drawn",Wimpey intersection,Yes,80,None,4
Abu Dhabi,Khaldiya Police Station,2012,August,18-08-12,Abu Dhabi,Internal road,1.0012E+11,18,Third week,Traffic accident with injuries,Bypassing the red traffic light,1,IP40 IntersectionRashed Bin Saeed Al-Maktoum - Street 35,IP40 IntersectionRashed Bin Saeed Al-Maktoum - Street 35,Fuel Station,Intersection,night - enough lights,clear,Dry,Perpendicular Intersection,Perpendicular collision,Philippines,N,Passenger,Back passenger seat,Minor,28,M,Male,28,18 to 30 years,Aug,Asian States,Saturday,3:30,PM,18 to 30 years,1,Airport,Block 27-1,189,"5149.                  After examining and inspecting the accident site, the following was noted: While the vehicle causing the accident was coming from the south and heading north on the second lane from the left, and the damaged vehicle was coming from east to west on the second lane from the left, and because of bypassing the red traffic light by the Driver of the vehicle causing the accident, the right side collided with the front side of the damaged vehicle and the accident resulted in material damage to the vehicles and the accident was drawn",Wimpey intersection,No,80,None,4
Abu Dhabi,Khaldiya Police Station,2012,August,18-08-12,Abu Dhabi,Internal road,1.0012E+11,18,Third week,Traffic accident with injuries,Bypassing the red traffic light,1,IP2 IntersectionZayed Al Awal - Khalid bin Al Waleed,IP2 IntersectionZayed Al Awal - Khalid bin Al Waleed,Commercial area,Intersection,day,clear,Dry,Perpendicular Intersection,Perpendicular collision,Pakistan,Y,Driver,Driver's seat,Minor,24,M,Male,24,18 to 30 years,Aug,Asian States,Saturday,15:06,PM,18 to 30 years,1,Al Hosn,Block 33-2,90,"5150.                  After examining and inspecting the accident site, the following was noted: While the vehicle causing the accident was coming from the south and heading north on the second lane from the left, and the damaged vehicle was coming from east to west on the second lane from the left, and because of bypassing the red traffic light by the Driver of the vehicle causing the accident, the right side collided with the front side of the damaged vehicle and the accident resulted in material damage to the vehicles and the accident was drawn",Al Muhairi Center Intersection,Yes,60,None,3
Abu Dhabi,Khaldiya Police Station,2012,August,18-08-12,Abu Dhabi,Internal road,1.0012E+11,18,Third week,Traffic accident with injuries,Bypassing the red traffic light,1,IP2 IntersectionZayed Al Awal - Khalid bin Al Waleed,IP2 IntersectionZayed Al Awal - Khalid bin Al Waleed,Commercial area,Intersection,day,clear,Dry,Perpendicular Intersection,Perpendicular collision,Pakistan,Y,Passenger,Front passenger seat,Moderate,32,M,Male,32,31 to 45 years,Aug,Asian States,Saturday,15:06,PM,31 to 45 years,1,Al Hosn,Block 33-2,90,"5151.                  After examining and inspecting the accident site, the following was noted: While the vehicle causing the accident was coming from the south and heading north on the second lane from the left, and the damaged vehicle was coming from east to west on the second lane from the left, and because of bypassing the red traffic light by the Driver of the vehicle causing the accident, the right side collided with the front side of the damaged vehicle and the accident resulted in material damage to the vehicles and the accident was drawn",Al Muhairi Center Intersection,Yes,60,None,3
Abu Dhabi,Shaabiya Police Station,2012,August,21-08-12,Abu Dhabi,Internal road,1.0012E+11,21,Third week,Traffic accident with injuries,Bypassing the red traffic light,1,IP11 IntersectionZayed Al Awal - Salam,IP11 IntersectionZayed Al Awal - Salam,Commercial area,Intersection,night - enough lights,clear,Dry,Perpendicular Intersection,Perpendicular collision,Syria,Y,Driver,Driver's seat,Minor,23,F,Female,23,18 to 30 years,Aug,Arab States,Tuesday,22:15,PM,18 to 30 years,1,Markaziya,Block 53-1,98,"5152.                  After examining and inspecting the accident site, the following was noted: While the vehicle causing the accident was coming from the east towards the west on the far left lane, and the damaged vehicle was coming from the west towards the east on the middle lane, and when the Driver of the vehicle causing the accident entered the intersection and turned towards the left, and because of bypassing the red traffic light, the front of the damaged vehicle collided with the right side of the vehicle that caused the accident, the accident resulted in the driver being injured and material damage in the two vehicles.",The intersection of Salam Street with Zayed Al Awal Street,Yes,60,None,4
Abu Dhabi,Shaabiya Police Station,2012,August,21-08-12,Abu Dhabi,Internal road,1.0012E+11,21,Third week,Traffic accident with injuries,Bypassing the red traffic light,1,IP11 IntersectionZayed Al Awal - Salam,IP11 IntersectionZayed Al Awal - Salam,Commercial area,Intersection,night - enough lights,clear,Dry,Perpendicular Intersection,Perpendicular collision,Bangladesh,Y,Driver,Driver's seat,Minor,31,M,Male,31,31 to 45 years,Aug,Asian States,Tuesday,22:15,PM,31 to 45 years,1,Markaziya,Block 53-1,98,"5153.                  After examining and inspecting the accident site, the following was noted: While the vehicle causing the accident was coming from the east towards the west on the far left lane, and the damaged vehicle was coming from the west towards the east on the middle lane, and when the Driver of the vehicle causing the accident entered the intersection and turned towards the left, and because of bypassing the red traffic light, the front of the damaged vehicle collided with the right side of the vehicle that caused the accident, the accident resulted in the driver being injured and material damage in the two vehicles.",The intersection of Salam Street with Zayed Al Awal Street,Yes,60,None,4
Abu Dhabi,Khaldiya Police Station,2012,August,22-08-12,Abu Dhabi,Internal road,1.0012E+11,22,Fourth week,Traffic accident with injuries,Not leaving enough space,1,Street Zayed Al Awal(7),Street Zayed Al Awal(7),Commercial area,Single road,day,clear,Dry,Not on Intersection,Rear collision,Egypt,Y,Driver,Driver's seat,Minor,58,M,Male,58,46 to 60 years,Aug,Arab States,Wednesday,9:50,AM,46 to 60 years,1,Khaldiya,Block 53-2,25,"5154.                  After examining and inspecting the accident site, the following was noted: The vehicles were coming from the north to the south direction in a continuous course, and while the vehicles were moving, the two damaged vehicles stopped, and due to not leaving enough distance between the vehicles by the Driver causing the accident, the front side of the vehicle causing the accident collided with the first damaged vehicle and the first damaged vehicle drifted forward and collided with the rear of the second damaged vehicle, and accordingly the accident was drawn as shown","Side road, Al Khaldiyah area",Yes,40,None,1
Abu Dhabi,Shaabiya Police Station,2012,August,23-08-12,Abu Dhabi,Internal road,1.0012E+11,23,Fourth week,Traffic accident with injuries,Speedy without taking road conditions into account,1,Al Saada Intersection - Salam IP69,Al Saada Intersection - Salam IP69,Residential area,Intersection,day,clear,Dry,Half Perpendicular Intersection,deterioration,Pakistan,Y,Driver,Driver's seat,Minor,30,M,Male,30,18 to 30 years,Aug,Asian States,Thursday,6:15,AM,18 to 30 years,1,Qasr Al Bahar,Block 36-1,129,"5155.                  After examining and inspecting the accident site, the following was noted: The causing vehicle was coming from the east towards the west on the left line, and the damaged vehicle was coming from the south towards the north on the left line, and due to overspeed and not taking road conditions into account by the driver causing the accident, the vehicle deviated to the left and hit the pavement, which led to turning over the vehicle causing the accident and it drifted to the left and its left side collided with the right side of the damaged vehicle and the two vehicles settled, and accordingly the accident was drawn as shown in the drawing.",Under Al Saada bridge,Yes,60,None,2
Abu Dhabi,Shaabiya Police Station,2012,August,23-08-12,Abu Dhabi,Internal road,1.0012E+11,23,Fourth week,Traffic accident with injuries,Bypassing the red traffic light,1,IP92 IntersectionAl Sharqi (Muroor) - Street 23,IP92 IntersectionAl Sharqi (Muroor) - Street 23,Commercial area,Intersection,day,clear,Dry,Perpendicular Intersection,Perpendicular collision,Pakistan,Y,Driver,Driver's seat,Moderate,25,M,Male,25,18 to 30 years,Aug,Asian States,Thursday,14:15,PM,18 to 30 years,1,Hadbat Al Zafaran,Block 21-1,182,"5156.                  After examining and inspecting the accident site, the following was noted: The vehicle causing the accident was coming from the east towards the west, taking the left lane of the arrow line and wanted to go south, and the damaged vehicles were coming from the west towards the east, where the first damaged vehicle was taking the left lane and the second damaged vehicle was taking the middle lane and the third damaged vehicle was taking the third lane from the left. Because of the bypassing the red traffic light by the Driver causing the accident, the front side of all the damaged vehicles hit the right side of the vehicle causing the accident. As a result of the force of collision, the first damaged vehicle tried to avoid a collision and collided with the sidewalk separating the two roads, while the vehicle causing the accident drifted from the force of the collision and collided with the sidewalk separating the two roads and settled on the sidewalk. As a result of the accident, all the vehicle drivers sustained minor injuries, as well as material damage to the vehicles. The site of the accident was examined and according to the chart, the accident occurred","Al Zafarana Area, Al Dhafra Street intersection with 21st Street, the intersection of the Pakistani School",Yes,80,None,5
Abu Dhabi,Shaabiya Police Station,2012,August,23-08-12,Abu Dhabi,Internal road,1.0012E+11,23,Fourth week,Traffic accident with injuries,Bypassing the red traffic light,1,IP92 IntersectionAl Sharqi (Muroor) - Street 23,IP92 IntersectionAl Sharqi (Muroor) - Street 23,Commercial area,Intersection,day,clear,Dry,Perpendicular Intersection,Perpendicular collision,Egypt,Y,Driver,Driver's seat,Minor,40,M,Male,40,31 to 45 years,Aug,Arab States,Thursday,14:15,PM,31 to 45 years,1,Hadbat Al Zafaran,Block 21-1,182,"5157.                  After examining and inspecting the accident site, the following was noted: The vehicle causing the accident was coming from the east towards the west, taking the left lane of the arrow line and wanted to go south, and the damaged vehicles were coming from the west towards the east, where the first damaged vehicle was taking the left lane and the second damaged vehicle was taking the middle lane and the third damaged vehicle was taking the third lane from the left. Because of the bypassing the red traffic light by the Driver causing the accident, the front side of all the damaged vehicles hit the right side of the vehicle causing the accident. As a result of the force of collision, the first damaged vehicle tried to avoid a collision and collided with the sidewalk separating the two roads, while the vehicle causing the accident drifted from the force of the collision and collided with the sidewalk separating the two roads and settled on the sidewalk. As a result of the accident, all the vehicle drivers sustained minor injuries, as well as material damage to the vehicles. The site of the accident was examined and according to the chart, the accident occurred","Al Zafarana Area, Al Dhafra Street intersection with 21st Street, the intersection of the Pakistani School",Yes,80,None,5
Abu Dhabi,Shaabiya Police Station,2012,August,23-08-12,Abu Dhabi,Internal road,1.0012E+11,23,Fourth week,Traffic accident with injuries,Bypassing the red traffic light,1,IP92 IntersectionAl Sharqi (Muroor) - Street 23,IP92 IntersectionAl Sharqi (Muroor) - Street 23,Commercial area,Intersection,day,clear,Dry,Perpendicular Intersection,Perpendicular collision,UAE,Y,Driver,Driver's seat,Minor,30,M,Male,30,18 to 30 years,Aug,UAE,Thursday,14:15,PM,18 to 30 years,1,Hadbat Al Zafaran,Block 21-1,182,"5158.                  After examining and inspecting the accident site, the following was noted: The vehicle causing the accident was coming from the east towards the west, taking the left lane of the arrow line and wanted to go south, and the damaged vehicles were coming from the west towards the east, where the first damaged vehicle was taking the left lane and the second damaged vehicle was taking the middle lane and the third damaged vehicle was taking the third lane from the left. Because of the bypassing the red traffic light by the Driver causing the accident, the front side of all the damaged vehicles hit the right side of the vehicle causing the accident. As a result of the force of collision, the first damaged vehicle tried to avoid a collision and collided with the sidewalk separating the two roads, while the vehicle causing the accident drifted from the force of the collision and collided with the sidewalk separating the two roads and settled on the sidewalk. As a result of the accident, all the vehicle drivers sustained minor injuries, as well as material damage to the vehicles. The site of the accident was examined and according to the chart, the accident occurred","Al Zafarana Area, Al Dhafra Street intersection with 21st Street, the intersection of the Pakistani School",Yes,80,None,5
Abu Dhabi,Shaabiya Police Station,2012,August,23-08-12,Abu Dhabi,Internal road,1.0012E+11,23,Fourth week,Traffic accident with injuries,Bypassing the red traffic light,1,IP92 IntersectionAl Sharqi (Muroor) - Street 23,IP92 IntersectionAl Sharqi (Muroor) - Street 23,Commercial area,Intersection,day,clear,Dry,Perpendicular Intersection,Perpendicular collision,India,Y,Driver,Driver's seat,Moderate,34,M,Male,34,31 to 45 years,Aug,Asian States,Thursday,14:15,PM,31 to 45 years,1,Hadbat Al Zafaran,Block 21-1,182,"5159.                  After examining and inspecting the accident site, the following was noted: The vehicle causing the accident was coming from the east towards the west, taking the left lane of the arrow line and wanted to go south, and the damaged vehicles were coming from the west towards the east, where the first damaged vehicle was taking the left lane and the second damaged vehicle was taking the middle lane and the third damaged vehicle was taking the third lane from the left. Because of the bypassing the red traffic light by the Driver causing the accident, the front side of all the damaged vehicles hit the right side of the vehicle causing the accident. As a result of the force of collision, the first damaged vehicle tried to avoid a collision and collided with the sidewalk separating the two roads, while the vehicle causing the accident drifted from the force of the collision and collided with the sidewalk separating the two roads and settled on the sidewalk. As a result of the accident, all the vehicle drivers sustained minor injuries, as well as material damage to the vehicles. The site of the accident was examined and according to the chart, the accident occurred","Al Zafarana Area, Al Dhafra Street intersection with 21st Street, the intersection of the Pakistani School",Yes,80,None,5
Abu Dhabi,Shaabiya Police Station,2012,August,23-08-12,Abu Dhabi,Internal road,1.0012E+11,23,Fourth week,Traffic accident with injuries,Bypassing the red traffic light,1,Al Sharqi Street (Muroor) (4),Al Sharqi Street (Muroor) (4),Mosque,Intersection,night - enough lights,clear,Dry,Perpendicular Intersection,Perpendicular collision,UAE,Y,Driver,Driver's seat,Minor,25,F,Female,25,18 to 30 years,Aug,UAE,Thursday,19:50,PM,18 to 30 years,1,Airport,Block 27-1,13,"5160.                  After examining and inspecting the accident site, the following was noted: While the vehicle causing the accident was coming from the east and when it was turning south while traveling on the far left lane, and when the damaged vehicle was coming from the west towards the east on the second lane from the right, and because of the bypassing the red traffic light by the Driver of the vehicle causing the accident, the front right side of the vehicle causing the accident collided with the front side of the damaged vehicle and the accident resulted in injury to the drivers and passengers with the Driver of the vehicle causing the accident, as well as material damage to the vehicles, and the accident was planned","Muroor Street, inward, Police College intersection",Yes,60,None,4
Abu Dhabi,Shaabiya Police Station,2012,August,23-08-12,Abu Dhabi,Internal road,1.0012E+11,23,Fourth week,Traffic accident with injuries,Bypassing the red traffic light,1,Al Sharqi Street (Muroor) (4),Al Sharqi Street (Muroor) (4),Mosque,Intersection,night - enough lights,clear,Dry,Perpendicular Intersection,Perpendicular collision,UAE,N,Passenger,Back passenger seat,Minor,15,M,Male,15,8 to 17 years,Aug,UAE,Thursday,19:50,PM,Below 18 years,1,Airport,Block 27-1,13,"5161.                  After examining and inspecting the accident site, the following was noted: While the vehicle causing the accident was coming from the east and when it was turning south while traveling on the far left lane, and when the damaged vehicle was coming from the west towards the east on the second lane from the right, and because of the bypassing the red traffic light by the Driver of the vehicle causing the accident, the front right side of the vehicle causing the accident collided with the front side of the damaged vehicle and the accident resulted in injury to the drivers and passengers with the Driver of the vehicle causing the accident, as well as material damage to the vehicles, and the accident was planned","Muroor Street, inward, Police College intersection",No,60,None,4
Abu Dhabi,Shaabiya Police Station,2012,August,23-08-12,Abu Dhabi,Internal road,1.0012E+11,23,Fourth week,Traffic accident with injuries,Bypassing the red traffic light,1,Al Sharqi Street (Muroor) (4),Al Sharqi Street (Muroor) (4),Mosque,Intersection,night - enough lights,clear,Dry,Perpendicular Intersection,Perpendicular collision,UAE,N,Passenger,Back passenger seat,Minor,20,F,Female,20,18 to 30 years,Aug,UAE,Thursday,19:50,PM,18 to 30 years,1,Airport,Block 27-1,13,"5162.                  After examining and inspecting the accident site, the following was noted: While the vehicle causing the accident was coming from the east and when it was turning south while traveling on the far left lane, and when the damaged vehicle was coming from the west towards the east on the second lane from the right, and because of the bypassing the red traffic light by the Driver of the vehicle causing the accident, the front right side of the vehicle causing the accident collided with the front side of the damaged vehicle and the accident resulted in injury to the drivers and passengers with the Driver of the vehicle causing the accident, as well as material damage to the vehicles, and the accident was planned","Muroor Street, inward, Police College intersection",No,60,None,4