Emirate,Police Station,Year,Month,Date,City,Road,Report Number,Day,Week,Report type,Reasons,Computed,Streets,Street,Place,Location,lighting,Weather,Road surface,Intersection,Accident Type,Nationalities,Seat Belt,Injured person position,Injured person's seat,Degree of the injury,Age of the injured,Gender,Gender of the injured,Inp Age,Age Group,Date - Month,Nationality of the Injured person,Day,Iac Rep Time,Time,Age Group - Ministry,Computed2,Area,Block,Str Code,Accident Description,Location,Fasten seat belt,Road speed limit,Pedestrian action,Number of Lanes
Abu Dhabi,Shaabiya Police Station,2012,September,02-09-12,Abu Dhabi,Internal road,1.0012E+11,2,First week,Traffic accident with injuries,Bypassing the red traffic light,1,IP11 IntersectionZayed Al Awal - Salam,IP11 IntersectionZayed Al Awal - Salam,Commercial area,Intersection,day,clear,Dry,Perpendicular Intersection,Perpendicular collision,India,N,Passenger,Back passenger seat,Minor,21,F,Female,21,18 to 30 years,Sep,Asian States,Sunday,10:05,AM,18 to 30 years,1,Markaziya,Block 53-1,98,"5190.                  After examining and inspecting the accident site, the following was noted: The vehicle causing the accident was coming from the east towards the west and taking the left lane on the arrow line, and wanted to head south, and the damaged vehicle was coming from the west towards the east, taking the middle lane, and because of bypassing the red traffic light by the vehicle causing the accident, the front right side of the vehicle causing the accident collided with the left side of the damaged vehicle and due to the force of the collision, the damaged vehicle turned over and hit the traffic light beam. As a result of the accident, the driver of the damaged vehicle and his companions sustained minor injuries and received the necessary treatment and left the hospital, as well as material damage to vehicles, the traffic light column, and material damage to vehicles. The accident site was inspected.",Abu Dhabi Commercial Bank intersection,No,60,None,5
Abu Dhabi,Shaabiya Police Station,2012,September,02-09-12,Abu Dhabi,Internal road,1.0012E+11,2,First week,Traffic accident with injuries,Bypassing the red traffic light,1,IP11 IntersectionZayed Al Awal - Salam,IP11 IntersectionZayed Al Awal - Salam,Commercial area,Intersection,day,clear,Dry,Perpendicular Intersection,Perpendicular collision,India,N,Passenger,Back passenger seat,Minor,1,M,Male,1,1 to 7 years,Sep,Asian States,Sunday,10:05,AM,Below 18 years,1,Markaziya,Block 53-1,98,"5191.                  After examining and inspecting the accident site, the following was noted: The vehicle causing the accident was coming from the east towards the west and taking the left lane on the arrow line, and wanted to head south, and the damaged vehicle was coming from the west towards the east, taking the middle lane, and because of bypassing the red traffic light by the vehicle causing the accident, the front right side of the vehicle causing the accident collided with the left side of the damaged vehicle and due to the force of the collision, the damaged vehicle turned over and hit the traffic light beam. As a result of the accident, the driver of the damaged vehicle and his companions sustained minor injuries and received the necessary treatment and left the hospital, as well as material damage to vehicles, the traffic light column, and material damage to vehicles. The accident site was inspected.",Abu Dhabi Commercial Bank intersection,No,60,None,5
Abu Dhabi,Shaabiya Police Station,2012,September,02-09-12,Abu Dhabi,Internal road,1.0012E+11,2,First week,Traffic accident with injuries,Bypassing the red traffic light,1,IP11 IntersectionZayed Al Awal - Salam,IP11 IntersectionZayed Al Awal - Salam,Commercial area,Intersection,day,clear,Dry,Perpendicular Intersection,Perpendicular collision,India,Y,Driver,Driver's seat,Minor,23,M,Male,23,18 to 30 years,Sep,Asian States,Sunday,10:05,AM,18 to 30 years,1,Markaziya,Block 53-1,98,"5192.                  After examining and inspecting the accident site, the following was noted: The vehicle causing the accident was coming from the east towards the west and taking the left lane on the arrow line, and wanted to head south, and the damaged vehicle was coming from the west towards the east, taking the middle lane, and because of bypassing the red traffic light by the vehicle causing the accident, the front right side of the vehicle causing the accident collided with the left side of the damaged vehicle and due to the force of the collision, the damaged vehicle turned over and hit the traffic light beam. As a result of the accident, the driver of the damaged vehicle and his companions sustained minor injuries and received the necessary treatment and left the hospital, as well as material damage to vehicles, the traffic light column, and material damage to vehicles. The accident site was inspected.",Abu Dhabi Commercial Bank intersection,Yes,60,None,5
Abu Dhabi,Shaabiya Police Station,2012,September,03-09-12,Abu Dhabi,Internal road,1.0012E+11,3,First week,Traffic accident with injuries,Misuse of traffic,1,Street Baniyas (Najda)(6),Street Baniyas (Najda)(6),Commercial area,Single road,night - enough lights,clear,Dry,Not on Intersection,Person run over,Nepal,N,Pedestrian,No passenger,Moderate,24,M,Male,24,18 to 30 years,Sep,Other,Monday,9:06,AM,18 to 30 years,1,Madinat Zayed (Abu Dhabi),Block 54-1,17,"5193.                  After examining and inspecting the accident site, the following was noted: The vehicle causing the accident was coming from the north towards the south and was traveling on the far right, and the run over person was coming from the west towards the south on his feet. Due to misuse of traffic by the vehicle causing the accident, the right front side of the vehicle causing the accident collided with the body of the run over person, throwing him to the ground. The accident resulted in moderate injury to the run over person and material damage to the vehicle. According to the chart, the accident occurred.","Side street, opposite Al Salhia Lights Center",No,40,"Cross, there's no crosswalk",2
Abu Dhabi,Shaabiya Police Station,2012,September,03-09-12,Abu Dhabi,Internal road,1.0012E+11,3,First week,Traffic accident with injuries,Speedy without taking road conditions into account,1,IP111 IntersectionSalam - Street 31,IP111 IntersectionSalam - Street 31,Residential area,Double road,night - enough lights,clear,Dry,Not on or around 20 meters,Rear collision,UAE,Y,Passenger,Front passenger seat,Minor,20,M,Male,20,18 to 30 years,Sep,UAE,Monday,23:30,PM,18 to 30 years,1,Hadbat Al Zafaran,Block 45-1,139,"5194.                  After examining and inspecting the accident site, the following was noted: The vehicle causing the accident was coming from the west towards the east and was taking the right lane, and the first damaged vehicle was taking the same lane in front of the vehicle causing the accident and due to the overspeed without taking into account the road conditions by the driver of the vehicle causing the accident, the front right side of the vehicle causing the accident collided with the rear left side of the damaged vehicle and due to the force of the collision the vehicle causing the accident overturned and during its overturning the third damaged vehicle was coming from the same direction taking the second lane from the right and parts of the vehicle causing the accident fell on the front side of the third damaged vehicle. The accident resulted in minor injuries to the Driver of the first damaged vehicle, one of the passengers, and another passenger of the vehicle causing the accident. They received the necessary treatment and left the hospital. Vehicles were also damaged. The accident site was inspected","Sharqi Ring Street, after the first tunnel, outward",Yes,100,None,5
Abu Dhabi,Shaabiya Police Station,2012,September,03-09-12,Abu Dhabi,Internal road,1.0012E+11,3,First week,Traffic accident with injuries,Speedy without taking road conditions into account,1,IP111 IntersectionSalam - Street 31,IP111 IntersectionSalam - Street 31,Residential area,Double road,night - enough lights,clear,Dry,Not on or around 20 meters,Rear collision,Pakistan,Y,Passenger,Front passenger seat,Minor,28,M,Male,28,18 to 30 years,Sep,Asian States,Monday,23:30,PM,18 to 30 years,1,Hadbat Al Zafaran,Block 45-1,139,"5195.                  After examining and inspecting the accident site, the following was noted: The vehicle causing the accident was coming from the west towards the east and was taking the right lane, and the first damaged vehicle was taking the same lane in front of the vehicle causing the accident and due to the overspeed without taking into account the road conditions by the driver of the vehicle causing the accident, the front right side of the vehicle causing the accident collided with the rear left side of the damaged vehicle and due to the force of the collision the vehicle causing the accident overturned and during its overturning the third damaged vehicle was coming from the same direction taking the second lane from the right and parts of the vehicle causing the accident fell on the front side of the third damaged vehicle. The accident resulted in minor injuries to the Driver of the first damaged vehicle, one of the passengers, and another passenger of the vehicle causing the accident. They received the necessary treatment and left the hospital. Vehicles were also damaged. The accident site was inspected","Sharqi Ring Street, after the first tunnel, outward",Yes,100,None,5
Abu Dhabi,Shaabiya Police Station,2012,September,03-09-12,Abu Dhabi,Internal road,1.0012E+11,3,First week,Traffic accident with injuries,Speedy without taking road conditions into account,1,IP111 IntersectionSalam - Street 31,IP111 IntersectionSalam - Street 31,Residential area,Double road,night - enough lights,clear,Dry,Not on or around 20 meters,Rear collision,UAE,Y,Driver,Driver's seat,Minor,19,M,Male,19,18 to 30 years,Sep,UAE,Monday,23:30,PM,18 to 30 years,1,Hadbat Al Zafaran,Block 45-1,139,"5196.                  After examining and inspecting the accident site, the following was noted: The vehicle causing the accident was coming from the west towards the east and was taking the right lane, and the first damaged vehicle was taking the same lane in front of the vehicle causing the accident and due to the overspeed without taking into account the road conditions by the driver of the vehicle causing the accident, the front right side of the vehicle causing the accident collided with the rear left side of the damaged vehicle and due to the force of the collision the vehicle causing the accident overturned and during its overturning the third damaged vehicle was coming from the same direction taking the second lane from the right and parts of the vehicle causing the accident fell on the front side of the third damaged vehicle. The accident resulted in minor injuries to the Driver of the first damaged vehicle, one of the passengers, and another passenger of the vehicle causing the accident. They received the necessary treatment and left the hospital. Vehicles were also damaged. The accident site was inspected","Sharqi Ring Street, after the first tunnel, outward",Yes,100,None,5
Abu Dhabi,Shaabiya Police Station,2012,September,03-09-12,Abu Dhabi,Internal road,1.0012E+11,3,First week,Traffic accident with injuries,Speedy without taking road conditions into account,1,Street Salam (8),Street Salam (8),Commercial area,Double road,day,clear,Dry,Not on or around 20 meters,Hitting a stationary object off the road,Sudan,Y,Driver,Driver's seat,Moderate,37,M,Male,37,31 to 45 years,Sep,Arab States,Monday,9:30,AM,31 to 45 years,1,Not Identified,Not Identified,12,"5197.                  After examining and inspecting the accident site, the following was noted: The vehicle causing the accident was traveling from the north towards the south, and due to the overspeed without taking into account the road conditions, the vehicle causing the accident drifted from its lane and hit the front of the lamppost. The accident resulted in an injury to the driver of the vehicle causing the accident, with a fracture and dislocation of the left hand and wrist. He was admitted to Sheikh Khalifa Hospital, and damage occurred to the lamppost and material damage occurred to the vehicle. The accident site was inspected","Al Reem Island, opposite the Sorbonne University",Yes,60,None,4
Abu Dhabi,Khaldiya Police Station,2012,September,04-09-12,Abu Dhabi,Internal road,1.0012E+11,4,First week,Traffic accident with injuries,Bypassing the red traffic light,1,Rashed bin Saeed Al-Maktoum intersection - Street 29 IP76,Rashed bin Saeed Al-Maktoum intersection - Street 29 IP76,Commercial area,Intersection,day,clear,Dry,Perpendicular Intersection,Perpendicular collision,Sudan,Y,Passenger,Front passenger seat,Moderate,45,F,Female,45,31 to 45 years,Sep,Arab States,Tuesday,7:12,AM,31 to 45 years,1,Mushrif,Block 24-2,188,"5198.                  After examining and inspecting the accident site, the following was noted: While the causing vehicle was coming from the east towards the west and when it was turning inside the intersection to the south side, where it was taking the second lane of the arrow, and because of the two damaged vehicles coming from the west towards the east, the first damaged vehicle was taking the third lane from the right and the second damaged vehicle was taking the right lane. Due to Bypassing the red traffic light by the vehicle causing the accident, the right rear side collided with the right front side of the first damaged vehicle. As a result of this collision, the vehicle overturned and its left rear side collided with the left side of the second damaged vehicle. According to the chart, the accident occurred.",Pepsi cola intersection,Yes,100,None,4
Abu Dhabi,Khaldiya Police Station,2012,September,04-09-12,Abu Dhabi,Internal road,1.0012E+11,4,First week,Traffic accident with injuries,Bypassing the red traffic light,1,Rashed bin Saeed Al-Maktoum intersection - Street 29 IP76,Rashed bin Saeed Al-Maktoum intersection - Street 29 IP76,Commercial area,Intersection,day,clear,Dry,Perpendicular Intersection,Perpendicular collision,UAE,Y,Driver,Driver's seat,Moderate,39,F,Female,39,31 to 45 years,Sep,UAE,Tuesday,7:12,AM,31 to 45 years,1,Mushrif,Block 24-2,188,"5199.                  After examining and inspecting the accident site, the following was noted: While the causing vehicle was coming from the east towards the west and when it was turning inside the intersection to the south side, where it was taking the second lane of the arrow, and because of the two damaged vehicles coming from the west towards the east, the first damaged vehicle was taking the third lane from the right and the second damaged vehicle was taking the right lane. Due to Bypassing the red traffic light by the vehicle causing the accident, the right rear side collided with the right front side of the first damaged vehicle. As a result of this collision, the vehicle overturned and its left rear side collided with the left side of the second damaged vehicle. According to the chart, the accident occurred.",Pepsi cola intersection,Yes,100,None,4
Abu Dhabi,Khaldiya Police Station,2012,September,04-09-12,Abu Dhabi,Internal road,1.0012E+11,4,First week,Traffic accident with injuries,Bypassing the red traffic light,1,IP23 IntersectionHamdan Bin Mohamed - Khalid bin Al Waleed,IP23 IntersectionHamdan Bin Mohamed - Khalid bin Al Waleed,Commercial area,Intersection,day,clear,Dry,Perpendicular Intersection,Perpendicular collision,India,N,Driver,Driver's seat,Severe,33,M,Male,33,31 to 45 years,Sep,Asian States,Tuesday,13:25,PM,31 to 45 years,1,Markaziya (Gharb),Block 12-2,108,"5000.                  After examining and inspecting the accident site, the following was noted: While the vehicle causing the accident was coming from the west towards the east and taking the second lane from the left, and while traveling forward, the damaged vehicle was coming from the north towards the south and taking the second lane from the left, and because of bypassing the red light by the driver of the vehicle causing the accident, the front side of the damaged vehicle collided with the left side of the vehicle causing the accident. The accident resulted in the injury of the driver of the damaged driver, and material damage also occurred in the two vehicles, and so the accident occurred",Al Hosn Intersection (Cultural Complex),No,60,None,4
Abu Dhabi,Khaldiya Police Station,2012,September,05-09-12,Abu Dhabi,Internal road,1.0012E+11,5,First week,Traffic accident with injuries,Bypassing the red traffic light,1,IP59 IntersectionArabian Gulf - Mohamed Bin Khalifa,IP59 IntersectionArabian Gulf - Mohamed Bin Khalifa,Residential area,Intersection,night - enough lights,clear,Dry,Perpendicular Intersection,Perpendicular collision,Bangladesh,N,Passenger,Front passenger seat,Death,37,M,Male,37,31 to 45 years,Sep,Asian States,Wednesday,1:25,PM,31 to 45 years,1,Rawdah,Block 77-2,177,"5001.                  After examining and inspecting the accident site, the following was noted: While the vehicle causing the accident was coming from the west towards the east and taking the third lane from the left, and the damaged vehicle was coming from the east towards the west and taking the far right lane, and while moving forward, and because of bypassing the red traffic signal by the driver of the vehicle causing the accident and while turning to the left, the front side of the damaged vehicle collided with the right rear side of the vehicle causing the accident, which led to the overturning of the damaged vehicle. The accident resulted in the injury of the driver and the death of the passenger of the damaged vehicle after arriving at the hospital. It also caused damage to state property and to both vehicles",The intersection of Arabian Gulf Street with Muhammad Bin Khalifa Street,No,80,None,4
Abu Dhabi,Khaldiya Police Station,2012,September,05-09-12,Abu Dhabi,Internal road,1.0012E+11,5,First week,Traffic accident with injuries,Bypassing the red traffic light,1,IP59 IntersectionArabian Gulf - Mohamed Bin Khalifa,IP59 IntersectionArabian Gulf - Mohamed Bin Khalifa,Residential area,Intersection,night - enough lights,clear,Dry,Perpendicular Intersection,Perpendicular collision,Afghanistan,Y,Driver,Driver's seat,Severe,42,M,Male,42,31 to 45 years,Sep,Asian States,Wednesday,1:25,PM,31 to 45 years,1,Rawdah,Block 77-2,177,"5002.                  After examining and inspecting the accident site, the following was noted: While the vehicle causing the accident was coming from the west towards the east and taking the third lane from the left, and the damaged vehicle was coming from the east towards the west and taking the far right lane, and while moving forward, and because of bypassing the red traffic signal by the driver of the vehicle causing the accident and while turning to the left, the front side of the damaged vehicle collided with the right rear side of the vehicle causing the accident, which led to the overturning of the damaged vehicle. The accident resulted in the injury of the driver and the death of the passenger of the damaged vehicle after arriving at the hospital. It also caused damage to state property and to both vehicles",The intersection of Arabian Gulf Street with Muhammad Bin Khalifa Street,Yes,80,None,4
Abu Dhabi,Shaabiya Police Station,2012,September,05-09-12,Abu Dhabi,Internal road,1.0012E+11,5,First week,Traffic accident with injuries,Negligence and inobservance,1,Rashed Bin Saeed Al-Maktoum Street (2),Rashed Bin Saeed Al-Maktoum Street (2),Govt. authority,Highway,night - enough lights,clear,Dry,Not on or around 20 meters,Hitting a moving object on the road,UAE,Y,Driver,Driver's seat,Moderate,23,M,Male,23,18 to 30 years,Sep,UAE,Wednesday,8:40,AM,18 to 30 years,1,Hadbat Al Zafaran,Block 20-1,14,"5003.                  After examining and inspecting the accident site, the following was noted: While the vehicle causing the accident was coming from the south to the north and taking the far-right lane, and there was a truck tire between the first and second lanes on the right, and due to the driver's lack of attention, the front side of the vehicle collided with the tire. The accident resulted in injury to the driver and also material damage to the vehicle",Wimpey Intersection,Yes,80,None,4
Abu Dhabi,Shaabiya Police Station,2012,September,05-09-12,Abu Dhabi,Internal road,1.0012E+11,5,First week,Traffic accident with injuries,Bypassing the red traffic light,1,IP75D IntersectionAl Sharqi (Muroor) - Street 31,IP75D IntersectionAl Sharqi (Muroor) - Street 31,Residential area,Intersection,day,clear,Dry,Perpendicular Intersection,Perpendicular collision,UAE,Y,Driver,Driver's seat,Minor,34,F,Female,34,31 to 45 years,Sep,UAE,Wednesday,9:00,AM,31 to 45 years,1,Hadbat Al Zafaran,Block 25-1,186,"5004.                  After examining and inspecting the accident site, the following was noted: While the vehicle causing the accident was coming from the east towards the west and taking the far left lane, and the damaged vehicle was coming from the west towards the east and taking the second lane from the right, and while traveling forward, because of bypassing the red light (The arrow signal) by the driver who caused the accident while turning to the left, the front of the damaged vehicle collided with the right rear side of the vehicle causing the accident, and the accident resulted in an injury to the driver who caused the accident and material damage to the two vehicles, and so the accident occurred.","Formerly Al-Haraj intersection, Al Jamiya now",Yes,80,None,4
Abu Dhabi,Khaldiya Police Station,2012,September,05-09-12,Abu Dhabi,Internal road,1.0012E+11,5,First week,Traffic accident with injuries,Speedy without taking road conditions into account,1,Street Zayed Al Awal(7),Street Zayed Al Awal(7),Commercial area,Car parking,day,clear,Dry,Not on Intersection,Person run over,Lebanon,N,Pedestrian,No passenger,Moderate,18,F,Female,18,18 to 30 years,Sep,Arab States,Wednesday,13:35,PM,18 to 30 years,1,Khaldiya,Block 73-2,25,"5005.                  After examining and inspecting the accident site, the following was noted: While the vehicle causing the accident was coming from the north towards the south at the parking lots, and the run over person was coming from the west towards the east crossing the road, and there were no crossing lines, and due to the overspeed and misuse of traffic, the front side of the vehicle it collided with the body of the run over  person, which led to a moderate injury of the run over  person, and thus the accident occurred.",Parking near Zayed Al Awal Street,No,40,"Cross, there's no crosswalk",1
Abu Dhabi,Shaabiya Police Station,2012,September,06-09-12,Abu Dhabi,Internal road,1.0012E+11,6,First week,Traffic accident with injuries,Speedy without taking road conditions into account,1,Street Hamdan Bin Mohamed(5),Street Hamdan Bin Mohamed(5),Commercial area,Single road,night - enough lights,clear,Dry,Half Perpendicular Intersection,Person run over,Ethiopia,N,Pedestrian,No passenger,Moderate,46,F,Female,46,46 to 60 years,Sep,Other,Thursday,0:40,PM,46 to 60 years,1,Markaziya,Block 52-1,26,"5006.                  After examining and inspecting the accident site, the following was noted: While the vehicle causing the accident was coming from the east towards the west and on a side street, and the run over  person was coming from the east towards the west, crossing the road but not on the crossing lines, and during the turn of the driver causing the accident to the left and because of the overspeed and not observing road conditions, the front left side of the vehicle collided with the body of the run over  person. The accident resulted in the injury of the run over person, and material damage to the vehicle.",Behind Sannine Restaurant,No,40,"Cross, there's no crosswalk",1
Abu Dhabi,Shaabiya Police Station,2012,September,06-09-12,Abu Dhabi,Internal road,1.0012E+11,6,First week,Traffic accident with injuries,Not leaving enough space,1,Rashed Bin Saeed Al-Maktoum Street (2),Rashed Bin Saeed Al-Maktoum Street (2),Residential area,Double road,day,clear,Dry,Not on Intersection,Rear collision,Pakistan,Y,Driver,Driver's seat,Minor,27,M,Male,27,18 to 30 years,Sep,Asian States,Thursday,11:20,AM,18 to 30 years,1,Mushrif,Block 19-1,14,"5007.                  After examining and inspecting the accident site, the following was noted: The two vehicles were coming from an east-west direction on the right lane, and the damaged vehicle was traveling in front and behind the vehicle that caused the accident, and during the course of the two vehicles due to the failure to leave sufficient distance between the two vehicles by the driver causing the accident, the front side of the vehicle causing the accident collided with the rear side of the damaged vehicle and the driver who caused the accident managed to escape with his vehicle to an unknown destination, and accordingly the accident was planned as shown in the drawing",Opposite selection and appointment management,Yes,80,None,4
Abu Dhabi,Khaldiya Police Station,2012,September,06-09-12,Abu Dhabi,Internal road,1.0012E+11,6,First week,Traffic accident with injuries,Not leaving enough space,1,Street Karama(24),Street Karama(24),Hospital,Double road,day,clear,Dry,Not on Intersection,Rear collision,UAE,N,Driver,Driver's seat,Minor,42,M,Male,42,31 to 45 years,Sep,UAE,Thursday,18:50,PM,31 to 45 years,1,Sefarat,Block 25-2,15,"5008.                  After examining and inspecting the accident site, the following was noted: While the vehicle causing the accident and the damaged vehicle were traveling from east to west and due to not leaving enough space, the front side of the causing vehicle hit the left side of the rear of the damaged vehicle. The accident resulted in the injured driver, as well as material damage to both vehicles.",Side Street behind Zayed Military Hospital,No,60,None,2
Abu Dhabi,Shaabiya Police Station,2012,September,07-09-12,Abu Dhabi,Internal road,1.0012E+11,7,First week,Traffic accident with injuries,Bypassing the red traffic light,1,IP11 IntersectionZayed Al Awal - Salam,IP11 IntersectionZayed Al Awal - Salam,Commercial area,Intersection,day,clear,Dry,Perpendicular Intersection,Perpendicular collision,India,Y,Passenger,Front passenger seat,Minor,29,M,Male,29,18 to 30 years,Sep,Asian States,Friday,19:00,PM,18 to 30 years,1,Markaziya,Block 53-1,98,"5009.                  After examining and inspecting the accident site, the following was noted: The vehicle causing the first accident was coming from the east towards the west while turning left towards the south on the far left lane, and the second causing vehicle was coming from the west towards the east with the right line, while the two vehicles were traveling and entering the intersection, due to bypassing the red traffic light by one of the two vehicles, the front side of the second vehicle collided with the right side of the first vehicle that caused accident and the two vehicles settled inside the intersection, and accordingly the accident was drawn as shown ",Formerly the intersection of the Ministry of Foreign Affairs,Yes,60,None,4
Abu Dhabi,Shaabiya Police Station,2012,September,09-09-12,Abu Dhabi,Internal road,1.0012E+11,9,Second week,Traffic accident with injuries,Misuse of traffic,1,Street Zayed Al Awal(7),Street Zayed Al Awal(7),Commercial area,Double road,night - enough lights,clear,Dry,Not on Intersection,Person run over,India,N,Pedestrian,No passenger,Severe,41,M,Male,41,31 to 45 years,Sep,Asian States,Sunday,22:28,PM,31 to 45 years,1,Madinat Zayed (Abu Dhabi),Block 14-1,25,"5010.                  After examining and inspecting the accident site, the following was noted: The vehicle causing the accident was coming from the south towards the north and taking the second lane from the right, and the run over person was crossing the road from a place not designated for Pedestrian crossing coming from the east to the west, and because of the traffic misuse by the Driver, the front side of the vehicle collided with the person being run over, as a result of which the person was fell on the street floor. The accident resulted in the person being seriously injured and material damage to the vehicle as planned. The accident occurred",Opposite Hamed Center,No,80,"Cross, there's no crosswalk",4
Abu Dhabi,Shaabiya Police Station,2012,September,10-09-12,Abu Dhabi,Internal road,1.0012E+11,10,Second week,Traffic accident with injuries,Bypassing the red traffic light,1,IP97 IntersectionAl Sharqi (Muroor) - Street 25,IP97 IntersectionAl Sharqi (Muroor) - Street 25,Govt. authority,Intersection,day,clear,Dry,Perpendicular Intersection,Perpendicular collision,UAE,Y,Driver,Driver's seat,Minor,21,M,Male,21,18 to 30 years,Sep,UAE,Monday,10:35,AM,18 to 30 years,1,Hadbat Al Zafaran,Block 22-1,183,"5011.                  After examining and inspecting the accident site, the following was noted: While the vehicle causing the accident was coming from the west towards the east and taking the second lane from the left, the first and second damaged vehicles coming from the east towards the west and the first damaged vehicle was on the far right lane and the second damaged vehicle taking the middle lane, and due to bypassing the red traffic light by its driver while turning to the left, the front of the causing vehicle hit the left side of the first damaged vehicle and the front right side of the second damaged vehicle collided with the rear side of the damaged vehicle. The accident resulted in the injury of the driver of the first damaged vehicle, as well as material damage to vehicles, and so the accident occurred",Al Shaheen Intersection,Yes,60,None,3
Abu Dhabi,Shaabiya Police Station,2012,September,10-09-12,Abu Dhabi,Internal road,1.0012E+11,10,Second week,Traffic accident with injuries,Bypassing the red traffic light,1,IP75D IntersectionAl Sharqi (Muroor) - Street 31,IP75D IntersectionAl Sharqi (Muroor) - Street 31,Commercial area,Intersection,day,clear,Dry,Perpendicular Intersection,Perpendicular collision,UAE,Y,Passenger,Front passenger seat,Moderate,19,M,Male,19,18 to 30 years,Sep,UAE,Monday,11:05,AM,18 to 30 years,1,Hadbat Al Zafaran,Block 25-1,186,"5012.                  After examining and inspecting the accident site, the following was noted: While the vehicle causing the accident was coming from the west and taking the far left lane, turning back in the same direction through the intersection, the two damaged vehicles were coming from the east and heading towards the west and following the middle lane of the street, and because of bypassing the red traffic light by the causing vehicle, where the causing vehicle collided on the right side of the front side of the damaged vehicle, which led to the rotation of the first damaged vehicle and its front side collision with the front of the second damaged vehicle, according to the chart, the accident occurred.","Al Muroor Street, Al Haraj Intersection",Yes,60,None,4
Abu Dhabi,Shaabiya Police Station,2012,September,10-09-12,Abu Dhabi,Internal road,1.0012E+11,10,Second week,Traffic accident with injuries,Bypassing the red traffic light,1,IP75D IntersectionAl Sharqi (Muroor) - Street 31,IP75D IntersectionAl Sharqi (Muroor) - Street 31,Commercial area,Intersection,day,clear,Dry,Perpendicular Intersection,Perpendicular collision,UAE,Y,Driver,Driver's seat,Minor,20,M,Male,20,18 to 30 years,Sep,UAE,Monday,11:05,AM,18 to 30 years,1,Hadbat Al Zafaran,Block 25-1,186,"5013.                  After examining and inspecting the accident site, the following was noted: While the vehicle causing the accident was coming from the west and taking the far left lane, turning back in the same direction through the intersection, the two damaged vehicles were coming from the east and heading towards the west and following the middle lane of the street, and because of bypassing the red traffic light by the causing vehicle, where the causing vehicle collided on the right side of the front side of the damaged vehicle, which led to the rotation of the first damaged vehicle and its front side collision with the front of the second damaged vehicle, according to the chart, the accident occurred.","Al Muroor Street, Al Haraj Intersection",Yes,60,None,4
Abu Dhabi,Shaabiya Police Station,2012,September,10-09-12,Abu Dhabi,Internal road,1.0012E+11,10,Second week,Traffic accident with injuries,Bypassing the red traffic light,1,IP75D IntersectionAl Sharqi (Muroor) - Street 31,IP75D IntersectionAl Sharqi (Muroor) - Street 31,Commercial area,Intersection,day,clear,Dry,Perpendicular Intersection,Perpendicular collision,Syria,Y,Driver,Driver's seat,Minor,38,M,Male,38,31 to 45 years,Sep,Arab States,Monday,11:05,AM,31 to 45 years,1,Hadbat Al Zafaran,Block 25-1,186,"5014.                  After examining and inspecting the accident site, the following was noted: While the vehicle causing the accident was coming from the west and taking the far left lane, turning back in the same direction through the intersection, the two damaged vehicles were coming from the east and heading towards the west and following the middle lane of the street, and because of bypassing the red traffic light by the causing vehicle, where the causing vehicle collided on the right side of the front side of the damaged vehicle, which led to the rotation of the first damaged vehicle and its front side collision with the front of the second damaged vehicle, according to the chart, the accident occurred.","Al Muroor Street, Al Haraj Intersection",Yes,60,None,4
Abu Dhabi,Shaabiya Police Station,2012,September,10-09-12,Abu Dhabi,Internal road,1.0012E+11,10,Second week,Traffic accident with injuries,Bypassing the red traffic light,1,IP75D IntersectionAl Sharqi (Muroor) - Street 31,IP75D IntersectionAl Sharqi (Muroor) - Street 31,Commercial area,Intersection,day,clear,Dry,Perpendicular Intersection,Perpendicular collision,UAE,Y,Driver,Driver's seat,Moderate,22,M,Male,22,18 to 30 years,Sep,UAE,Monday,11:05,AM,18 to 30 years,1,Hadbat Al Zafaran,Block 25-1,186,"5015.                  After examining and inspecting the accident site, the following was noted: While the vehicle causing the accident was coming from the west and taking the far left lane, turning back in the same direction through the intersection, the two damaged vehicles were coming from the east and heading towards the west and following the middle lane of the street, and because of bypassing the red traffic light by the causing vehicle, where the causing vehicle collided on the right side of the front side of the damaged vehicle, which led to the rotation of the first damaged vehicle and its front side collision with the front of the second damaged vehicle, according to the chart, the accident occurred.","Al Muroor Street, Al Haraj Intersection",Yes,60,None,4