Emirate,Police Station,Year,Month,Date,City,Road,Report Number,Day,Week,Report type,Reasons,Computed,Streets,Street,Place,Location,lighting,Weather,Road surface,Intersection,Accident Type,Nationalities,Seat Belt,Injured person position,Injured person's seat,Degree of the injury,Age of the injured,Gender,Gender of the injured,Inp Age,Age Group,Date - Month,Nationality of the Injured person,Day,Iac Rep Time,Time,Age Group - Ministry,Computed2,Area,Block,Str Code,Accident Description,Location,Fasten seat belt,Road speed limit,Pedestrian action,Number of Lanes
Abu Dhabi,Khaldiya Police Station,2012,September,11-09-12,Abu Dhabi,Internal road,1.0012E+11,11,Second week,Traffic accident with injuries,Bypassing the red traffic light,1,Street Bainunah(34),Street Bainunah(34),Commercial area,Intersection,day,clear,Dry,Perpendicular Intersection,Perpendicular collision,UAE,Y,Driver,Driver's seat,Minor,23,M,Male,23,18 to 30 years,Sep,UAE,Tuesday,13:30,PM,18 to 30 years,1,Al Khabira,Block 93-2,19,"5016.                  After examining and inspecting the accident site, the following was noted: while the first vehicle causing the accident was coming from the west and heading towards the east, taking the second lane from the right, and the second vehicle causing the second coming from the north and heading towards the south, and because of one of the two vehicles bypassing the red light signal, the first vehicle causing the accident collided with its front left side with the front of the second causing vehicle, according to the chart, the accident occurred.","Bainunah Street, the intersection of the Intercontinental Hotel",Yes,60,None,3
Abu Dhabi,Khaldiya Police Station,2012,September,11-09-12,Abu Dhabi,Internal road,1.0012E+11,11,Second week,Traffic accident with injuries,Bypassing the red traffic light,1,Street Bainunah(34),Street Bainunah(34),Commercial area,Intersection,day,clear,Dry,Perpendicular Intersection,Perpendicular collision,UAE,Y,Passenger,Front passenger seat,Minor,23,M,Male,23,18 to 30 years,Sep,UAE,Tuesday,13:30,PM,18 to 30 years,1,Al Khabira,Block 93-2,19,"5017.                  After examining and inspecting the accident site, the following was noted: while the first vehicle causing the accident was coming from the west and heading towards the east, taking the second lane from the right, and the second vehicle causing the second coming from the north and heading towards the south, and because of one of the two vehicles bypassing the red light signal, the first vehicle causing the accident collided with its front left side with the front of the second causing vehicle, according to the chart, the accident occurred.","Bainunah Street, the intersection of the Intercontinental Hotel",Yes,60,None,3
Abu Dhabi,Khaldiya Police Station,2012,September,11-09-12,Abu Dhabi,Internal road,1.0012E+11,11,Second week,Traffic accident with injuries,Bypassing the red traffic light,1,Street Bainunah(34),Street Bainunah(34),Commercial area,Intersection,day,clear,Dry,Perpendicular Intersection,Perpendicular collision,Pakistan,Y,Driver,Driver's seat,Moderate,52,M,Male,52,46 to 60 years,Sep,Asian States,Tuesday,13:30,PM,46 to 60 years,1,Al Khabira,Block 93-2,19,"5018.                  After examining and inspecting the accident site, the following was noted: while the first vehicle causing the accident was coming from the west and heading towards the east, taking the second lane from the right, and the second vehicle causing the second coming from the north and heading towards the south, and because of one of the two vehicles bypassing the red light signal, the first vehicle causing the accident collided with its front left side with the front of the second causing vehicle, according to the chart, the accident occurred.","Bainunah Street, the intersection of the Intercontinental Hotel",Yes,60,None,3
Abu Dhabi,Shaabiya Police Station,2012,September,12-09-12,Abu Dhabi,Internal road,1.0012E+11,12,Second week,Traffic accident with injuries,Misuse of traffic,1,IP43IntersectionRashed Bin Saeed Al Maktoum-Hazaa Bin Zayed Al Awal,IP43IntersectionRashed Bin Saeed Al Maktoum-Hazaa Bin Zayed Al Awal,Residential area,Highway,night - enough lights,clear,Dry,Turn ,Person run over,Philippines,N,Pedestrian,No passenger,Moderate,33,F,Female,33,31 to 45 years,Sep,Asian States,Wednesday,19:33,PM,31 to 45 years,1,Dhafra (Abu Dhabi),Block 15-2,163,"5019.                  After examining and inspecting the accident site, the following was noted: While the Driver was the vehicle causing the accident coming from the south and heading to the opposite street to the north, and while the person who was run over the road was crossing the road from the west towards the east, and at the turning opening, due to the traffic misuse, the driver hit the body of the person with the front left side of his vehicle, and the person fell on the road, and the vehicle stopped at the site of the accident. The accident resulted in the injury of the person. The accident is planned as shown.","Hazaa Street, opposite the Grand Millennium",No,60,"Cross, but not on the crosswalk",2
Abu Dhabi,Shaabiya Police Station,2012,September,12-09-12,Abu Dhabi,Internal road,1.0012E+11,12,Second week,Traffic accident with injuries,Not giving way / not giving priority,1,Hazaa Bin Zayed Al Awal Street (11),Hazaa Bin Zayed Al Awal Street (11),Commercial area,Single road,day,clear,Dry,Not on Intersection,Fall,India,N,Driver,Driver's seat,Moderate,29,M,Male,29,18 to 30 years,Sep,Asian States,Wednesday,17:20,PM,18 to 30 years,1,Dhafra (Abu Dhabi),Block 55-1,23,"5020.                  After examining and inspecting the accident site, the following was noted: The vehicle causing the accident was traveling from the south towards the north, while the damaged vehicle (motorcycle) was coming from the north towards the south on a two-way side road and while they were traveling and upon their arrival at the intersection, and because of not giving priority by the Driver of the vehicle causing the accident. The rider of the damaged vehicle (motorcycle) tried to avoid the accident, which made him lose control, and then he fell with his bike on the street floor. The accident resulted in the driver's injury and material damage to the bike according to the plan.","Hazaa Street, near the phone shops",No,40,None,1
Abu Dhabi,Khaldiya Police Station,2012,September,12-09-12,Abu Dhabi,Internal road,1.0012E+11,12,Second week,Traffic accident with injuries,Negligence and inobservance,1,Street Zayed Al Awal(7),Street Zayed Al Awal(7),Commercial area,Car parking,night - enough lights,clear,Dry,Not on Intersection,Person run over,Philippines,N,Pedestrian,No passenger,Moderate,33,M,Male,33,31 to 45 years,Sep,Asian States,Wednesday,18:10,PM,31 to 45 years,1,Khaldiya,Block 53-2,25,"5021.                  After examining and inspecting the accident site, the following was noted: The vehicle causing the accident was driving from the south to the north with car parks, while the driver was standing on the sidewalk in front of Baskin Robbins' shop, and while the Driver tried to stop the vehicle, the Driver mistakenly pressed the accelerator pedal. That resulted in the vehicle going up on the sidewalk and ran over with its front side the body of the person who was on the sidewalk. As a result of the accident, the person was injured and the property of the shop was damaged, as well as material damage to the vehicle, according to the plan.",Al Khaldiyah (Baskin Robbins),No,40,Stop,
Abu Dhabi,Khaldiya Police Station,2012,September,13-09-12,Abu Dhabi,Internal road,1.0012E+11,13,Second week,Traffic accident with injuries,Bypassing the red traffic light,1,IP58B IntersectionArabian Gulf - Delma,IP58B IntersectionArabian Gulf - Delma,Residential area,Intersection,day,clear,Dry,Perpendicular Intersection,Perpendicular collision,Egypt,Y,Driver,Driver's seat,Moderate,48,F,Female,48,46 to 60 years,Sep,Arab States,Thursday,12:30,PM,46 to 60 years,1,Rawdah,Block 56-2,172,"5022.                  After examining and inspecting the accident site, the following was noted: While the vehicle causing the accident was coming from the west inside the intersection, heading to the north and was traveling to the far left, and the damaged vehicle was coming from the east towards the west and was traveling in the middle , and due to bypassing the red traffic light by the causing vehicle, it collided with the front left side of the damaged vehicle and the front right side of the vehicle causing the accident. The accident resulted in an injury to the driver who caused the accident and the damaged driver, and material damage to both vehicles, and so the accident occurred","Al Muharba Area, Arabian Gulf Street, Delma Intersection",Yes,60,None,4
Abu Dhabi,Khaldiya Police Station,2012,September,13-09-12,Abu Dhabi,Internal road,1.0012E+11,13,Second week,Traffic accident with injuries,Bypassing the red traffic light,1,IP58B IntersectionArabian Gulf - Delma,IP58B IntersectionArabian Gulf - Delma,Residential area,Intersection,day,clear,Dry,Perpendicular Intersection,Perpendicular collision,Bangladesh,Y,Driver,Driver's seat,Minor,34,M,Male,34,31 to 45 years,Sep,Asian States,Thursday,12:30,PM,31 to 45 years,1,Rawdah,Block 56-2,172,"5023.                  After examining and inspecting the accident site, the following was noted: While the vehicle causing the accident was coming from the west inside the intersection, heading to the north and was traveling to the far left, and the damaged vehicle was coming from the east towards the west and was traveling in the middle , and due to bypassing the red traffic light by the causing vehicle, it collided with the front left side of the damaged vehicle and the front right side of the vehicle causing the accident. The accident resulted in an injury to the driver who caused the accident and the damaged driver, and material damage to both vehicles, and so the accident occurred","Al Muharba Area, Arabian Gulf Street, Delma Intersection",Yes,60,None,4
Abu Dhabi,Khaldiya Police Station,2012,September,13-09-12,Abu Dhabi,Internal road,1.0012E+11,13,Second week,Traffic accident with injuries,Speedy without taking road conditions into account,1,IP2 IntersectionZayed Al Awal - Khalid bin Al Waleed,IP2 IntersectionZayed Al Awal - Khalid bin Al Waleed,Commercial area,Intersection,night - enough lights,clear,Dry,Perpendicular Intersection,Person run over,Ethiopia,N,Pedestrian,No passenger,Moderate,30,F,Female,30,18 to 30 years,Sep,Other,Thursday,22:00,PM,18 to 30 years,1,Al Hosn,Block 33-2,90,"5024.                  After examining and inspecting the accident site, the following was noted: While the vehicle causing the accident was coming from the west inside the intersection, heading to the north and was traveling to the far left, and the damaged vehicle was coming from the east towards the west and was traveling in the middle , and due to bypassing the red traffic light by the causing vehicle, it collided with the front left side of the damaged vehicle and the front right side of the vehicle causing the accident. The accident resulted in an injury to the driver who caused the accident and the damaged driver, and material damage to both vehicles, and so the accident occurred","Zayed Al Awal Street, the intersection of the major stores",No,60,Cross on the crosswalk of the intersection,4
Abu Dhabi,Khaldiya Police Station,2012,September,14-09-12,Abu Dhabi,Internal road,1.0012E+11,14,Second week,Traffic accident with injuries,Bypassing the red traffic light,1,IP57P IntersectionHazaa Bin Zayed Al Awal - Khalifa Bin Shakhbout,IP57P IntersectionHazaa Bin Zayed Al Awal - Khalifa Bin Shakhbout,Commercial area,Intersection,night - enough lights,clear,Dry,Perpendicular Intersection,Perpendicular collision,Lebanon,Y,Passenger,Front passenger seat,Moderate,34,M,Male,34,31 to 45 years,Sep,Arab States,Friday,22:30,PM,31 to 45 years,1,Rawdah,Block 55-2,166,"5025.                  After examining and inspecting the accident site, the following was noted: While the vehicle causing the accident was coming from the west inside the intersection, heading to the north and was traveling to the far left, and the damaged vehicle was coming from the east towards the west and was traveling in the middle , and due to bypassing the red traffic light by the causing vehicle, it collided with the front left side of the damaged vehicle and the front right side of the vehicle causing the accident. The accident resulted in an injury to the driver who caused the accident and the damaged driver, and material damage to both vehicles, and so the accident occurred","Manaseer area, Manaseer intersection",Yes,60,None,3
Abu Dhabi,Shaabiya Police Station,2012,September,16-09-12,Abu Dhabi,Internal road,1.0012E+11,16,Third week,Traffic accident with injuries,Bypassing the red traffic light,1,IP75D IntersectionAl Sharqi (Muroor) - Street 31,IP75D IntersectionAl Sharqi (Muroor) - Street 31,Commercial area,Intersection,day,clear,Dry,Perpendicular Intersection,Perpendicular collision,Bangladesh,N,Passenger,Front passenger seat,Minor,27,M,Male,27,18 to 30 years,Sep,Asian States,Sunday,17:15,PM,18 to 30 years,1,Hadbat Al Zafaran,Block 25-1,186,"5026.                  After examining and inspecting the accident site, the following was noted: While the vehicle causing the accident was coming from the north and wanting to turn east and take the second lane from the left. Whereas the first damaged vehicle was traveling from the south towards the north and taking the second lane from the right, and the second damaged vehicle was coming from the same direction and driving on the far right. Because of the red light bypassed by the driver causing the accident, the front side of the first damaged vehicle collided with the rear right side of the damaged vehicle and the arrival of the second damaged vehicle, its front side collided with the right of the vehicle that caused the accident. Accident resulted in the injury of the driver, the passengers, and material damage to the vehicles. According to the plan, the accident occurred.","Al Dhafra Street, Al Haraj Intersection",No,60,None,
Abu Dhabi,Shaabiya Police Station,2012,September,16-09-12,Abu Dhabi,Internal road,1.0012E+11,16,Third week,Traffic accident with injuries,Bypassing the red traffic light,1,IP75D IntersectionAl Sharqi (Muroor) - Street 31,IP75D IntersectionAl Sharqi (Muroor) - Street 31,Commercial area,Intersection,day,clear,Dry,Perpendicular Intersection,Perpendicular collision,Pakistan,Y,Driver,Driver's seat,Minor,33,M,Male,33,31 to 45 years,Sep,Asian States,Sunday,17:15,PM,31 to 45 years,1,Hadbat Al Zafaran,Block 25-1,186,"5027.                  After examining and inspecting the accident site, the following was noted: While the vehicle causing the accident was coming from the north and wanting to turn east and take the second lane from the left. Whereas the first damaged vehicle was traveling from the south towards the north and taking the second lane from the right, and the second damaged vehicle was coming from the same direction and driving on the far right. Because of the red light bypassed by the driver causing the accident, the front side of the first damaged vehicle collided with the rear right side of the damaged vehicle and the arrival of the second damaged vehicle, its front side collided with the right of the vehicle that caused the accident. Accident resulted in the injury of the driver, the passengers, and material damage to the vehicles. According to the plan, the accident occurred.","Al Dhafra Street, Al Haraj Intersection",Yes,60,None,
Abu Dhabi,Shaabiya Police Station,2012,September,16-09-12,Abu Dhabi,Internal road,1.0012E+11,16,Third week,Traffic accident with injuries,Bypassing the red traffic light,1,IP75D IntersectionAl Sharqi (Muroor) - Street 31,IP75D IntersectionAl Sharqi (Muroor) - Street 31,Commercial area,Intersection,day,clear,Dry,Perpendicular Intersection,Perpendicular collision,Bangladesh,N,Passenger,Front passenger seat,Minor,27,M,Male,27,18 to 30 years,Sep,Asian States,Sunday,17:15,PM,18 to 30 years,1,Hadbat Al Zafaran,Block 25-1,186,"5028.                  After examining and inspecting the accident site, the following was noted: While the vehicle causing the accident was coming from the north and wanting to turn east and take the second lane from the left. Whereas the first damaged vehicle was traveling from the south towards the north and taking the second lane from the right, and the second damaged vehicle was coming from the same direction and driving on the far right. Because of the red light bypassed by the driver causing the accident, the front side of the first damaged vehicle collided with the rear right side of the damaged vehicle and the arrival of the second damaged vehicle, its front side collided with the right of the vehicle that caused the accident. Accident resulted in the injury of the driver, the passengers, and material damage to the vehicles. According to the plan, the accident occurred.","Al Dhafra Street, Al Haraj Intersection",No,60,None,
Abu Dhabi,Shaabiya Police Station,2012,September,17-09-12,Abu Dhabi,Internal road,1.0012E+11,17,Third week,Traffic accident with injuries,Ignoring road lane,1,IP10A IntersectionZayed Al Awal - Al Sharqi (Muroor),IP10A IntersectionZayed Al Awal - Al Sharqi (Muroor),Commercial area,Double road,night - enough lights,clear,Dry,Not on or around 20 meters,Side collision,Bangladesh,N,Driver,Driver's seat,Minor,30,M,Male,30,18 to 30 years,Sep,Asian States,Monday,4:50,PM,18 to 30 years,1,Markaziya,Block 13-1,96,"5029.                  After examining and inspecting the accident site, the following was noted: While the vehicle causing the accident was coming from the north and wanting to turn east and take the second lane from the left. Whereas the first damaged vehicle was traveling from the south towards the north and taking the second lane from the right, and the second damaged vehicle was coming from the same direction and driving on the far right. Because of the red light bypassed by the driver causing the accident, the front side of the first damaged vehicle collided with the rear right side of the damaged vehicle and the arrival of the second damaged vehicle, its front side collided with the right of the vehicle that caused the accident. Accident resulted in the injury of the driver, the passengers, and material damage to the vehicles. According to the plan, the accident occurred.",Near the National Bank of Dubai intersection,No,60,None,4
Abu Dhabi,Khaldiya Police Station,2012,September,17-09-12,Abu Dhabi,Internal road,1.0012E+11,17,Third week,Traffic accident with injuries,Misuse of traffic,1,Street Corniche(1),Street Corniche(1),Commercial area,Double road,day,clear,Dry,Not on Intersection,Person run over,Pakistan,N,Pedestrian,No passenger,Severe,26,M,Male,26,18 to 30 years,Sep,Asian States,Monday,9:30,AM,18 to 30 years,1,Al Khabira,Block 92-2,29,"5030.                  After examining and inspecting the accident site, the following was noted: While the vehicle causing the accident was traveling from the south towards the north, the far right lane, and the run over person was crossing the road coming from the east towards the west on his feet and because of traffic misuse by the damaged driver and crossing without attention, and from a place not designated for the crossing of the Pedestrian, the Driver of the causing vehicle run over the person and the run over person fell about 12 meters in front of the vehicle affected by severe injuries and the vehicle at the site of the accident, according to the chart accident occurred.",Next to the Hilton,No,60,Cross without attention,3
Abu Dhabi,Khaldiya Police Station,2012,September,18-09-12,Abu Dhabi,Internal road,1.1212E+11,18,Third week,Traffic accident with injuries,Bypassing the red traffic light,1,Rashed Bin Saeed Al-Maktoum Street (2),Rashed Bin Saeed Al-Maktoum Street (2),Govt. authority,Intersection,day,clear,Dry,Perpendicular Intersection,Rear collision,UAE,Y,Driver,Driver's seat,Minor,33,F,Female,33,31 to 45 years,Sep,UAE,Tuesday,9:33,AM,31 to 45 years,1,Dhafra (Abu Dhabi),Block 15-1,14,"5031.                  After examining and inspecting the accident site, the following was noted: While the vehicle causing the accident was traveling from the south towards the north, the far right lane, and the run over person was crossing the road coming from the east towards the west on his feet and because of traffic misuse by the damaged driver and crossing without attention, and from a place not designated for the crossing of the Pedestrian, the Driver of the causing vehicle run over the person and the run over person fell about 12 meters in front of the vehicle affected by severe injuries and the vehicle at the site of the accident, according to the chart accident occurred.",Intersection of the Kuwaiti embassy,Yes,80,None,
Abu Dhabi,Shaabiya Police Station,2012,September,18-09-12,Abu Dhabi,Internal road,1.0012E+11,18,Third week,Traffic accident with injuries,Bypassing the red traffic light,1,IP75D IntersectionAl Sharqi (Muroor) - Street 31,IP75D IntersectionAl Sharqi (Muroor) - Street 31,Commercial area,Intersection,day,clear,Dry,Perpendicular Intersection,Perpendicular collision,UAE,Y,Passenger,Front passenger seat,Minor,36,F,Female,36,31 to 45 years,Sep,UAE,Tuesday,14:12,PM,31 to 45 years,1,Hadbat Al Zafaran,Block 25-1,186,"5032.                  After examining and inspecting the accident site, the following was noted: While the vehicle causing the accident was traveling from the south towards the north, the far right lane, and the run over person was crossing the road coming from the east towards the west on his feet and because of traffic misuse by the damaged driver and crossing without attention, and from a place not designated for the crossing of the Pedestrian, the Driver of the causing vehicle run over the person and the run over person fell about 12 meters in front of the vehicle affected by severe injuries and the vehicle at the site of the accident, according to the chart accident occurred.","Sharqi Street (Al Muroor) Intersection of Haraj, inward",Yes,80,None,4
Abu Dhabi,Shaabiya Police Station,2012,September,20-09-12,Abu Dhabi,Internal road,1.0012E+11,20,Third week,Traffic accident with injuries,Misuse of traffic,1,Al Sharqi Street (Muroor) (4),Al Sharqi Street (Muroor) (4),Commercial area,Intersection,day,clear,Dry,Perpendicular Intersection,Person run over,India,N,Pedestrian,No passenger,Moderate,58,M,Male,58,46 to 60 years,Sep,Asian States,Thursday,9:30,AM,46 to 60 years,1,Madinat Zayed (Abu Dhabi),Block 34-1,13,"5033.                  After examining and inspecting the accident site, the following was noted: While the vehicle causing the accident was traveling from the south towards the north, the far right lane, and the run over person was crossing the road coming from the east towards the west on his feet and because of traffic misuse by the damaged driver and crossing without attention, and from a place not designated for the crossing of the Pedestrian, the Driver of the causing vehicle run over the person and the run over person fell about 12 meters in front of the vehicle affected by severe injuries and the vehicle at the site of the accident, according to the chart accident occurred.","Zayed City, Al Dhafra Street",No,40,"Cross, there's no crosswalk",2
Abu Dhabi,Khaldiya Police Station,2012,September,20-09-12,Abu Dhabi,Internal road,1.0012E+11,20,Third week,Traffic accident with injuries,Bypassing the red traffic light,1,IP2 IntersectionZayed Al Awal - Khalid bin Al Waleed,IP2 IntersectionZayed Al Awal - Khalid bin Al Waleed,Commercial area,Intersection,day,clear,Dry,Half Perpendicular Intersection,Perpendicular collision,Bangladesh,Y,Driver,Driver's seat,Minor,39,M,Male,39,31 to 45 years,Sep,Asian States,Thursday,12:05,PM,31 to 45 years,1,Al Hosn,Block 33-2,90,"5034.                  After examining and inspecting the accident site, the following was noted: While the vehicle causing the accident was coming from the west inside the intersection, heading to the north and was traveling to the far left, and the damaged vehicle was coming from the east towards the west and was traveling in the middle , and due to bypassing the red traffic light by the causing vehicle, it collided with the front left side of the damaged vehicle and the front right side of the vehicle causing the accident. The accident resulted in an injury to the driver who caused the accident and the damaged driver, and material damage to both vehicles, and so the accident occurred","Zayed Al Awal Street, intersection with Al Muhairi Center",Yes,60,None,3
Abu Dhabi,Khaldiya Police Station,2012,September,20-09-12,Abu Dhabi,Internal road,1.0012E+11,20,Third week,Traffic accident with injuries,Ignoring road lane,1,IP33A IntersectionFalah - Khalifa Bin Shakhbout,IP33A IntersectionFalah - Khalifa Bin Shakhbout,Mosque,Intersection,night - enough lights,clear,Dry,Perpendicular Intersection,Side collision,Bangladesh,N,Driver,Driver's seat,Moderate,20,M,Male,20,18 to 30 years,Sep,Asian States,Thursday,18:30,PM,18 to 30 years,1,Manhal,Block 54-2,156,"5035.                  After examining and inspecting the accident site, the following was noted: While the vehicle causing the accident was coming from the west inside the intersection, heading to the north and was traveling to the far left, and the damaged vehicle was coming from the east towards the west and was traveling in the middle , and due to bypassing the red traffic light by the causing vehicle, it collided with the front left side of the damaged vehicle and the front right side of the vehicle causing the accident. The accident resulted in an injury to the driver who caused the accident and the damaged driver, and material damage to both vehicles, and so the accident occurred",The intersection of Abu Bakr Al-Siddiq Mosque,No,60,None,3
Abu Dhabi,Khaldiya Police Station,2012,September,20-09-12,Abu Dhabi,Internal road,1.0012E+11,20,Third week,Traffic accident with injuries,Speedy without taking road conditions into account,1,Street Arabian Gulf(30),Street Arabian Gulf(30),Fuel Station,Double road,night - enough lights,clear,Dry,Not on or around 20 meters,Hitting a stationary object on the road,UAE,N,Passenger,Back passenger seat,Minor,5,M,Male,5,1 to 7 years,Sep,UAE,Thursday,21:40,PM,Below 18 years,1,Mushrif,Block 58-2,16,"5036.                  After examining and inspecting the accident site, the following was noted: The vehicle causing the accident was coming from west towards east on the second lane from the left and the damaged vehicle was coming from east towards west on the second lane from the left side in the opposite direction and due to overspeed without taking road conditions into account and not taking the necessary precautions to change the lane, the vehicle causing the accident deviated and hit the sidewalk and entered the opposite street and the front of the vehicle causing the accident hit the left side of the damaged vehicle. According to the chart, the accident occurred.","Al Mushrif area, Arabian Gulf Street, opposite the gas station",No,100,None,4
Abu Dhabi,Khaldiya Police Station,2012,September,20-09-12,Abu Dhabi,Internal road,1.0012E+11,20,Third week,Traffic accident with injuries,Speedy without taking road conditions into account,1,Street Arabian Gulf(30),Street Arabian Gulf(30),Fuel Station,Double road,night - enough lights,clear,Dry,Not on or around 20 meters,Hitting a stationary object on the road,UAE,N,Passenger,Back passenger seat,Minor,4,F,Female,4,1 to 7 years,Sep,UAE,Thursday,21:40,PM,Below 18 years,1,Mushrif,Block 58-2,16,"5037.                  After examining and inspecting the accident site, the following was noted: The vehicle causing the accident was coming from west towards east on the second lane from the left and the damaged vehicle was coming from east towards west on the second lane from the left side in the opposite direction and due to overspeed without taking road conditions into account and not taking the necessary precautions to change the lane, the vehicle causing the accident deviated and hit the sidewalk and entered the opposite street and the front of the vehicle causing the accident hit the left side of the damaged vehicle. According to the chart, the accident occurred.","Al Mushrif area, Arabian Gulf Street, opposite the gas station",No,100,None,4
Abu Dhabi,Khaldiya Police Station,2012,September,20-09-12,Abu Dhabi,Internal road,1.0012E+11,20,Third week,Traffic accident with injuries,Speedy without taking road conditions into account,1,Street Arabian Gulf(30),Street Arabian Gulf(30),Fuel Station,Double road,night - enough lights,clear,Dry,Not on or around 20 meters,Hitting a stationary object on the road,UAE,N,Passenger,Back passenger seat,Minor,6,F,Female,6,1 to 7 years,Sep,UAE,Thursday,21:40,PM,Below 18 years,1,Mushrif,Block 58-2,16,"5038.                  After examining and inspecting the accident site, the following was noted: The vehicle causing the accident was coming from west towards east on the second lane from the left and the damaged vehicle was coming from east towards west on the second lane from the left side in the opposite direction and due to overspeed without taking road conditions into account and not taking the necessary precautions to change the lane, the vehicle causing the accident deviated and hit the sidewalk and entered the opposite street and the front of the vehicle causing the accident hit the left side of the damaged vehicle. According to the chart, the accident occurred.","Al Mushrif area, Arabian Gulf Street, opposite the gas station",No,100,None,4
Abu Dhabi,Khaldiya Police Station,2012,September,20-09-12,Abu Dhabi,Internal road,1.0012E+11,20,Third week,Traffic accident with injuries,Speedy without taking road conditions into account,1,Street Arabian Gulf(30),Street Arabian Gulf(30),Fuel Station,Double road,night - enough lights,clear,Dry,Not on or around 20 meters,Hitting a stationary object on the road,UAE,Y,Driver,Driver's seat,Moderate,21,M,Male,21,18 to 30 years,Sep,UAE,Thursday,21:40,PM,18 to 30 years,1,Mushrif,Block 58-2,16,"5039.                  After examining and inspecting the accident site, the following was noted: The vehicle causing the accident was coming from west towards east on the second lane from the left and the damaged vehicle was coming from east towards west on the second lane from the left side in the opposite direction and due to overspeed without taking road conditions into account and not taking the necessary precautions to change the lane, the vehicle causing the accident deviated and hit the sidewalk and entered the opposite street and the front of the vehicle causing the accident hit the left side of the damaged vehicle. According to the chart, the accident occurred.","Al Mushrif area, Arabian Gulf Street, opposite the gas station",Yes,100,None,4
Abu Dhabi,Shaabiya Police Station,2012,September,21-09-12,Abu Dhabi,Internal road,1.0012E+11,21,Third week,Traffic accident with injuries,Not leaving enough space,1,Street Salam (8),Street Salam (8),Bridge / Tunnel,Double road,night - enough lights,clear,Dry,Not on or around 20 meters,Rear collision,Bangladesh,N,Passenger,Front passenger seat,Moderate,49,M,Male,49,46 to 60 years,Sep,Asian States,Friday,20:55,PM,46 to 60 years,1,Qasr Al Bahar,Block 75-1,12,"5040.                  After examining and inspecting the accident site, the following was noted: The vehicle causing the accident was coming from west towards east on the second lane from the left and the damaged vehicle was coming from east towards west on the second lane from the left side in the opposite direction and due to overspeed without taking road conditions into account and not taking the necessary precautions to change the lane, the vehicle causing the accident deviated and hit the sidewalk and entered the opposite street and the front of the vehicle causing the accident hit the left side of the damaged vehicle. According to the chart, the accident occurred.","Salam Street, Qasr Al-Bahar signal after Qasr Al-Bahar tunnel, inward",No,80,None,4
Abu Dhabi,Khaldiya Police Station,2012,September,22-09-12,Abu Dhabi,Internal road,1.0012E+11,22,Fourth week,Traffic accident with injuries,under influence of intoxicant or narcotic drug,1,Street Arabian Gulf(30),Street Arabian Gulf(30),Govt. authority,Double road,night - enough lights,clear,Dry,Not on Intersection,deterioration,Morocco,Y,Driver,Driver's seat,Moderate,48,M,Male,48,46 to 60 years,Sep,Arab States,Saturday,4:35,PM,46 to 60 years,1,Mushrif,Block 58-2,16,"5041.                  After examining and inspecting the accident site, the following was noted: The vehicle causing the accident was coming from west towards east on the second lane from the left and the damaged vehicle was coming from east towards west on the second lane from the left side in the opposite direction and due to overspeed without taking road conditions into account and not taking the necessary precautions to change the lane, the vehicle causing the accident deviated and hit the sidewalk and entered the opposite street and the front of the vehicle causing the accident hit the left side of the damaged vehicle. According to the chart, the accident occurred.","Arabian Gulf Street opposite the Chinese embassy, ??Mushrif",Yes,100,None,4
Abu Dhabi,Shaabiya Police Station,2012,September,22-09-12,Abu Dhabi,Internal road,1.0012E+11,22,Fourth week,Traffic accident with injuries,Ignoring road lane,1,IP33B IntersectionFalah - Arabian Gulf,IP33B IntersectionFalah - Arabian Gulf,School,Double road,day,clear,Dry,Not on Intersection,Side collision,Palestine,N,Passenger,Back passenger seat,Moderate,58,F,Female,58,46 to 60 years,Sep,Arab States,Saturday,12:30,PM,46 to 60 years,1,Al Butain,Block 74-2,157,"5042.                  After examining and inspecting the accident site, the following was noted: While the vehicle causing accident was traveling from the south towards the north on Al Falah Street towards the intersection on the middle lane on the right, and because the driver did not adhere to the mandatory driving line, he suddenly veered toward the filter without taking precautions and Caution when entering the lane coincides with the arrival of the damaged vehicle, which was the lane in the far right lane, and collided with the front left side of the damaged vehicle with the rear right side of the damaged vehicle, and the vehicles stopped at the site of the accident, leaving the passenger with moderate injury and moderate damage to the vehicles, according to the chart.","Al Falah Street, near Quds School",No,60,None,4