Emirate,Police Station,Year,Month,Date,City,Road,Report Number,Day,Week,Report type,Reasons,Computed,Streets,Street,Place,Location,lighting,Weather,Road surface,Intersection,Accident Type,Nationalities,Seat Belt,Injured person position,Injured person's seat,Degree of the injury,Age of the injured,Gender,Gender of the injured,Inp Age,Age Group,Date - Month,Nationality of the Injured person,Day,Iac Rep Time,Time,Age Group - Ministry,Computed2,Area,Block,Str Code,Accident Description,Location,Fasten seat belt,Road speed limit,Pedestrian action,Number of Lanes
Abu Dhabi,Shaabiya Police Station,2012,October,25-10-12,Abu Dhabi,Internal road,1.0012E+11,25,Fourth week,Traffic accident with injuries,Ignoring road lane,1,Street Salam (8),Street Salam (8),Govt. authority,Highway,day,clear,Dry,Not on Intersection,Side collision,India,Y,Driver,Driver's seat,Moderate,47,M,Male,47,46 to 60 years,Oct,Asian States,Thursday,14:15,PM,46 to 60 years,1,Hadbat Al Zafaran,Block 40-1,12,"5121.                  After examining and inspecting the accident site, the following was noted: While the vehicle causing the accident was coming from the east towards the west and taking the middle lane and the damaged vehicle coming from the same direction and taking the second lane from the left, and because of the failure to adhere to the lane by the driver who caused the accident and because of changing the lane, the front right side of the damaged vehicle collided with the left rear side of the vehicle causing the accident, which led to the vehicle causing the accident to drift to the left and collide with its front left side with the concrete barrier. The accident resulted in the injury of the driver who caused the accident, as well as material damage to the two vehicles, and according to the chart, the accident occurred","Al Qurm Street, inward",Yes,100,None,4
Abu Dhabi,Shaabiya Police Station,2012,October,26-10-12,Abu Dhabi,Internal road,1.0012E+11,26,Fourth week,Traffic accident with injuries,Speedy without taking road conditions into account,1,Al Sharqi Street (Muroor) (4),Al Sharqi Street (Muroor) (4),Bridge / Tunnel,Highway,day,clear,Dry,Not on Intersection,Person run over,India,N,Pedestrian,No passenger,Moderate,58,F,Female,58,46 to 60 years,Oct,Asian States,Friday,12:38,PM,46 to 60 years,1,Al Nahyan Camp Bridge,Not Identified,13,"5122.                  After examining and inspecting the accident site, the following was noted: The vehicle causing the accident was traveling from the east to the west and taking the second lane from the right while the person being run over was trying to cross the street from the south to the north on foot, and from a place not designated for pedestrian crossing. and due to the overspeed and the driver tried to use the brakes, but it didn’t work, as the front right side of the vehicle ran over the body of the runover person. The accident resulted in the injury of the runover person and the material damage to the vehicle. According to the chart, the accident occurred.","Al Dhafra Street, inward",No,60,"Cross, there's no crosswalk",4
Abu Dhabi,Shaabiya Police Station,2012,October,27-10-12,Abu Dhabi,Internal road,1.0012E+11,27,Fourth week,Traffic accident with injuries,Ignoring road lane,1,Al Sharqi Street (Muroor) (4),Al Sharqi Street (Muroor) (4),Commercial area,Double road,day,clear,Dry,Perpendicular Intersection,Side collision,UAE,N,Driver,Driver's seat,Minor,25,M,Male,25,18 to 30 years,Oct,UAE,Saturday,14:23,PM,18 to 30 years,1,Al Wahda,Block 16-1,13,"5123.                  After examining and inspecting the accident site, the following was noted: The vehicle causing the accident was coming from the west towards the east and taking the second lane from the left, and the damaged vehicle was coming from the same direction and taking the left lane and because of the failure of the driver causing the accident to abide by the road line, it deviated from the second lane to the left lane that the damaged vehicle is traveling on and collided with the left front side of the vehicle with the right side of the damaged vehicle. As a result of the accident, the driver of the damaged vehicle was injured with a minor injury. He received the necessary treatment and left the hospital in a minor general condition, as well as material damage to vehicles. The site of the accident was inspected.","Al Sharqi Street, Al Muroor, before the intersection of Barhuz, outward",No,60,None,4
Abu Dhabi,Shaabiya Police Station,2012,October,27-10-12,Abu Dhabi,Internal road,1.0012E+11,27,Fourth week,Traffic accident with injuries,Bypassing the red traffic light,1,IP36 IntersectionSalam - Falah,IP36 IntersectionSalam - Falah,Govt. authority,Intersection,night - enough lights,clear,Dry,Not on or around 20 meters,Person run over,Nepal,N,Pedestrian,No passenger,Moderate,45,M,Male,45,31 to 45 years,Oct,Other,Saturday,19:43,PM,31 to 45 years,1,Madinat Zayed (Abu Dhabi),Block 54-1,150,"5124.                  After examining and inspecting the accident site, the following was noted: While the first vehicle causing accident was coming from the east towards the west on the second lane, and the runover person was passing the intersection lines from the north towards the south and because of bypassing the red traffic light signal, the causing vehicle hit the person, and the accident resulted in the injury of the person, with an average injury, and was admitted to Mafraq Hospital.","Accident occurred on Al Salam Street, near the Abu Dhabi municipality",No,80,Cross on the crosswalk of the intersection,4
Abu Dhabi,Al Madina Police Station,2012,October,28-10-12,Abu Dhabi,Internal road,1.0012E+11,28,Fourth week,Traffic accident with injuries,Bypassing the red traffic light,1,IP52 IntersectionCorniche - Rashed Bin Saeed Al-Maktoum,IP52 IntersectionCorniche - Rashed Bin Saeed Al-Maktoum,Commercial area,Intersection,night - enough lights,clear,Dry,Perpendicular Intersection,Perpendicular collision,India,Y,Driver,Driver's seat,Moderate,34,M,Male,34,31 to 45 years,Oct,Asian States,Sunday,22:00,PM,31 to 45 years,1,Markaziya (Gharb),Block 11-2,123,"5125.                  After examining and inspecting the accident site, the following was noted: The vehicle causing the accident was coming from the north towards the south and wanted to go east, and the first and second damaged vehicle was coming from the south towards the north, and the first damaged vehicle was taking the left lane and the second damaged vehicle was taking the right lane and because of Bypassing the red traffic light by the driver causing the accident, the front side of the first damaged vehicle hit the front right side of the vehicle causing the accident and as a result of the collision, the first damaged vehicle deflected to collide with its front right side with the front of the second damaged vehicle. The accident resulted in the injury of the driver, who caused the accident, and his companions, and the accompanying persons in the first and second damaged vehicles who received the necessary treatment at Sheikh Khalifa Hospital, and material damage also resulted in the vehicles. The site of the accident was inspected","The intersection of Corniche Street with Sheikh Rashid Street, the intersection of Abu Dhabi Chamber of Commerce & Industry",Yes,60,None,4
Abu Dhabi,Al Madina Police Station,2012,October,28-10-12,Abu Dhabi,Internal road,1.0012E+11,28,Fourth week,Traffic accident with injuries,Bypassing the red traffic light,1,IP52 IntersectionCorniche - Rashed Bin Saeed Al-Maktoum,IP52 IntersectionCorniche - Rashed Bin Saeed Al-Maktoum,Commercial area,Intersection,night - enough lights,clear,Dry,Perpendicular Intersection,Perpendicular collision,India,Y,Passenger,Back passenger seat,Minor,8,M,Male,8,8 to 17 years,Oct,Asian States,Sunday,22:00,PM,Below 18 years,1,Markaziya (Gharb),Block 11-2,123,"5126.                  After examining and inspecting the accident site, the following was noted: The vehicle causing the accident was coming from the north towards the south and wanted to go east, and the first and second damaged vehicle was coming from the south towards the north, and the first damaged vehicle was taking the left lane and the second damaged vehicle was taking the right lane and because of Bypassing the red traffic light by the driver causing the accident, the front side of the first damaged vehicle hit the front right side of the vehicle causing the accident and as a result of the collision, the first damaged vehicle deflected to collide with its front right side with the front of the second damaged vehicle. The accident resulted in the injury of the driver, who caused the accident, and his companions, and the accompanying persons in the first and second damaged vehicles who received the necessary treatment at Sheikh Khalifa Hospital, and material damage also resulted in the vehicles. The site of the accident was inspected","The intersection of Corniche Street with Sheikh Rashid Street, the intersection of Abu Dhabi Chamber of Commerce & Industry",Yes,60,None,4
Abu Dhabi,Al Madina Police Station,2012,October,28-10-12,Abu Dhabi,Internal road,1.0012E+11,28,Fourth week,Traffic accident with injuries,Bypassing the red traffic light,1,IP52 IntersectionCorniche - Rashed Bin Saeed Al-Maktoum,IP52 IntersectionCorniche - Rashed Bin Saeed Al-Maktoum,Commercial area,Intersection,night - enough lights,clear,Dry,Perpendicular Intersection,Perpendicular collision,India,N,Passenger,Back passenger seat,Minor,26,F,Female,26,18 to 30 years,Oct,Asian States,Sunday,22:00,PM,18 to 30 years,1,Markaziya (Gharb),Block 11-2,123,"5127.                  After examining and inspecting the accident site, the following was noted: The vehicle causing the accident was coming from the north towards the south and wanted to go east, and the first and second damaged vehicle was coming from the south towards the north, and the first damaged vehicle was taking the left lane and the second damaged vehicle was taking the right lane and because of Bypassing the red traffic light by the driver causing the accident, the front side of the first damaged vehicle hit the front right side of the vehicle causing the accident and as a result of the collision, the first damaged vehicle deflected to collide with its front right side with the front of the second damaged vehicle. The accident resulted in the injury of the driver, who caused the accident, and his companions, and the accompanying persons in the first and second damaged vehicles who received the necessary treatment at Sheikh Khalifa Hospital, and material damage also resulted in the vehicles. The site of the accident was inspected","The intersection of Corniche Street with Sheikh Rashid Street, the intersection of Abu Dhabi Chamber of Commerce & Industry",No,60,None,4
Abu Dhabi,Al Madina Police Station,2012,October,28-10-12,Abu Dhabi,Internal road,1.0012E+11,28,Fourth week,Traffic accident with injuries,Bypassing the red traffic light,1,IP52 IntersectionCorniche - Rashed Bin Saeed Al-Maktoum,IP52 IntersectionCorniche - Rashed Bin Saeed Al-Maktoum,Commercial area,Intersection,night - enough lights,clear,Dry,Perpendicular Intersection,Perpendicular collision,India,Y,Passenger,Front passenger seat,Moderate,55,F,Female,55,46 to 60 years,Oct,Asian States,Sunday,22:00,PM,46 to 60 years,1,Markaziya (Gharb),Block 11-2,123,"5128.                  After examining and inspecting the accident site, the following was noted: The vehicle causing the accident was coming from the north towards the south and wanted to go east, and the first and second damaged vehicle was coming from the south towards the north, and the first damaged vehicle was taking the left lane and the second damaged vehicle was taking the right lane and because of Bypassing the red traffic light by the driver causing the accident, the front side of the first damaged vehicle hit the front right side of the vehicle causing the accident and as a result of the collision, the first damaged vehicle deflected to collide with its front right side with the front of the second damaged vehicle. The accident resulted in the injury of the driver, who caused the accident, and his companions, and the accompanying persons in the first and second damaged vehicles who received the necessary treatment at Sheikh Khalifa Hospital, and material damage also resulted in the vehicles. The site of the accident was inspected","The intersection of Corniche Street with Sheikh Rashid Street, the intersection of Abu Dhabi Chamber of Commerce & Industry",Yes,60,None,4
Abu Dhabi,Al Madina Police Station,2012,October,28-10-12,Abu Dhabi,Internal road,1.0012E+11,28,Fourth week,Traffic accident with injuries,Bypassing the red traffic light,1,IP52 IntersectionCorniche - Rashed Bin Saeed Al-Maktoum,IP52 IntersectionCorniche - Rashed Bin Saeed Al-Maktoum,Commercial area,Intersection,night - enough lights,clear,Dry,Perpendicular Intersection,Perpendicular collision,Jordan,Y,Passenger,Front passenger seat,Minor,47,F,Female,47,46 to 60 years,Oct,Arab States,Sunday,22:00,PM,46 to 60 years,1,Markaziya (Gharb),Block 11-2,123,"5129.                  After examining and inspecting the accident site, the following was noted: The vehicle causing the accident was coming from the north towards the south and wanted to go east, and the first and second damaged vehicle was coming from the south towards the north, and the first damaged vehicle was taking the left lane and the second damaged vehicle was taking the right lane and because of Bypassing the red traffic light by the driver causing the accident, the front side of the first damaged vehicle hit the front right side of the vehicle causing the accident and as a result of the collision, the first damaged vehicle deflected to collide with its front right side with the front of the second damaged vehicle. The accident resulted in the injury of the driver, who caused the accident, and his companions, and the accompanying persons in the first and second damaged vehicles who received the necessary treatment at Sheikh Khalifa Hospital, and material damage also resulted in the vehicles. The site of the accident was inspected","The intersection of Corniche Street with Sheikh Rashid Street, the intersection of Abu Dhabi Chamber of Commerce & Industry",Yes,60,None,4
Abu Dhabi,Al Madina Police Station,2012,October,28-10-12,Abu Dhabi,Internal road,1.0012E+11,28,Fourth week,Traffic accident with injuries,Bypassing the red traffic light,1,IP52 IntersectionCorniche - Rashed Bin Saeed Al-Maktoum,IP52 IntersectionCorniche - Rashed Bin Saeed Al-Maktoum,Commercial area,Intersection,night - enough lights,clear,Dry,Perpendicular Intersection,Perpendicular collision,India,N,Passenger,Back passenger seat,Minor,64,M,Male,64,Above 60,Oct,Asian States,Sunday,22:00,PM,Above 60,1,Markaziya (Gharb),Block 11-2,123,"5130.                  After examining and inspecting the accident site, the following was noted: The vehicle causing the accident was coming from the north towards the south and wanted to go east, and the first and second damaged vehicle was coming from the south towards the north, and the first damaged vehicle was taking the left lane and the second damaged vehicle was taking the right lane and because of Bypassing the red traffic light by the driver causing the accident, the front side of the first damaged vehicle hit the front right side of the vehicle causing the accident and as a result of the collision, the first damaged vehicle deflected to collide with its front right side with the front of the second damaged vehicle. The accident resulted in the injury of the driver, who caused the accident, and his companions, and the accompanying persons in the first and second damaged vehicles who received the necessary treatment at Sheikh Khalifa Hospital, and material damage also resulted in the vehicles. The site of the accident was inspected","The intersection of Corniche Street with Sheikh Rashid Street, the intersection of Abu Dhabi Chamber of Commerce & Industry",No,60,None,4
Abu Dhabi,Al Madina Police Station,2012,October,28-10-12,Abu Dhabi,Internal road,1.0012E+11,28,Fourth week,Traffic accident with injuries,Bypassing the red traffic light,1,IP52 IntersectionCorniche - Rashed Bin Saeed Al-Maktoum,IP52 IntersectionCorniche - Rashed Bin Saeed Al-Maktoum,Commercial area,Intersection,night - enough lights,clear,Dry,Perpendicular Intersection,Perpendicular collision,Jordan,N,Passenger,Back passenger seat,Minor,7,M,Male,7,1 to 7 years,Oct,Arab States,Sunday,22:00,PM,Below 18 years,1,Markaziya (Gharb),Block 11-2,123,"5131.                  After examining and inspecting the accident site, the following was noted: The vehicle causing the accident was coming from the north towards the south and wanted to go east, and the first and second damaged vehicle was coming from the south towards the north, and the first damaged vehicle was taking the left lane and the second damaged vehicle was taking the right lane and because of Bypassing the red traffic light by the driver causing the accident, the front side of the first damaged vehicle hit the front right side of the vehicle causing the accident and as a result of the collision, the first damaged vehicle deflected to collide with its front right side with the front of the second damaged vehicle. The accident resulted in the injury of the driver, who caused the accident, and his companions, and the accompanying persons in the first and second damaged vehicles who received the necessary treatment at Sheikh Khalifa Hospital, and material damage also resulted in the vehicles. The site of the accident was inspected","The intersection of Corniche Street with Sheikh Rashid Street, the intersection of Abu Dhabi Chamber of Commerce & Industry",No,60,None,4
Abu Dhabi,Al Madina Police Station,2012,October,28-10-12,Abu Dhabi,Internal road,1.0012E+11,28,Fourth week,Traffic accident with injuries,Bypassing the red traffic light,1,IP52 IntersectionCorniche - Rashed Bin Saeed Al-Maktoum,IP52 IntersectionCorniche - Rashed Bin Saeed Al-Maktoum,Commercial area,Intersection,night - enough lights,clear,Dry,Perpendicular Intersection,Perpendicular collision,India,N,Passenger,Back passenger seat,Minor,31,F,Female,31,31 to 45 years,Oct,Asian States,Sunday,22:00,PM,31 to 45 years,1,Markaziya (Gharb),Block 11-2,123,"5132.                  After examining and inspecting the accident site, the following was noted: The vehicle causing the accident was coming from the north towards the south and wanted to go east, and the first and second damaged vehicle was coming from the south towards the north, and the first damaged vehicle was taking the left lane and the second damaged vehicle was taking the right lane and because of Bypassing the red traffic light by the driver causing the accident, the front side of the first damaged vehicle hit the front right side of the vehicle causing the accident and as a result of the collision, the first damaged vehicle deflected to collide with its front right side with the front of the second damaged vehicle. The accident resulted in the injury of the driver, who caused the accident, and his companions, and the accompanying persons in the first and second damaged vehicles who received the necessary treatment at Sheikh Khalifa Hospital, and material damage also resulted in the vehicles. The site of the accident was inspected","The intersection of Corniche Street with Sheikh Rashid Street, the intersection of Abu Dhabi Chamber of Commerce & Industry",No,60,None,4
Abu Dhabi,Al Madina Police Station,2012,October,28-10-12,Abu Dhabi,Internal road,1.0012E+11,28,Fourth week,Traffic accident with injuries,Bypassing the red traffic light,1,IP52 IntersectionCorniche - Rashed Bin Saeed Al-Maktoum,IP52 IntersectionCorniche - Rashed Bin Saeed Al-Maktoum,Commercial area,Intersection,night - enough lights,clear,Dry,Perpendicular Intersection,Perpendicular collision,India,Y,Passenger,Back passenger seat,Minor,1,M,Male,1,1 to 7 years,Oct,Asian States,Sunday,22:00,PM,Below 18 years,1,Markaziya (Gharb),Block 11-2,123,"5133.                  After examining and inspecting the accident site, the following was noted: The vehicle causing the accident was coming from the north towards the south and wanted to go east, and the first and second damaged vehicle was coming from the south towards the north, and the first damaged vehicle was taking the left lane and the second damaged vehicle was taking the right lane and because of Bypassing the red traffic light by the driver causing the accident, the front side of the first damaged vehicle hit the front right side of the vehicle causing the accident and as a result of the collision, the first damaged vehicle deflected to collide with its front right side with the front of the second damaged vehicle. The accident resulted in the injury of the driver, who caused the accident, and his companions, and the accompanying persons in the first and second damaged vehicles who received the necessary treatment at Sheikh Khalifa Hospital, and material damage also resulted in the vehicles. The site of the accident was inspected","The intersection of Corniche Street with Sheikh Rashid Street, the intersection of Abu Dhabi Chamber of Commerce & Industry",Yes,60,None,4
Abu Dhabi,Khaldiya Police Station,2012,October,28-10-12,Abu Dhabi,Internal road,1.0012E+11,28,Fourth week,Traffic accident with injuries,Bypassing the red traffic light,1,IP33B IntersectionFalah - Arabian Gulf,IP33B IntersectionFalah - Arabian Gulf,School,Double road,night - enough lights,clear,Dry,Perpendicular Intersection,Perpendicular collision,Pakistan,Y,Driver,Driver's seat,Minor,42,M,Male,42,31 to 45 years,Oct,Asian States,Sunday,18:12,PM,31 to 45 years,1,Al Butain,Block 74-2,157,"5134.                  After examining and inspecting the accident site, the following was noted: The vehicle causing the accident was coming from the north towards the south and wanted to go east, and the first and second damaged vehicle was coming from the south towards the north, and the first damaged vehicle was taking the left lane and the second damaged vehicle was taking the right lane and because of Bypassing the red traffic light by the driver causing the accident, the front side of the first damaged vehicle hit the front right side of the vehicle causing the accident and as a result of the collision, the first damaged vehicle deflected to collide with its front right side with the front of the second damaged vehicle. The accident resulted in the injury of the driver, who caused the accident, and his companions, and the accompanying persons in the first and second damaged vehicles who received the necessary treatment at Sheikh Khalifa Hospital, and material damage also resulted in the vehicles. The site of the accident was inspected",The intersection of Arabian Gulf Street with Al Falah Street (the intersection of Al Mawaheb School),Yes,60,None,4
Abu Dhabi,Khaldiya Police Station,2012,October,28-10-12,Abu Dhabi,Internal road,1.0012E+11,28,Fourth week,Traffic accident with injuries,Bypassing the red traffic light,1,IP33B IntersectionFalah - Arabian Gulf,IP33B IntersectionFalah - Arabian Gulf,School,Double road,night - enough lights,clear,Dry,Perpendicular Intersection,Perpendicular collision,Jordan,Y,Passenger,Front passenger seat,Minor,52,M,Male,52,46 to 60 years,Oct,Arab States,Sunday,18:12,PM,46 to 60 years,1,Al Butain,Block 74-2,157,"5135.                  After examining and inspecting the accident site, the following was noted: The vehicle causing the accident was coming from the north towards the south and wanted to go east, and the first and second damaged vehicle was coming from the south towards the north, and the first damaged vehicle was taking the left lane and the second damaged vehicle was taking the right lane and because of Bypassing the red traffic light by the driver causing the accident, the front side of the first damaged vehicle hit the front right side of the vehicle causing the accident and as a result of the collision, the first damaged vehicle deflected to collide with its front right side with the front of the second damaged vehicle. The accident resulted in the injury of the driver, who caused the accident, and his companions, and the accompanying persons in the first and second damaged vehicles who received the necessary treatment at Sheikh Khalifa Hospital, and material damage also resulted in the vehicles. The site of the accident was inspected",The intersection of Arabian Gulf Street with Al Falah Street (the intersection of Al Mawaheb School),Yes,60,None,4
Abu Dhabi,Shaabiya Police Station,2012,October,29-10-12,Abu Dhabi,Internal road,1.0012E+11,29,Fifth week,Traffic accident with injuries,Not leaving enough space,1,Street Baniyas (Najda)(6),Street Baniyas (Najda)(6),Commercial area,Double road,day,clear,Dry,Not on Intersection,Rear collision,India,N,Driver,Driver's seat,Moderate,23,M,Male,23,18 to 30 years,Oct,Asian States,Monday,11:30,AM,18 to 30 years,1,Not Identified,Not Identified,17,"5136.                  After examining and inspecting the accident site, the following was noted: While the two vehicles were traveling from east to west, the damaged vehicle was driving in the front, and the motorcycle causing the accident was driving at the rear and while traveling and due to not leaving enough space by the driver causing the accident, the front of his bike collided at the rear of the damaged vehicle, and due to the force of the collision, Driver was thrown off the motorcycle and his head hit the back window of the damaged vehicle, and his bike drifted to the right, and the vehicle turned over. As a result of the accident, the driver was injured and material damage occurred to both vehicles. According to the plan, the accident occurred.",After the intersection of Al Masoud Cars Agency,No,60,None,4
Abu Dhabi,Khaldiya Police Station,2012,October,30-10-12,Abu Dhabi,Internal road,1.0012E+11,30,Fifth week,Traffic accident with injuries,Speedy without taking road conditions into account,1,Street Zayed Al Awal(7),Street Zayed Al Awal(7),Commercial area,Double road,day,clear,Dry,Not on Intersection,Person run over,Palestine,N,Pedestrian,No passenger,Moderate,67,M,Male,67,Above 60,Oct,Arab States,Tuesday,7:22,AM,Above 60,1,Khaldiya,Block 53-2,25,"5137.                  After examining and inspecting the accident site, the following was noted: While the vehicle causing the accident was coming from the north towards the south and taking the far left lane, and while the runover person was crossing the road, but not on the crossing lines from the west towards the east and because of the overspeed without taking into account the road conditions by the Driver of the vehicle causing the accident, the front right side of the vehicle collided with the body of the run over person, and the accident resulted in injury to the run over person and damages to the damaged vehicle, and according to the plan, the accident occurred.","Zayed Al Awal Street, opposite the Abu Dhabi Cooperative Society",No,60,"Cross, there's no crosswalk",3
Abu Dhabi,Khaldiya Police Station,2012,October,30-10-12,Abu Dhabi,Internal road,1.0012E+11,30,Fifth week,Traffic accident with injuries,Speedy without taking road conditions into account,1,Street Zayed Al Awal(7),Street Zayed Al Awal(7),Residential area,Single road,day,clear,Dry,Not on Intersection,Person run over,Palestine,N,Pedestrian,No passenger,Moderate,10,M,Male,10,8 to 17 years,Oct,Arab States,Tuesday,16:53,PM,Below 18 years,1,Not Identified,Not Identified,25,"5138.                  After examining and inspecting the accident site, the following was noted: While the causing vehicle was coming from the west towards the east and on a single road, and the run over person was standing on the sidewalk, and while the Driver was turning to the left, and due to overspeed without taking into account the road conditions, the front right side collided with the body of the run over person and the front right tire of the vehicle went over the sidewalk. The accident resulted in the injury of the driver and the driver causing the accident escaped, and according to the chart, the accident occurred","Side street near Geneva Laundry, Street 3, Plot 54, District 2",No,40,Stop,1
Abu Dhabi,Al Madina Police Station,2012,October,31-10-12,Abu Dhabi,Internal road,1.0012E+11,31,Fifth week,Traffic accident with injuries,Speedy without taking road conditions into account,1,Street Mina(3),Street Mina(3),Commercial area,Highway,night - enough lights,clear,Dry,Not on Intersection,Person run over,India,N,Pedestrian,No passenger,Moderate,38,M,Male,38,31 to 45 years,Oct,Asian States,Wednesday,0:20,PM,31 to 45 years,1,Not Identified,Not Identified,30,"5139.                  After examining and inspecting the accident site, the following was noted: While the causing vehicle was coming from the east towards the west, taking the middle lane, the driver was trying to cross the street from the south to the north on his feet in an abnormal condition (drunk) and from an unallocated place to pedestrians crossing despite the presence of a pedestrian crossing at a distance of approximately 200 meters and upon arrival in the middle of the road and the arrival of the causing vehicle quickly without taking into account the road conditions and the Driver's attempt to avoid the accident by pressing the brakes as the vehicle deviated from it and continued its course for a distance of 25 steps, which led to the occurrence of this accident, the accident resulted in the run over person’s injury and material damage to the vehicle. According to the chart, the accident occurred.","Old Mazda Street, in front of Al-Khwarizmi Institute",No,60,"Cross, but not on the crosswalk",5
Abu Dhabi,Khaldiya Police Station,2012,October,31-10-12,Abu Dhabi,Internal road,1.0012E+11,31,Fifth week,Traffic accident with injuries,Ignoring road lane,1,Street Zayed Al Awal(7),Street Zayed Al Awal(7),Residential area,Double road,day,clear,Dry,Not on Intersection,Rear collision,Iraq,Y,Driver,Driver's seat,Minor,34,F,Female,34,31 to 45 years,Oct,Arab States,Wednesday,15:18,PM,31 to 45 years,1,Al Butain,Block 94-2,25,"5140.                  After examining and inspecting the accident site, the following was noted: The two vehicles were coming from a south direction to the north, where the vehicle causing the accident was in the middle, and the damaged vehicle was in the right line, and due to non-compliance to the obligatory driving line by the driver of the vehicle causing the accident that changed its lane from the center line to the right line, and as the distance between the two vehicles approached, the right front side of the damaged vehicle collided with the rear side of the causing vehicle, which led to the turning over of the vehicle causing the accident on its left side and the two vehicles settled as shown in the drawing",After the intersection of Al Khaldiya Police Station (First Gulf Bank),Yes,60,None,3
Abu Dhabi,Shaabiya Police Station,2012,November,01-11-12,Abu Dhabi,Internal road,1.0012E+11,1,First week,Traffic accident with injuries,Speedy without taking road conditions into account,1,Street Salam (8),Street Salam (8),Bridge / Tunnel,Bridge /  Tunnel,day,clear,Dry,Not on Intersection,Side collision,UAE,Y,Driver,Driver's seat,Minor,39,M,Male,39,31 to 45 years,Nov,UAE,Thursday,7:50,AM,31 to 45 years,1,Sheikh Zayed Bridge,Not Identified,12,"5141.                  After examining and inspecting the accident site, the following was noted: The two vehicles were coming from an east-west direction in the left line, and the damaged vehicle was traveling in front and the vehicle causing the accident was traveling behind it, and during the course of the two vehicles, due to overspeed without taking road into account from Before the driver of the vehicle causing the accident, the driver of the vehicle causing the accident passed the damaged vehicle from the side of the road to the left and drifted to the right to collide with the right front side at the rear left side of the damaged vehicle, and due to the force of the collision, the causing vehicle drifted to the left and collided with the concrete barrier and continued its drifting to the far right of the road to collide with the right barrier of the road, and accordingly, the accident was planned as shown in the drawing.","Salam Street (Sharqi Ring), inward, above Sheikh Zayed Bridge",Yes,60,None,4
Abu Dhabi,Shaabiya Police Station,2012,November,01-11-12,Abu Dhabi,Internal road,1.0012E+11,1,First week,Traffic accident with injuries,Bypassing the red traffic light,1,Al Sharqi Street (Muroor) (4),Al Sharqi Street (Muroor) (4),Residential area,Intersection,night - enough lights,clear,????,Perpendicular Intersection,Perpendicular collision,Egypt,N,Driver,Driver's seat,Moderate,33,M,Male,33,31 to 45 years,Nov,Arab States,Thursday,22:05,PM,31 to 45 years,1,Hadbat Al Zafaran,Block 20-1,13,"5142.                  After examining and inspecting the accident site, the following was noted: While the Driver was the vehicle causing the accident coming from the south, taking the far left and turning left, and while the Driver of the damaged vehicle was coming from the east towards the west and taking the far left lane and due to bypassing the red traffic light by the Driver of the vehicle causing the accident, the front side of the damaged vehicle collided with the front right side of the causing vehicle, which resulted in material damage to the vehicles and injury to the driver of the damaged vehicle. The accident was planned and necessary action was taken.","Al Muroor Street, Pakistani School Intersection",No,60,None,4
Abu Dhabi,Khaldiya Police Station,2012,November,01-11-12,Abu Dhabi,Internal road,1.0012E+11,1,First week,Traffic accident with injuries,Bypassing the red traffic light,1,IP20 IntersectionHamdan Bin Mohamed - Rashed Bin Saeed Al-Maktoum,IP20 IntersectionHamdan Bin Mohamed - Rashed Bin Saeed Al-Maktoum,Commercial area,Intersection,night - enough lights,clear,Dry,Multiple leg Intersection,Perpendicular collision,India,Y,Passenger,Back passenger seat,Minor,26,F,Female,26,18 to 30 years,Nov,Asian States,Thursday,23:50,PM,18 to 30 years,1,Markaziya (Gharb),Block 12-2,107,"5143.                  After examining and inspecting the accident site, the following was noted: While the vehicle causing the accident was coming from the west towards the east and taking the left lane, and the damaged vehicle was coming from the north towards the south and taking the left lane, and due to bypassing the red-light signal by the driver that caused the accident, the front side of the vehicle causing the accident hit the front right side of the damaged vehicle. The accident resulted in bodily injuries and material damage to both vehicles. According to the chart, the accident occurred",Ahmed bin Hamed intersection,Yes,60,None,3