Emirate,Police Station,Year,Month,Date,City,Road,Report Number,Day,Week,Report type,Reasons,Computed,Streets,Street,Place,Location,lighting,Weather,Road surface,Intersection,Accident Type,Nationalities,Seat Belt,Injured person position,Injured person's seat,Degree of the injury,Age of the injured,Gender,Gender of the injured,Inp Age,Age Group,Date - Month,Nationality of the Injured person,Day,Iac Rep Time,Time,Age Group - Ministry,Computed2,Area,Block,Str Code,Accident Description,Location,Fasten seat belt,Road speed limit,Pedestrian action,Number of Lanes
Abu Dhabi,Khaldiya Police Station,2012,November,09-11-12,Abu Dhabi,Internal road,1.0012E+11,9,Second week,Traffic accident with injuries,Not leaving enough space,1,Street Karama(24),Street Karama(24),Residential area,Double road,night - enough lights,clear,Dry,Not on Intersection,Rear collision,USA,N,Driver,Driver's seat,Minor,43,M,Male,43,31 to 45 years,Nov,Other,Friday,18:30,PM,31 to 45 years,1,Rawdah,Block 35-2,15,"5171.                  After examining and inspecting the accident site, the following was noted: While the vehicle causing the accident was coming inside towards the outside and the damaged vehicle in front of it and because of not leaving enough space and driving quickly above the speed limit, the front left side of the causing vehicle collided with the rear right of the damaged vehicle, which led to its drift and collision with the pavement in the middle of the road strip, and the rear right side collided with the lamp post, while the vehicle causing the vehicle collided with the pavement in the center of the road strip also and then hit its rear right door with another lamp post, and the two vehicles settled in the center of the road strip, according to the planning, the accident occurred.","Karama Street, outward, opposite Al Yasat Complex",No,60,None,3
Abu Dhabi,Khaldiya Police Station,2012,November,09-11-12,Abu Dhabi,Internal road,1.0012E+11,9,Second week,Traffic accident with injuries,Not leaving enough space,1,Street Karama(24),Street Karama(24),Residential area,Double road,night - enough lights,clear,Dry,Not on Intersection,Rear collision,Palestine,N,Passenger,Back passenger seat,Minor,2,F,Female,2,1 to 7 years,Nov,Arab States,Friday,18:30,PM,Below 18 years,1,Rawdah,Block 35-2,15,"5172.                  After examining and inspecting the accident site, the following was noted: While the vehicle causing the accident was coming inside towards the outside and the damaged vehicle in front of it and because of not leaving enough space and driving quickly above the speed limit, the front left side of the causing vehicle collided with the rear right of the damaged vehicle, which led to its drift and collision with the pavement in the middle of the road strip, and the rear right side collided with the lamp post, while the vehicle causing the vehicle collided with the pavement in the center of the road strip also and then hit its rear right door with another lamp post, and the two vehicles settled in the center of the road strip, according to the planning, the accident occurred.","Karama Street, outward, opposite Al Yasat Complex",No,60,None,3
Abu Dhabi,Khaldiya Police Station,2012,November,09-11-12,Abu Dhabi,Internal road,1.0012E+11,9,Second week,Traffic accident with injuries,Not leaving enough space,1,Street Karama(24),Street Karama(24),Residential area,Double road,night - enough lights,clear,Dry,Not on Intersection,Rear collision,Palestine,N,Passenger,Back passenger seat,Minor,10,F,Female,10,8 to 17 years,Nov,Arab States,Friday,18:30,PM,Below 18 years,1,Rawdah,Block 35-2,15,"5173.                  After examining and inspecting the accident site, the following was noted: While the vehicle causing the accident was coming inside towards the outside and the damaged vehicle in front of it and because of not leaving enough space and driving quickly above the speed limit, the front left side of the causing vehicle collided with the rear right of the damaged vehicle, which led to its drift and collision with the pavement in the middle of the road strip, and the rear right side collided with the lamp post, while the vehicle causing the vehicle collided with the pavement in the center of the road strip also and then hit its rear right door with another lamp post, and the two vehicles settled in the center of the road strip, according to the planning, the accident occurred.","Karama Street, outward, opposite Al Yasat Complex",No,60,None,3
Abu Dhabi,Shaabiya Police Station,2012,November,10-11-12,Abu Dhabi,Internal road,1.0012E+11,10,Second week,Traffic accident with injuries,Not giving priority to pedestrian crossing,1,Al Saada Street,Al Saada Street,Commercial area,Single road,night - enough lights,clear,Dry,Not on or around 20 meters,Person run over,Egypt,N,Pedestrian,No passenger,Moderate,22,F,Female,22,18 to 30 years,Nov,Arab States,Saturday,8:18,AM,18 to 30 years,1,Hadbat Al Zafaran,Block 40-1,20,"5174.                  After examining and inspecting the accident site, the following was noted: While the vehicle causing the accident was coming inside towards the outside and the damaged vehicle in front of it and because of not leaving enough space and driving quickly above the speed limit, the front left side of the causing vehicle collided with the rear right of the damaged vehicle, which led to its drift and collision with the pavement in the middle of the road strip, and the rear right side collided with the lamp post, while the vehicle causing the vehicle collided with the pavement in the center of the road strip also and then hit its rear right door with another lamp post, and the two vehicles settled in the center of the road strip, according to the planning, the accident occurred.","Al Saada Street, behind Khalifa University, opposite Abu Dhabi Police General Headquarters",No,40,"Cross, but not on the crosswalk",1
Abu Dhabi,Shaabiya Police Station,2012,November,10-11-12,Abu Dhabi,Internal road,1.0012E+11,10,Second week,Traffic accident with injuries,Misuse of traffic,1,Al Sharqi Street (Muroor) (4),Al Sharqi Street (Muroor) (4),Commercial area,Double road,day,clear,Dry,Not on or around 20 meters,Person run over,Pakistan,N,Pedestrian,No passenger,Moderate,34,M,Male,34,31 to 45 years,Nov,Asian States,Saturday,9:00,AM,31 to 45 years,1,Al Nahyan Camp Bridge,Not Identified,13,"5175.                  After examining and inspecting the accident site, the following was noted: While the vehicle causing the accident was coming inside towards the outside and the damaged vehicle in front of it and because of not leaving enough space and driving quickly above the speed limit, the front left side of the causing vehicle collided with the rear right of the damaged vehicle, which led to its drift and collision with the pavement in the middle of the road strip, and the rear right side collided with the lamp post, while the vehicle causing the vehicle collided with the pavement in the center of the road strip also and then hit its rear right door with another lamp post, and the two vehicles settled in the center of the road strip, according to the planning, the accident occurred.","Before the intersection of the transport station, inward",No,60,"Cross, but not on the crosswalk",4
Abu Dhabi,Al Madina Police Station,2012,November,11-11-12,Abu Dhabi,Internal road,1.0012E+11,11,Second week,Traffic accident with injuries,Misuse of traffic,1,Street Salam (8),Street Salam (8),Commercial area,Single road,day,clear,Dry,Not on Intersection,Person run over,Pakistan,N,Pedestrian,No passenger,Minor,34,M,Male,34,31 to 45 years,Nov,Asian States,Sunday,7:30,AM,31 to 45 years,1,Mina,Block 71-1,12,"5176.                  After examining and inspecting the accident site, the following was noted: While the vehicle causing the accident was coming inside towards the outside and the damaged vehicle in front of it and because of not leaving enough space and driving quickly above the speed limit, the front left side of the causing vehicle collided with the rear right of the damaged vehicle, which led to its drift and collision with the pavement in the middle of the road strip, and the rear right side collided with the lamp post, while the vehicle causing the vehicle collided with the pavement in the center of the road strip also and then hit its rear right door with another lamp post, and the two vehicles settled in the center of the road strip, according to the planning, the accident occurred.","Street off Al Salam Street, near Hadaya Island store",No,40,"Cross, there's no crosswalk",1
Abu Dhabi,Khaldiya Police Station,2012,November,14-11-12,Abu Dhabi,Internal road,1.0012E+11,14,Second week,Traffic accident with injuries,Bypassing the red traffic light,1,IP57Q IntersectionHazaa Bin Zayed - Arabian Gulf,IP57Q IntersectionHazaa Bin Zayed - Arabian Gulf,Govt. authority,Intersection,day,clear,Dry,Perpendicular Intersection,Perpendicular collision,Yemen,Y,Driver,Driver's seat,Minor,41,M,Male,41,31 to 45 years,Nov,GCC,Wednesday,11:35,AM,31 to 45 years,1,Al Butain,Block 75-2,167,"5177.                  After examining and inspecting the accident site, the following was noted: While the vehicle causing the accident was coming from the west, turning towards the north, and the damaged vehicle was coming from the east towards the west, and due to bypassing the red traffic light by the vehicle causing the accident (the arrow signal) it hit the front side of the causing vehicle with the right side of the damaged vehicle and as planned, the accident occurred","Arabian Gulf Street, Manaseer intersection",Yes,80,None,4
Abu Dhabi,Khaldiya Police Station,2012,November,14-11-12,Abu Dhabi,Internal road,1.0012E+11,14,Second week,Traffic accident with injuries,Bypassing the red traffic light,1,IP57Q IntersectionHazaa Bin Zayed - Arabian Gulf,IP57Q IntersectionHazaa Bin Zayed - Arabian Gulf,Govt. authority,Intersection,day,clear,Dry,Perpendicular Intersection,Perpendicular collision,Pakistan,Y,Driver,Driver's seat,Minor,52,M,Male,52,46 to 60 years,Nov,Asian States,Wednesday,11:35,AM,46 to 60 years,1,Al Butain,Block 75-2,167,"5178.                  After examining and inspecting the accident site, the following was noted: While the vehicle causing the accident was coming from the west, turning towards the north, and the damaged vehicle was coming from the east towards the west, and due to bypassing the red traffic light by the vehicle causing the accident (the arrow signal) it hit the front side of the causing vehicle with the right side of the damaged vehicle and as planned, the accident occurred","Arabian Gulf Street, Manaseer intersection",Yes,80,None,4
Abu Dhabi,Shaabiya Police Station,2012,November,14-11-12,Abu Dhabi,Internal road,1.0012E+11,14,Second week,Traffic accident with injuries,Speedy without taking road conditions into account,1,IP43IntersectionRashed Bin Saeed Al Maktoum-Hazaa Bin Zayed Al Awal,IP43IntersectionRashed Bin Saeed Al Maktoum-Hazaa Bin Zayed Al Awal,Commercial area,Double road,day,clear,Dry,Not on Intersection,Person run over,Syria,N,Pedestrian,No passenger,Moderate,32,M,Male,32,31 to 45 years,Nov,Arab States,Wednesday,17:15,PM,31 to 45 years,1,Dhafra (Abu Dhabi),Block 15-2,163,"5179.                  After examining and inspecting the accident site, the following was noted: While the vehicle causing the accident was coming from the west, turning towards the north, and the damaged vehicle was coming from the east towards the west, and due to bypassing the red traffic light by the vehicle causing the accident (the arrow signal) it hit the front side of the causing vehicle with the right side of the damaged vehicle and as planned, the accident occurred",Al Wahda Mall intersection,No,60,"Cross, but not on the crosswalk",4
Abu Dhabi,Khaldiya Police Station,2012,November,14-11-12,Abu Dhabi,Internal road,1.0012E+11,14,Second week,Traffic accident with injuries,Bypassing the red traffic light,1,Rashed bin Saeed Al-Maktoum intersection - Street 29 IP76,Rashed bin Saeed Al-Maktoum intersection - Street 29 IP76,Govt. authority,Intersection,night - enough lights,clear,Dry,Perpendicular Intersection,Perpendicular collision,UAE,N,Passenger,Back passenger seat,Minor,3,F,Female,3,1 to 7 years,Nov,UAE,Wednesday,18:47,PM,Below 18 years,1,Mushrif,Block 24-2,188,"5180.                  After examining and inspecting the accident site, the following was noted: While the vehicle causing the accident was coming from the east towards the west and taking the far-left lane, and the damaged vehicle was coming from the west towards the east and taking the middle lane, and because of bypassing the red traffic light by the vehicle causing the accident while entering to cross and turn left, the front side of the damaged vehicle hit the right side of the vehicle causing the accident. The accident resulted in the injury of two children, along with the driver who caused the accident. Material damage to the two vehicles also resulted, and according to the plan, the accident occurred","Airport Street, Pepsi Intersection",No,80,None,4
Abu Dhabi,Khaldiya Police Station,2012,November,14-11-12,Abu Dhabi,Internal road,1.0012E+11,14,Second week,Traffic accident with injuries,Bypassing the red traffic light,1,Rashed bin Saeed Al-Maktoum intersection - Street 29 IP76,Rashed bin Saeed Al-Maktoum intersection - Street 29 IP76,Govt. authority,Intersection,night - enough lights,clear,Dry,Perpendicular Intersection,Perpendicular collision,UAE,N,Passenger,Back passenger seat,Minor,0,M,Male,0, Undefined,Nov,UAE,Wednesday,18:47,PM,Undefined,1,Mushrif,Block 24-2,188,"5181.                  After examining and inspecting the accident site, the following was noted: While the vehicle causing the accident was coming from the east towards the west and taking the far-left lane, and the damaged vehicle was coming from the west towards the east and taking the middle lane, and because of bypassing the red traffic light by the vehicle causing the accident while entering to cross and turn left, the front side of the damaged vehicle hit the right side of the vehicle causing the accident. The accident resulted in the injury of two children, along with the driver who caused the accident. Material damage to the two vehicles also resulted, and according to the plan, the accident occurred","Airport Street, Pepsi Intersection",No,80,None,4
Abu Dhabi,Khaldiya Police Station,2012,November,15-11-12,Abu Dhabi,Internal road,1.0012E+11,15,Third week,Traffic accident with injuries,Bypassing the red traffic light,1,IP2 IntersectionZayed Al Awal - Khalid bin Al Waleed,IP2 IntersectionZayed Al Awal - Khalid bin Al Waleed,Commercial area,Intersection,day,clear,Dry,Half Perpendicular Intersection,Perpendicular collision,Philippines,N,Passenger,Back passenger seat,Minor,66,F,Female,66,Above 60,Nov,Asian States,Thursday,8:30,AM,Above 60,1,Al Hosn,Block 33-2,90,"5182.                  After examining and inspecting the accident site, the following was noted: While the vehicle causing the accident was coming from the south and turning from left to west in the lane, and the damaged vehicle was coming from the north towards the south and was taking the middle lane. And due to bypassing the red traffic light by the vehicle causing the accident, the front side of the vehicle causing the accident hit the rear left side of the damaged vehicle and according to chart, the accident occurred.","Zayed Al Awal Street with Khalid bin Walid Street, the intersection of the major stores",No,60,None,3
Abu Dhabi,Khaldiya Police Station,2012,November,15-11-12,Abu Dhabi,Internal road,1.0012E+11,15,Third week,Traffic accident with injuries,Bypassing the red traffic light,1,IP2 IntersectionZayed Al Awal - Khalid bin Al Waleed,IP2 IntersectionZayed Al Awal - Khalid bin Al Waleed,Commercial area,Intersection,day,clear,Dry,Half Perpendicular Intersection,Perpendicular collision,Philippines,N,Passenger,Back passenger seat,Minor,1,F,Female,1,1 to 7 years,Nov,Asian States,Thursday,8:30,AM,Below 18 years,1,Al Hosn,Block 33-2,90,"5183.                  After examining and inspecting the accident site, the following was noted: While the vehicle causing the accident was coming from the south and turning from left to west in the lane, and the damaged vehicle was coming from the north towards the south and was taking the middle lane. And due to bypassing the red traffic light by the vehicle causing the accident, the front side of the vehicle causing the accident hit the rear left side of the damaged vehicle and according to chart, the accident occurred.","Zayed Al Awal Street with Khalid bin Walid Street, the intersection of the major stores",No,60,None,3
Abu Dhabi,Khaldiya Police Station,2012,November,15-11-12,Abu Dhabi,Internal road,1.0012E+11,15,Third week,Traffic accident with injuries,Bypassing the red traffic light,1,IP2 IntersectionZayed Al Awal - Khalid bin Al Waleed,IP2 IntersectionZayed Al Awal - Khalid bin Al Waleed,Commercial area,Intersection,day,clear,Dry,Half Perpendicular Intersection,Perpendicular collision,Philippines,N,Passenger,Back passenger seat,Minor,7,F,Female,7,1 to 7 years,Nov,Asian States,Thursday,8:30,AM,Below 18 years,1,Al Hosn,Block 33-2,90,"5184.                  After examining and inspecting the accident site, the following was noted: While the vehicle causing the accident was coming from the south and turning from left to west in the lane, and the damaged vehicle was coming from the north towards the south and was taking the middle lane. And due to bypassing the red traffic light by the vehicle causing the accident, the front side of the vehicle causing the accident hit the rear left side of the damaged vehicle and according to chart, the accident occurred.","Zayed Al Awal Street with Khalid bin Walid Street, the intersection of the major stores",No,60,None,3
Abu Dhabi,Khaldiya Police Station,2012,November,15-11-12,Abu Dhabi,Internal road,1.0012E+11,15,Third week,Traffic accident with injuries,Bypassing the red traffic light,1,IP2 IntersectionZayed Al Awal - Khalid bin Al Waleed,IP2 IntersectionZayed Al Awal - Khalid bin Al Waleed,Commercial area,Intersection,day,clear,Dry,Half Perpendicular Intersection,Perpendicular collision,Philippines,N,Passenger,Back passenger seat,Minor,3,F,Female,3,1 to 7 years,Nov,Asian States,Thursday,8:30,AM,Below 18 years,1,Al Hosn,Block 33-2,90,"5185.                  After examining and inspecting the accident site, the following was noted: While the vehicle causing the accident was coming from the south and turning from left to west in the lane, and the damaged vehicle was coming from the north towards the south and was taking the middle lane. And due to bypassing the red traffic light by the vehicle causing the accident, the front side of the vehicle causing the accident hit the rear left side of the damaged vehicle and according to chart, the accident occurred.","Zayed Al Awal Street with Khalid bin Walid Street, the intersection of the major stores",No,60,None,3
Abu Dhabi,Khaldiya Police Station,2012,November,15-11-12,Abu Dhabi,Internal road,1.0012E+11,15,Third week,Traffic accident with injuries,Bypassing the red traffic light,1,IP2 IntersectionZayed Al Awal - Khalid bin Al Waleed,IP2 IntersectionZayed Al Awal - Khalid bin Al Waleed,Commercial area,Intersection,day,clear,Dry,Half Perpendicular Intersection,Perpendicular collision,Philippines,N,Passenger,Back passenger seat,Minor,30,F,Female,30,18 to 30 years,Nov,Asian States,Thursday,8:30,AM,18 to 30 years,1,Al Hosn,Block 33-2,90,"5186.                  After examining and inspecting the accident site, the following was noted: While the vehicle causing the accident was coming from the south and turning from left to west in the lane, and the damaged vehicle was coming from the north towards the south and was taking the middle lane. And due to bypassing the red traffic light by the vehicle causing the accident, the front side of the vehicle causing the accident hit the rear left side of the damaged vehicle and according to chart, the accident occurred.","Zayed Al Awal Street with Khalid bin Walid Street, the intersection of the major stores",No,60,None,3
Abu Dhabi,Khaldiya Police Station,2012,November,16-11-12,Abu Dhabi,Internal road,1.0012E+11,16,Third week,Traffic accident with injuries,Bypassing the red traffic light,1,IP134 IntersectionAl Saada - Street 32,IP134 IntersectionAl Saada - Street 32,Residential area,Intersection,day,clear,Dry,Perpendicular Intersection,Perpendicular collision,UAE,Y,Driver,Driver's seat,Minor,24,F,Female,24,18 to 30 years,Nov,UAE,Friday,17:40,PM,18 to 30 years,1,Mushrif,Block 79-2,135,"5187.                  After examining and inspecting the accident site, the following was noted: While the vehicle causing the accident was coming from the west, turning towards the north, and the damaged vehicle was coming from the east towards the west, and due to bypassing the red traffic light by the vehicle causing the accident (the arrow signal) it hit the front side of the causing vehicle with the right side of the damaged vehicle and as planned, the accident occurred","Zayed Al Awal Street with Khalid bin Walid Street, the intersection of the major stores",Yes,60,None,4
Abu Dhabi,Shaabiya Police Station,2012,November,18-11-12,Abu Dhabi,Internal road,1.0012E+11,18,Third week,Traffic accident with injuries,Negligence and inobservance,1,Rashed Bin Saeed Al-Maktoum Street (2),Rashed Bin Saeed Al-Maktoum Street (2),Commercial area,Car parking,day,clear,Dry,Not on Intersection,Person run over,India,N,Pedestrian,No passenger,Moderate,51,M,Male,51,46 to 60 years,Nov,Asian States,Sunday,16:30,PM,46 to 60 years,1,Al Wahda,Block 16-1,14,"5188.                  After examining and inspecting the accident site, the following was noted: While the vehicle causing the accident was coming from the west, turning towards the north, and the damaged vehicle was coming from the east towards the west, and due to bypassing the red traffic light by the vehicle causing the accident (the arrow signal) it hit the front side of the causing vehicle with the right side of the damaged vehicle and as planned, the accident occurred","After the intersection of Mushrif, inward",No,60,Cross without attention,4
Abu Dhabi,Khaldiya Police Station,2012,November,20-11-12,Abu Dhabi,Internal road,1.0012E+11,20,Third week,Traffic accident with injuries,Misuse of traffic,1,Rashed Bin Saeed Al-Maktoum Street (2),Rashed Bin Saeed Al-Maktoum Street (2),Commercial area,Intersection,day,clear,Dry,Perpendicular Intersection,Person run over,Tanzania,N,Pedestrian,No passenger,Minor,9,M,Male,9,8 to 17 years,Nov,Other,Tuesday,16:30,PM,Below 18 years,1,Mushrif,Block 18-1,14,"5189.                  After examining and inspecting the accident site, the following was noted: While the vehicle causing the accident was coming from the west, turning towards the north, and the damaged vehicle was coming from the east towards the west, and due to bypassing the red traffic light by the vehicle causing the accident (the arrow signal) it hit the front side of the causing vehicle with the right side of the damaged vehicle and as planned, the accident occurred",Mushrif intersection,No,80,Cross on the crosswalk of the intersection,3
Abu Dhabi,Al Madina Police Station,2012,November,20-11-12,Abu Dhabi,Internal road,1.0012E+11,20,Third week,Traffic accident with injuries,Speedy without taking road conditions into account,1,IP56 IntersectionCorniche - Khalifa Bin Zayed,IP56 IntersectionCorniche - Khalifa Bin Zayed,Commercial area,Car parking,day,clear,Dry,Not on Intersection,Reciprocal collision,Egypt,Y,Driver,Driver's seat,Minor,17,M,Male,17,8 to 17 years,Nov,Arab States,Tuesday,2:05,PM,Below 18 years,1,Markaziya,Block 51-1,121,"5190.                  After examining and inspecting the accident site, the following was noted: While the vehicle causing the accident was coming from the west, turning towards the north, and the damaged vehicle was coming from the east towards the west, and due to bypassing the red traffic light by the vehicle causing the accident (the arrow signal) it hit the front side of the causing vehicle with the right side of the damaged vehicle and as planned, the accident occurred","Al Salam Street, opposite the Sheraton Hotel",Yes,60,None,1
Abu Dhabi,Khaldiya Police Station,2012,November,20-11-12,Abu Dhabi,Internal road,1.0012E+11,20,Third week,Traffic accident with injuries,Speedy without taking road conditions into account,1,Street Sultan Bin Zayed Al Awal (32),Street Sultan Bin Zayed Al Awal (32),Residential area,Double road,night - enough lights,clear,Dry,Not on or around 20 meters,Hitting a stationary object on the road,UAE,Y,Passenger,Front passenger seat,Minor,22,M,Male,22,18 to 30 years,Nov,UAE,Tuesday,20:48,PM,18 to 30 years,1,Al Butain,Block 94-2,41,"5191.                  After examining and inspecting the accident site, the following was noted: The vehicle causing the accident was coming from an east-west direction with the right line, and while the vehicle was in motion, the Driver lost control in the vehicle and due to overspeed without taking road conditions into account by the driver causing the accident, the vehicle collided with the sidewalk, it exited the street and crashed with a tree, and the vehicle settled down as shown in the chart",Close to the former Qatar embassy intersection,Yes,60,None,3
Abu Dhabi,Khaldiya Police Station,2012,November,20-11-12,Abu Dhabi,Internal road,1.0012E+11,20,Third week,Traffic accident with injuries,Speedy without taking road conditions into account,1,Street Sultan Bin Zayed Al Awal (32),Street Sultan Bin Zayed Al Awal (32),Residential area,Double road,night - enough lights,clear,Dry,Not on or around 20 meters,Hitting a stationary object on the road,UAE,N,Driver,Driver's seat,Minor,22,M,Male,22,18 to 30 years,Nov,UAE,Tuesday,20:48,PM,18 to 30 years,1,Al Butain,Block 94-2,41,"5192.                  After examining and inspecting the accident site, the following was noted: The vehicle causing the accident was coming from an east-west direction with the right line, and while the vehicle was in motion, the Driver lost control in the vehicle and due to overspeed without taking road conditions into account by the driver causing the accident, the vehicle collided with the sidewalk, it exited the street and crashed with a tree, and the vehicle settled down as shown in the chart",Close to the former Qatar embassy intersection,No,60,None,3
Abu Dhabi,Khaldiya Police Station,2012,November,21-11-12,Abu Dhabi,Internal road,1.0012E+11,21,Third week,Traffic accident with injuries,Bypassing the red traffic light,1,Rashed bin Saeed Al-Maktoum intersection - Street 29 IP76,Rashed bin Saeed Al-Maktoum intersection - Street 29 IP76,Residential area,Intersection,day,clear,Dry,Perpendicular Intersection,Perpendicular collision,Philippines,N,Passenger,Back passenger seat,Minor,28,F,Female,28,18 to 30 years,Nov,Asian States,Wednesday,5:30,PM,18 to 30 years,1,Mushrif,Block 24-2,188,"5193.                  After examining and inspecting the accident site, the following was noted: The vehicle causing the accident was coming from the east to the left and turning left towards the south, and the damaged vehicles were coming from the west to the east, and as the vehicles arrived at the intersection and because of bypassing the red traffic light by the Driver of the vehicle causing the accident, the front side of the causing vehicle hit the front of the first damaged vehicle, and then the front side of the second damaged vehicle hit the rear side of the first damaged vehicle, and the causing vehicle rotated to hit the front side of the second damaged vehicle on the right side of the causing vehicle and the vehicles settled accordingly",Pepsi cola intersection,No,80,None,4
Abu Dhabi,Khaldiya Police Station,2012,November,21-11-12,Abu Dhabi,Internal road,1.0012E+11,21,Third week,Traffic accident with injuries,Bypassing the red traffic light,1,Rashed bin Saeed Al-Maktoum intersection - Street 29 IP76,Rashed bin Saeed Al-Maktoum intersection - Street 29 IP76,Residential area,Intersection,day,clear,Dry,Perpendicular Intersection,Perpendicular collision,Philippines,N,Passenger,Back passenger seat,Minor,37,F,Female,37,31 to 45 years,Nov,Asian States,Wednesday,5:30,PM,31 to 45 years,1,Mushrif,Block 24-2,188,"5194.                  After examining and inspecting the accident site, the following was noted: The vehicle causing the accident was coming from the east to the left and turning left towards the south, and the damaged vehicles were coming from the west to the east, and as the vehicles arrived at the intersection and because of bypassing the red traffic light by the Driver of the vehicle causing the accident, the front side of the causing vehicle hit the front of the first damaged vehicle, and then the front side of the second damaged vehicle hit the rear side of the first damaged vehicle, and the causing vehicle rotated to hit the front side of the second damaged vehicle on the right side of the causing vehicle and the vehicles settled accordingly",Pepsi cola intersection,No,80,None,4
Abu Dhabi,Khaldiya Police Station,2012,November,21-11-12,Abu Dhabi,Internal road,1.0012E+11,21,Third week,Traffic accident with injuries,Bypassing the red traffic light,1,Rashed bin Saeed Al-Maktoum intersection - Street 29 IP76,Rashed bin Saeed Al-Maktoum intersection - Street 29 IP76,Residential area,Intersection,day,clear,Dry,Perpendicular Intersection,Perpendicular collision,Nepal,N,Passenger,Back passenger seat,Minor,24,F,Female,24,18 to 30 years,Nov,Other,Wednesday,5:30,PM,18 to 30 years,1,Mushrif,Block 24-2,188,"5195.                  After examining and inspecting the accident site, the following was noted: The vehicle causing the accident was coming from the east to the left and turning left towards the south, and the damaged vehicles were coming from the west to the east, and as the vehicles arrived at the intersection and because of bypassing the red traffic light by the Driver of the vehicle causing the accident, the front side of the causing vehicle hit the front of the first damaged vehicle, and then the front side of the second damaged vehicle hit the rear side of the first damaged vehicle, and the causing vehicle rotated to hit the front side of the second damaged vehicle on the right side of the causing vehicle and the vehicles settled accordingly",Pepsi cola intersection,No,80,None,4
Abu Dhabi,Khaldiya Police Station,2012,November,21-11-12,Abu Dhabi,Internal road,1.0012E+11,21,Third week,Traffic accident with injuries,Bypassing the red traffic light,1,Rashed bin Saeed Al-Maktoum intersection - Street 29 IP76,Rashed bin Saeed Al-Maktoum intersection - Street 29 IP76,Residential area,Intersection,day,clear,Dry,Perpendicular Intersection,Perpendicular collision,Ethiopia,N,Passenger,Back passenger seat,Minor,25,M,Male,25,18 to 30 years,Nov,Other,Wednesday,5:30,PM,18 to 30 years,1,Mushrif,Block 24-2,188,"5196.                  After examining and inspecting the accident site, the following was noted: The vehicle causing the accident was coming from the east to the left and turning left towards the south, and the damaged vehicles were coming from the west to the east, and as the vehicles arrived at the intersection and because of bypassing the red traffic light by the Driver of the vehicle causing the accident, the front side of the causing vehicle hit the front of the first damaged vehicle, and then the front side of the second damaged vehicle hit the rear side of the first damaged vehicle, and the causing vehicle rotated to hit the front side of the second damaged vehicle on the right side of the causing vehicle and the vehicles settled accordingly",Pepsi cola intersection,No,80,None,4
Abu Dhabi,Khaldiya Police Station,2012,November,21-11-12,Abu Dhabi,Internal road,1.0012E+11,21,Third week,Traffic accident with injuries,Bypassing the red traffic light,1,Rashed bin Saeed Al-Maktoum intersection - Street 29 IP76,Rashed bin Saeed Al-Maktoum intersection - Street 29 IP76,Residential area,Intersection,day,clear,Dry,Perpendicular Intersection,Perpendicular collision,Nepal,N,Passenger,Back passenger seat,Minor,32,M,Male,32,31 to 45 years,Nov,Other,Wednesday,5:30,PM,31 to 45 years,1,Mushrif,Block 24-2,188,"5197.                  After examining and inspecting the accident site, the following was noted: The vehicle causing the accident was coming from the east to the left and turning left towards the south, and the damaged vehicles were coming from the west to the east, and as the vehicles arrived at the intersection and because of bypassing the red traffic light by the Driver of the vehicle causing the accident, the front side of the causing vehicle hit the front of the first damaged vehicle, and then the front side of the second damaged vehicle hit the rear side of the first damaged vehicle, and the causing vehicle rotated to hit the front side of the second damaged vehicle on the right side of the causing vehicle and the vehicles settled accordingly",Pepsi cola intersection,No,80,None,4
Abu Dhabi,Khaldiya Police Station,2012,November,21-11-12,Abu Dhabi,Internal road,1.0012E+11,21,Third week,Traffic accident with injuries,Bypassing the red traffic light,1,Rashed bin Saeed Al-Maktoum intersection - Street 29 IP76,Rashed bin Saeed Al-Maktoum intersection - Street 29 IP76,Residential area,Intersection,day,clear,Dry,Perpendicular Intersection,Perpendicular collision,Philippines,N,Passenger,Back passenger seat,Minor,30,F,Female,30,18 to 30 years,Nov,Asian States,Wednesday,5:30,PM,18 to 30 years,1,Mushrif,Block 24-2,188,"5198.                  After examining and inspecting the accident site, the following was noted: The vehicle causing the accident was coming from the east to the left and turning left towards the south, and the damaged vehicles were coming from the west to the east, and as the vehicles arrived at the intersection and because of bypassing the red traffic light by the Driver of the vehicle causing the accident, the front side of the causing vehicle hit the front of the first damaged vehicle, and then the front side of the second damaged vehicle hit the rear side of the first damaged vehicle, and the causing vehicle rotated to hit the front side of the second damaged vehicle on the right side of the causing vehicle and the vehicles settled accordingly",Pepsi cola intersection,No,80,Cross on the crosswalk of the intersection,4