Emirate,Police Station,Year,Month,Date,City,Road,Report Number,Day,Week,Report type,Reasons,Computed,Streets,Street,Place,Location,lighting,Weather,Road surface,Intersection,Accident Type,Nationalities,Seat Belt,Injured person position,Injured person's seat,Degree of the injury,Age of the injured,Gender,Gender of the injured,Inp Age,Age Group,Date - Month,Nationality of the Injured person,Day,Iac Rep Time,Time,Age Group - Ministry,Computed2,Area,Block,Str Code,Accident Description,Location,Fasten seat belt,Road speed limit,Pedestrian action,Number of Lanes
Abu Dhabi,Khaldiya Police Station,2012,December,12-12-12,Abu Dhabi,Internal road,1.0012E+11,12,Second week,Traffic accident with injuries,Speedy without taking road conditions into account,1,Street Sultan Bin Zayed Al Awal (32),Street Sultan Bin Zayed Al Awal (32),Residential area,Single road,night - enough lights,clear,Dry,Half Perpendicular Intersection,Hitting a stationary object on the road,India,N,Driver,Driver's seat,Moderate,26,M,Male,26,18 to 30 years,Dec,Asian States,Wednesday,3:00,PM,18 to 30 years,1,Not Identified,Not Identified,41,"5256.                  After examining and inspecting the accident site, the following was noted: The vehicle causing the accident was taking the second lane from the right and heading from west to east, and the damaged vehicle was taking the far-right lane and heading from the north to the south. The front side of the damaged vehicle was on the left side of the vehicle that caused the accident, and this is how the accident occurred.",Manaseer area,No,40,None,1
Abu Dhabi,Khaldiya Police Station,2012,December,14-12-12,Abu Dhabi,Internal road,1.0012E+11,14,Second week,Traffic accident with injuries,Bypassing the red traffic light,1,IP135 IntersectionArabian Gulf - Al Saada,IP135 IntersectionArabian Gulf - Al Saada,Residential area,Intersection,night - enough lights,clear,Dry,Perpendicular Intersection,Perpendicular collision,India,Y,Driver,Driver's seat,Minor,46,M,Male,46,46 to 60 years,Dec,Asian States,Friday,0:55,PM,46 to 60 years,1,Mushrif,Block 79-2,134,"5257.                  After examining and inspecting the accident site, the following was noted: The vehicle causing the accident was taking the second lane from the right and heading from west to east, and the damaged vehicle was taking the far-right lane and heading from the north to the south. The front side of the damaged vehicle was on the left side of the vehicle that caused the accident, and this is how the accident occurred.",Saeed bin Tahnoun intersection,Yes,80,None,4
Abu Dhabi,Khaldiya Police Station,2012,December,14-12-12,Abu Dhabi,Internal road,1.0012E+11,14,Second week,Traffic accident with injuries,Bypassing the red traffic light,1,IP135 IntersectionArabian Gulf - Al Saada,IP135 IntersectionArabian Gulf - Al Saada,Residential area,Intersection,night - enough lights,clear,Dry,Perpendicular Intersection,Perpendicular collision,India,Y,Passenger,Front passenger seat,Moderate,46,F,Female,46,46 to 60 years,Dec,Asian States,Friday,0:55,PM,46 to 60 years,1,Mushrif,Block 79-2,134,"5258.                  After examining and inspecting the accident site, the following was noted: The vehicle causing the accident was taking the second lane from the right and heading from west to east, and the damaged vehicle was taking the far-right lane and heading from the north to the south. The front side of the damaged vehicle was on the left side of the vehicle that caused the accident, and this is how the accident occurred.",Saeed bin Tahnoun intersection,Yes,80,None,4
Abu Dhabi,Shaabiya Police Station,2012,December,14-12-12,Abu Dhabi,Internal road,1.0012E+11,14,Second week,Traffic accident with injuries,Bypassing the red traffic light,1,Rashed Bin Saeed Al-Maktoum Street (2),Rashed Bin Saeed Al-Maktoum Street (2),Residential area,Intersection,day,clear,Dry,Perpendicular Intersection,Perpendicular collision,India,N,Driver,Driver's seat,Moderate,35,M,Male,35,31 to 45 years,Dec,Asian States,Friday,14:32,PM,31 to 45 years,1,Hadbat Al Zafaran,Block 20-1,14,"5259.                  After examining and inspecting the accident site, the following was noted: The vehicle causing the accident was taking the second lane from the right and heading from west to east, and the damaged vehicle was taking the far-right lane and heading from the north to the south. The front side of the damaged vehicle was on the left side of the vehicle that caused the accident, and this is how the accident occurred.",Mushrif Mall intersection,No,80,None,
Abu Dhabi,Khaldiya Police Station,2012,December,15-12-12,Abu Dhabi,Internal road,1.0012E+11,15,Third week,Traffic accident with injuries,Misuse of traffic,1,Street Khalid bin Al Waleed(22),Street Khalid bin Al Waleed(22),Mosque,Double road,day,clear,Dry,Not on Intersection,Person run over,UAE,N,Pedestrian,No passenger,Minor,12,M,Male,12,8 to 17 years,Dec,UAE,Saturday,19:00,PM,Below 18 years,1,Markaziya (Gharb),Block 11-2,27,"5260.                  After examining and inspecting the accident site, the following was noted: The vehicle causing the accident was taking the second lane from the right and heading from west to east, and the damaged vehicle was taking the far-right lane and heading from the north to the south. The front side of the damaged vehicle was on the left side of the vehicle that caused the accident, and this is how the accident occurred.","Khalid Bin Al Waleed Street, inward",No,60,"Cross, there's no crosswalk",3
Abu Dhabi,Shaabiya Police Station,2012,December,17-12-12,Abu Dhabi,Internal road,1.0012E+11,17,Third week,Traffic accident with injuries,Misuse of traffic,1,Al Sharqi Street (Muroor) (4),Al Sharqi Street (Muroor) (4),Residential area,Car parking,day,clear,Dry,Not on Intersection,Person run over,Pakistan,N,Pedestrian,No passenger,Minor,46,M,Male,46,46 to 60 years,Dec,Asian States,Monday,15:10,PM,46 to 60 years,1,Hadbat Al Zafaran,Block 40-1,13,"5261.                  After examining and inspecting the accident site, the following was noted: The vehicle causing the accident was taking the second lane from the right and heading from west to east, and the damaged vehicle was taking the far-right lane and heading from the north to the south. The front side of the damaged vehicle was on the left side of the vehicle that caused the accident, and this is how the accident occurred.",Near the Traffic and Patrols Directorate,No,40,Stop,
Abu Dhabi,Khaldiya Police Station,2012,December,17-12-12,Abu Dhabi,Internal road,1.0012E+11,17,Third week,Traffic accident with injuries,Speedy without taking road conditions into account,1,Street Corniche(1),Street Corniche(1),Fuel Station,Highway,day,clear,Dry,Not on Intersection,Hitting a stationary object on the road,UAE,Y,Driver,Driver's seat,Moderate,19,F,Female,19,18 to 30 years,Dec,UAE,Monday,12:40,PM,18 to 30 years,1,Markaziya (Gharb),Block 11-2,29,"5262.                  After examining and inspecting the accident site, the following was noted: The vehicle causing the accident was taking the second lane from the right and heading from west to east, and the damaged vehicle was taking the far-right lane and heading from the north to the south. The front side of the damaged vehicle was on the left side of the vehicle that caused the accident, and this is how the accident occurred.",Corniche Street near ADNOC Fuel Oasis,Yes,60,None,3
Abu Dhabi,Khaldiya Police Station,2012,December,17-12-12,Abu Dhabi,Internal road,1.0012E+11,17,Third week,Traffic accident with injuries,Speedy without taking road conditions into account,1,Street Corniche(1),Street Corniche(1),Fuel Station,Highway,day,clear,Dry,Not on Intersection,Hitting a stationary object on the road,UAE,Y,Passenger,Front passenger seat,Moderate,20,F,Female,20,18 to 30 years,Dec,UAE,Monday,12:40,PM,18 to 30 years,1,Markaziya (Gharb),Block 11-2,29,"5263.                  After examining and inspecting the accident site, the following was noted: The vehicle causing the accident was taking the second lane from the right and heading from west to east, and the damaged vehicle was taking the far-right lane and heading from the north to the south. The front side of the damaged vehicle was on the left side of the vehicle that caused the accident, and this is how the accident occurred.",Corniche Street near ADNOC Fuel Oasis,Yes,60,None,3
Abu Dhabi,Khaldiya Police Station,2012,December,17-12-12,Abu Dhabi,Internal road,1.0012E+11,17,Third week,Traffic accident with injuries,Not giving priority to pedestrian crossing,1,Street Arabian Gulf(30),Street Arabian Gulf(30),Commercial area,Double road,night - enough lights,clear,Dry,Not on or around 20 meters,Person run over,Syria,N,Pedestrian,No passenger,Moderate,8,M,Male,8,8 to 17 years,Dec,Arab States,Monday,19:10,PM,Below 18 years,1,Khaldiya,Block 73-2,16,"5264.                  After examining and inspecting the accident site, the following was noted: The vehicle causing the accident was taking the second lane from the right and heading from west to east, and the damaged vehicle was taking the far-right lane and heading from the north to the south. The front side of the damaged vehicle was on the left side of the vehicle that caused the accident, and this is how the accident occurred.",Arabian Gulf Street between the intersection of Prestige and the National Bank of Abu Dhabi,No,60,Cross on crosswalk not in the intersection,3
Abu Dhabi,Khaldiya Police Station,2012,December,17-12-12,Abu Dhabi,Internal road,1.0012E+11,17,Third week,Traffic accident with injuries,Misuse of traffic,1,IP128 IntersectionMohamed Bin Khalifa - Street 32,IP128 IntersectionMohamed Bin Khalifa - Street 32,Residential area,Intersection,night - enough lights,clear,Dry,Perpendicular Intersection,Person run over,UAE,N,Pedestrian,No passenger,Moderate,54,M,Male,54,46 to 60 years,Dec,UAE,Monday,20:43,PM,46 to 60 years,1,Al Butain,Block 96-2,178,"5265.                  After examining and inspecting the accident site, the following was noted: The vehicle causing the accident was taking the right lane and was coming from the east towards the west, and the damaged vehicle was parked in the middle lane and in the same direction as it had a previous accident. Due to the driver causer of the accident drifting suddenly, the front of his car collided with the rear of the damaged car, and the accident resulted in bodily injuries and material damage to both vehicles. According to the plan, the accident occurred.",Sheikh Sultan Street with Street No. 17,No,60,Cross on the crosswalk of the intersection,3
Abu Dhabi,Shaabiya Police Station,2012,December,17-12-12,Abu Dhabi,Internal road,1.0012E+11,17,Third week,Traffic accident with injuries,under influence of intoxicant or narcotic drug,1,IP36 IntersectionSalam - Falah,IP36 IntersectionSalam - Falah,Commercial area,Intersection,night - enough lights,clear,Dry,Perpendicular Intersection,Rear collision,UAE,Y,Driver,Driver's seat,Minor,27,M,Male,27,18 to 30 years,Dec,UAE,Monday,20:50,PM,18 to 30 years,1,Madinat Zayed (Abu Dhabi),Block 54-1,150,"5266.                  After examining and inspecting the accident site, the following was noted: The vehicle causing the accident was taking the right lane and was coming from the east towards the west, and the damaged vehicle was parked in the middle lane and in the same direction as it had a previous accident. Due to the driver causer of the accident drifting suddenly, the front of his car collided with the rear of the damaged car, and the accident resulted in bodily injuries and material damage to both vehicles. According to the plan, the accident occurred.",Salam Street with Al Falah,Yes,60,None,4
Abu Dhabi,Shaabiya Police Station,2012,December,18-12-12,Abu Dhabi,Internal road,1.0012E+11,18,Third week,Traffic accident with injuries,Not giving way / not giving priority,1,IP44 IntersectionSalam - Hazaa Bin Zayed Al Awal,IP44 IntersectionSalam - Hazaa Bin Zayed Al Awal,Residential area,Bridge /  Tunnel,night - enough lights,clear,Dry,Multiple leg Intersection,Side collision,Egypt,Y,Driver,Driver's seat,Minor,22,M,Male,22,18 to 30 years,Dec,Arab States,Tuesday,1:39,PM,18 to 30 years,1,Dhafra (Abu Dhabi),Block 55-1,160,"5267.                  After examining and inspecting the accident site, the following was noted: The vehicle causing the accident was coming from the north towards the west and was taking the first lane from the right, and the damaged vehicle was coming from the east towards the west and was taking the second lane from the left. Because of the failure to clear the way for the coming driver from the left side of the driver causing the accident and drifting in front of the damaged vehicle, the front side of the damaged vehicle collided with the left side of the vehicle causing the accident, which led to the vehicle that caused the accident to deviate to the last lane and collide with the pavement. And so the accident happened",Al Reem Island Bridge exit,Yes,60,None,
Abu Dhabi,Shaabiya Police Station,2012,December,18-12-12,Abu Dhabi,Internal road,1.0012E+11,18,Third week,Traffic accident with injuries,Not giving way / not giving priority,1,IP44 IntersectionSalam - Hazaa Bin Zayed Al Awal,IP44 IntersectionSalam - Hazaa Bin Zayed Al Awal,Residential area,Bridge /  Tunnel,night - enough lights,clear,Dry,Multiple leg Intersection,Side collision,Egypt,N,Passenger,Front passenger seat,Minor,27,M,Male,27,18 to 30 years,Dec,Arab States,Tuesday,1:39,PM,18 to 30 years,1,Dhafra (Abu Dhabi),Block 55-1,160,"5268.                  After examining and inspecting the accident site, the following was noted: The vehicle causing the accident was coming from the north towards the west and was taking the first lane from the right, and the damaged vehicle was coming from the east towards the west and was taking the second lane from the left. Because of the failure to clear the way for the coming driver from the left side of the driver causing the accident and drifting in front of the damaged vehicle, the front side of the damaged vehicle collided with the left side of the vehicle causing the accident, which led to the vehicle that caused the accident to deviate to the last lane and collide with the pavement. And so the accident happened",Al Reem Island Bridge exit,No,60,None,
Abu Dhabi,Shaabiya Police Station,2012,December,18-12-12,Abu Dhabi,Internal road,1.0012E+11,18,Third week,Traffic accident with injuries,Not giving way / not giving priority,1,IP44 IntersectionSalam - Hazaa Bin Zayed Al Awal,IP44 IntersectionSalam - Hazaa Bin Zayed Al Awal,Residential area,Bridge /  Tunnel,night - enough lights,clear,Dry,Multiple leg Intersection,Side collision,Nepal,Y,Driver,Driver's seat,Moderate,37,M,Male,37,31 to 45 years,Dec,Other,Tuesday,1:39,PM,31 to 45 years,1,Dhafra (Abu Dhabi),Block 55-1,160,"5269.                  After examining and inspecting the accident site, the following was noted: The vehicle causing the accident was coming from the north towards the west and was taking the first lane from the right, and the damaged vehicle was coming from the east towards the west and was taking the second lane from the left. Because of the failure to clear the way for the coming driver from the left side of the driver causing the accident and drifting in front of the damaged vehicle, the front side of the damaged vehicle collided with the left side of the vehicle causing the accident, which led to the vehicle that caused the accident to deviate to the last lane and collide with the pavement. And so the accident happened",Al Reem Island Bridge exit,Yes,60,None,
Abu Dhabi,Al Madina Police Station,2012,December,20-12-12,Abu Dhabi,Internal road,1.0012E+11,20,Third week,Traffic accident with injuries,Bypassing the red traffic light,1,Street Khalifa Bin Zayed(3),Street Khalifa Bin Zayed(3),Commercial area,Intersection,day,clear,Dry,Half Perpendicular Intersection,Perpendicular collision,Syria,N,Passenger,Back passenger seat,Minor,4,M,Male,4,1 to 7 years,Dec,Arab States,Thursday,8:49,AM,Below 18 years,1,Not Identified,Not Identified,28,"5270.                  After examining and inspecting the accident site, the following was noted: The vehicle causing the accident was taking the far-left lane and was heading from the east and turning to the south side, and the damaged vehicle was taking the third lane from the right and heading from the west toward the east. Because of Bypassing the red traffic light By the vehicle causing the accident, the left front side of the causing vehicle collided with the left side of the damaged vehicle, causing the damaged vehicle to collide with the pavement and settle to the south. The accident resulted in material damage to the vehicles, injury to 5 people.","Sheikh Khalifa Street, Formerly Coast Guard intersection",No,60,None,
Abu Dhabi,Al Madina Police Station,2012,December,20-12-12,Abu Dhabi,Internal road,1.0012E+11,20,Third week,Traffic accident with injuries,Bypassing the red traffic light,1,Street Khalifa Bin Zayed(3),Street Khalifa Bin Zayed(3),Commercial area,Intersection,day,clear,Dry,Half Perpendicular Intersection,Perpendicular collision,Syria,N,Passenger,Front passenger seat,Minor,35,F,Female,35,31 to 45 years,Dec,Arab States,Thursday,8:49,AM,31 to 45 years,1,Not Identified,Not Identified,28,"5271.                  After examining and inspecting the accident site, the following was noted: The vehicle causing the accident was taking the far-left lane and was heading from the east and turning to the south side, and the damaged vehicle was taking the third lane from the right and heading from the west toward the east. Because of Bypassing the red traffic light By the vehicle causing the accident, the left front side of the causing vehicle collided with the left side of the damaged vehicle, causing the damaged vehicle to collide with the pavement and settle to the south. The accident resulted in material damage to the vehicles, injury to 5 people.","Sheikh Khalifa Street, Formerly Coast Guard intersection",No,60,None,
Abu Dhabi,Al Madina Police Station,2012,December,20-12-12,Abu Dhabi,Internal road,1.0012E+11,20,Third week,Traffic accident with injuries,Bypassing the red traffic light,1,Street Khalifa Bin Zayed(3),Street Khalifa Bin Zayed(3),Commercial area,Intersection,day,clear,Dry,Half Perpendicular Intersection,Perpendicular collision,Syria,Y,Driver,Driver's seat,Minor,43,M,Male,43,31 to 45 years,Dec,Arab States,Thursday,8:49,AM,31 to 45 years,1,Not Identified,Not Identified,28,"5272.                  After examining and inspecting the accident site, the following was noted: The vehicle causing the accident was taking the far-left lane and was heading from the east and turning to the south side, and the damaged vehicle was taking the third lane from the right and heading from the west toward the east. Because of Bypassing the red traffic light By the vehicle causing the accident, the left front side of the causing vehicle collided with the left side of the damaged vehicle, causing the damaged vehicle to collide with the pavement and settle to the south. The accident resulted in material damage to the vehicles, injury to 5 people.","Sheikh Khalifa Street, Formerly Coast Guard intersection",Yes,60,None,
Abu Dhabi,Al Madina Police Station,2012,December,20-12-12,Abu Dhabi,Internal road,1.0012E+11,20,Third week,Traffic accident with injuries,Bypassing the red traffic light,1,Street Khalifa Bin Zayed(3),Street Khalifa Bin Zayed(3),Commercial area,Intersection,day,clear,Dry,Half Perpendicular Intersection,Perpendicular collision,Syria,N,Passenger,Back passenger seat,Minor,8,F,Female,8,8 to 17 years,Dec,Arab States,Thursday,8:49,AM,Below 18 years,1,Not Identified,Not Identified,28,"5273.                  After examining and inspecting the accident site, the following was noted: The vehicle causing the accident was taking the far-left lane and was heading from the east and turning to the south side, and the damaged vehicle was taking the third lane from the right and heading from the west toward the east. Because of Bypassing the red traffic light By the vehicle causing the accident, the left front side of the causing vehicle collided with the left side of the damaged vehicle, causing the damaged vehicle to collide with the pavement and settle to the south. The accident resulted in material damage to the vehicles, injury to 5 people.","Sheikh Khalifa Street, Formerly Coast Guard intersection",No,60,None,
Abu Dhabi,Al Madina Police Station,2012,December,20-12-12,Abu Dhabi,Internal road,1.0012E+11,20,Third week,Traffic accident with injuries,Bypassing the red traffic light,1,Street Khalifa Bin Zayed(3),Street Khalifa Bin Zayed(3),Commercial area,Intersection,day,clear,Dry,Half Perpendicular Intersection,Perpendicular collision,Syria,N,Passenger,Back passenger seat,Minor,1,M,Male,1,1 to 7 years,Dec,Arab States,Thursday,8:49,AM,Below 18 years,1,Not Identified,Not Identified,28,"5274.                  After examining and inspecting the accident site, the following was noted: The vehicle causing the accident was taking the far-left lane and was heading from the east and turning to the south side, and the damaged vehicle was taking the third lane from the right and heading from the west toward the east. Because of Bypassing the red traffic light By the vehicle causing the accident, the left front side of the causing vehicle collided with the left side of the damaged vehicle, causing the damaged vehicle to collide with the pavement and settle to the south. The accident resulted in material damage to the vehicles, injury to 5 people.","Sheikh Khalifa Street, Formerly Coast Guard intersection",No,60,None,
Abu Dhabi,Al Madina Police Station,2012,December,20-12-12,Abu Dhabi,Internal road,1.0012E+11,20,Third week,Traffic accident with injuries,Entering main road without traffic clearance,1,Street Salam (8),Street Salam (8),Commercial area,Double road,day,clear,Dry,Half Perpendicular Intersection,Side collision,Bangladesh,N,Driver,Driver's seat,Death,55,M,Male,55,46 to 60 years,Dec,Asian States,Thursday,6:30,AM,46 to 60 years,1,Mina,Block 71-1,12,"5275.                  After examining and inspecting the accident site, the following was noted: The vehicle causing the accident was coming from the north towards the west and was taking the first lane from the right, and the damaged vehicle was coming from the east towards the west and was taking the second lane from the left. Because of the failure to clear the way for the coming driver from the left side of the driver causing the accident and drifting in front of the damaged vehicle, the front side of the damaged vehicle collided with the left side of the vehicle causing the accident, which led to the vehicle that caused the accident to deviate to the last lane and collide with the pavement. And so the accident happened","Al Salam Street, opposite to Porsche Agency, after Sheikh Zayed Tunnel, towards the Corniche",No,60,None,4
Abu Dhabi,Shaabiya Police Station,2012,December,20-12-12,Abu Dhabi,Internal road,1.0012E+11,20,Third week,Traffic accident with injuries,Not observing the stop sign,1,Al Sharqi Street (Muroor) (4),Al Sharqi Street (Muroor) (4),Residential area,Intersection,day,clear,Dry,Perpendicular Intersection,Reciprocal collision,Syria,Y,Driver,Driver's seat,Minor,24,F,Female,24,18 to 30 years,Dec,Arab States,Thursday,14:35,PM,18 to 30 years,1,Hadbat Al Zafaran,Block 40-1,13,"5276.                  After examining and inspecting the accident site, the following was noted: The vehicle causing the accident was coming from the north towards the west and was taking the first lane from the right, and the damaged vehicle was coming from the east towards the west and was taking the second lane from the left. Because of the failure to clear the way for the coming driver from the left side of the driver causing the accident and drifting in front of the damaged vehicle, the front side of the damaged vehicle collided with the left side of the vehicle causing the accident, which led to the vehicle that caused the accident to deviate to the last lane and collide with the pavement. And so the accident happened","Al Muroor / Zafarana Street, near the intersection of Al Zafarana Clinic",Yes,40,None,2
Abu Dhabi,Khaldiya Police Station,2012,December,21-12-12,Abu Dhabi,Internal road,1.0012E+11,21,Third week,Traffic accident with injuries,Bypassing the red traffic light,1,IP57Q IntersectionHazaa Bin Zayed - Arabian Gulf,IP57Q IntersectionHazaa Bin Zayed - Arabian Gulf,Fuel Station,Intersection,night - enough lights,clear,Dry,Perpendicular Intersection,Perpendicular collision,Ethiopia,Y,Passenger,Front passenger seat,Moderate,29,F,Female,29,18 to 30 years,Dec,Other,Friday,23:40,PM,18 to 30 years,1,Al Butain,Block 75-2,167,"5277.                  After examining and inspecting the accident site, the following was noted: While the vehicle causing the accident was coming from the west and turning at the same road (U-Turn) and the lane was on the far left and the first damaged vehicle was coming from the east and heading towards the west and taking the second lane from the left side and the second damaged vehicle was coming from the east to the west and taking the second lane from the right, and due to bypassing the red traffic light by the driver of the vehicle causing the accident, the front side of the first damaged vehicle hit the right side of the causing vehicle, and then the front side of the second damaged vehicle hit the rear of the first damaged vehicle. The accident resulted in material damage to the vehicles. The accident was drawn",The intersection of Arabian Gulf Street with Hazaa Street,Yes,60,None,3
Abu Dhabi,Khaldiya Police Station,2012,December,21-12-12,Abu Dhabi,Internal road,1.0012E+11,21,Third week,Traffic accident with injuries,Bypassing the red traffic light,1,IP57Q IntersectionHazaa Bin Zayed - Arabian Gulf,IP57Q IntersectionHazaa Bin Zayed - Arabian Gulf,Fuel Station,Intersection,night - enough lights,clear,Dry,Perpendicular Intersection,Perpendicular collision,Lebanon,Y,Passenger,Front passenger seat,Minor,29,F,Female,29,18 to 30 years,Dec,Arab States,Friday,23:40,PM,18 to 30 years,1,Al Butain,Block 75-2,167,"5278.                  After examining and inspecting the accident site, the following was noted: While the vehicle causing the accident was coming from the west and turning at the same road (U-Turn) and the lane was on the far left and the first damaged vehicle was coming from the east and heading towards the west and taking the second lane from the left side and the second damaged vehicle was coming from the east to the west and taking the second lane from the right, and due to bypassing the red traffic light by the driver of the vehicle causing the accident, the front side of the first damaged vehicle hit the right side of the causing vehicle, and then the front side of the second damaged vehicle hit the rear of the first damaged vehicle. The accident resulted in material damage to the vehicles. The accident was drawn",The intersection of Arabian Gulf Street with Hazaa Street,Yes,60,None,3
Abu Dhabi,Khaldiya Police Station,2012,December,21-12-12,Abu Dhabi,Internal road,1.0012E+11,21,Third week,Traffic accident with injuries,Bypassing the red traffic light,1,IP57Q IntersectionHazaa Bin Zayed - Arabian Gulf,IP57Q IntersectionHazaa Bin Zayed - Arabian Gulf,Fuel Station,Intersection,night - enough lights,clear,Dry,Perpendicular Intersection,Perpendicular collision,Ethiopia,Y,Passenger,Back passenger seat,Moderate,1,M,Male,1,1 to 7 years,Dec,Other,Friday,23:40,PM,Below 18 years,1,Al Butain,Block 75-2,167,"5279.                  After examining and inspecting the accident site, the following was noted: While the vehicle causing the accident was coming from the west and turning at the same road (U-Turn) and the lane was on the far left and the first damaged vehicle was coming from the east and heading towards the west and taking the second lane from the left side and the second damaged vehicle was coming from the east to the west and taking the second lane from the right, and due to bypassing the red traffic light by the driver of the vehicle causing the accident, the front side of the first damaged vehicle hit the right side of the causing vehicle, and then the front side of the second damaged vehicle hit the rear of the first damaged vehicle. The accident resulted in material damage to the vehicles. The accident was drawn",The intersection of Arabian Gulf Street with Hazaa Street,Yes,60,None,3
Abu Dhabi,Khaldiya Police Station,2012,December,22-12-12,Abu Dhabi,Internal road,1.0012E+11,22,Fourth week,Traffic accident with injuries,Bypassing the red traffic light,1,IP57Q IntersectionHazaa Bin Zayed - Arabian Gulf,IP57Q IntersectionHazaa Bin Zayed - Arabian Gulf,Fuel Station,Intersection,night - enough lights,clear,Dry,Perpendicular Intersection,Perpendicular collision,UAE,Y,Driver,Driver's seat,Minor,22,M,Male,22,18 to 30 years,Dec,UAE,Saturday,23:31,PM,18 to 30 years,1,Al Butain,Block 75-2,167,"5280.                  After examining and inspecting the accident site, the following was noted: The vehicle causing the accident was coming from the north towards the west and was taking the first lane from the right, and the damaged vehicle was coming from the east towards the west and was taking the second lane from the left. Because of the failure to clear the way for the coming driver from the left side of the driver causing the accident and drifting in front of the damaged vehicle, the front side of the damaged vehicle collided with the left side of the vehicle causing the accident, which led to the vehicle that caused the accident to deviate to the last lane and collide with the pavement. And so the accident happened",Hazaa Street with the Arabian Gulf Street,Yes,60,None,4
Abu Dhabi,Khaldiya Police Station,2012,December,24-12-12,Abu Dhabi,Internal road,1.0012E+11,24,Fourth week,Traffic accident with injuries,Not leaving enough space,1,IP58B IntersectionArabian Gulf - Delma,IP58B IntersectionArabian Gulf - Delma,Residential area,Intersection,day,clear,Dry,Perpendicular Intersection,Rear collision,Jordan,Y,Driver,Driver's seat,Moderate,31,M,Male,31,31 to 45 years,Dec,Arab States,Monday,7:20,AM,31 to 45 years,1,Rawdah,Block 56-2,172,"5281.                  After examining and inspecting the accident site, the following was noted: The vehicle causing the accident was taking the far-left lane and was heading from the east and turning to the south side, and the damaged vehicle was taking the third lane from the right and heading from the west toward the east. Because of Bypassing the red traffic light By the vehicle causing the accident, the left front side of the causing vehicle collided with the left side of the damaged vehicle, causing the damaged vehicle to collide with the pavement and settle to the south. The accident resulted in material damage to the vehicles, injury to 5 people.",Arabian Gulf Street before the intersection of Delma Street,Yes,60,None,4
Abu Dhabi,Shaabiya Police Station,2012,December,24-12-12,Abu Dhabi,Internal road,1.0012E+11,24,Fourth week,Traffic accident with injuries,Sudden deviation,1,Al Sharqi Street (Muroor) (4),Al Sharqi Street (Muroor) (4),Commercial area,Car parking,night - enough lights,clear,Dry,Not on Intersection,Hitting a stationary object on the road,Egypt,Y,Driver,Driver's seat,Moderate,35,F,Female,35,31 to 45 years,Dec,Arab States,Monday,19:30,PM,31 to 45 years,1,Hadbat Al Zafaran,Block 40-1,13,"5282.                  After examining and inspecting the accident site, the following was noted: The vehicle causing the accident was coming from the north towards the west and was taking the first lane from the right, and the damaged vehicle was coming from the east towards the west and was taking the second lane from the left. Because of the failure to clear the way for the coming driver from the left side of the driver causing the accident and drifting in front of the damaged vehicle, the front side of the damaged vehicle collided with the left side of the vehicle causing the accident, which led to the vehicle that caused the accident to deviate to the last lane and collide with the pavement. And so the accident happened",Parking of the Emirates Concorde Hotel,Yes,20,None,2
Abu Dhabi,Al Madina Police Station,2012,December,24-12-12,Abu Dhabi,Internal road,1.0012E+11,24,Fourth week,Traffic accident with injuries,Ignoring road lane,1,IP37A Street 10 (IntersectionPassenger terminal station),IP37A Street 10 (IntersectionPassenger terminal station),Residential area,Double road,day,clear,Dry,Not on Intersection,Side collision,India,N,Driver,Driver's seat,Moderate,46,M,Male,46,46 to 60 years,Dec,Asian States,Monday,7:30,AM,46 to 60 years,1,Mina,Block 94-1,149,"5283.                  After examining and inspecting the accident site, the following was noted: The vehicle causing the accident was taking the far-left lane and was heading from the east and turning to the south side, and the damaged vehicle was taking the third lane from the right and heading from the west toward the east. Because of Bypassing the red traffic light By the vehicle causing the accident, the left front side of the causing vehicle collided with the left side of the damaged vehicle, causing the damaged vehicle to collide with the pavement and settle to the south. The accident resulted in material damage to the vehicles, injury to 5 people.","Tourist club, passenger building",No,60,None,4
Abu Dhabi,Al Madina Police Station,2012,December,24-12-12,Abu Dhabi,Internal road,1.0012E+11,24,Fourth week,Traffic accident with injuries,Misuse of traffic,1,Street 10,Street 10,Commercial area,Highway,day,clear,Dry,Not on Intersection,Person run over,Ukraine,N,Pedestrian,No passenger,Minor,35,M,Male,35,31 to 45 years,Dec,Other,Monday,8:40,AM,31 to 45 years,1,Not Identified,Not Identified,43,"5284.                  After examining and inspecting the accident site, the following was noted: The vehicle causing the accident was coming from the north towards the west and was taking the first lane from the right, and the damaged vehicle was coming from the east towards the west and was taking the second lane from the left. Because of the failure to clear the way for the coming driver from the left side of the driver causing the accident and drifting in front of the damaged vehicle, the front side of the damaged vehicle collided with the left side of the vehicle causing the accident, which led to the vehicle that caused the accident to deviate to the last lane and collide with the pavement. And so the accident happened",Liwa Street,No,60,Stop,3